167.0;[ 6.65979513 26.12196919  6.20157466 27.55832724]
385.0;[14.65233566 18.35231589 22.97723569 15.55253964]
376.0;[ 8.90401505  5.63163686  2.42223806 22.15320889]
353.0;[13.23927669  4.74929603 26.39811094  8.22259386]
430.0;[12.42705057  8.88239798 18.86363727 17.39513431]
384.0;[17.9978759   7.97457353  8.54057642  7.60764617]
321.0;[ 9.82691843  4.32492902  4.96838584 28.91791587]
251.0;[28.80680146  5.65243967  0.72919685  6.13666639]
362.0;[20.99530842 23.38543757  0.68799277 17.32988574]
266.0;[ 0.04926518 15.46417836 19.19385528 29.56873208]
329.0;[ 7.77292789 24.07490656 26.11449261 27.68248842]
266.0;[ 0.06642638 14.08465115 29.44406213 11.96834412]
255.0;[24.41197433 16.39369494 23.12562261 14.54793225]
176.0;[0.87334691 2.59577065 3.34361437 7.53735335]
230.0;[28.94745878 18.95298158 24.49980608 16.98245988]
240.0;[19.06068617 24.35707174 27.80047846 27.37880291]
273.0;[24.74432161  2.82608197 10.83145255  1.06527095]
358.0;[16.39075046 23.88428163  1.53428409  5.66003207]
433.0;[10.96433304  7.32872601 23.85262419 10.56284807]
372.0;[19.16633046 14.80245156 17.50499231 28.17898056]
222.0;[28.30620246  3.35077282 25.30664898 10.38084455]
334.0;[ 3.02481819 11.50227198 15.31064392 28.83309246]
261.0;[11.14537846  0.37108235 25.79120661  3.33332249]
398.0;[14.35017132 25.49940097 15.44213901 13.39823484]
334.0;[24.01429262  0.61174135 17.17855946 12.34150847]
244.0;[29.55410393 24.04204591  1.61886306  5.7143332 ]
440.0;[13.57256537 21.08826231  9.96144449 10.79949586]
271.0;[27.64411698 28.60891517 12.23057186 26.95713465]
416.0;[ 9.90759756  2.48215707 15.80152696 19.82533173]
221.0;[26.78952883 28.95472641 23.09798031 22.77297355]
262.0;[21.30147142 21.04658498 23.01994143 29.23048437]
257.0;[11.21143552  2.49163329  7.18921319  6.6444828 ]
338.0;[10.9079939  24.30942696  1.8028851  13.49230674]
351.0;[24.39511582  7.92715124  1.90202946  7.26323017]
327.0;[ 2.55211385 24.23332306  5.10750227  5.86033877]
253.0;[24.43926035 24.30856588 17.68121635 27.4420302 ]
339.0;[ 1.7946491  28.94989921 17.12925651  9.07554338]
310.0;[24.77117479 19.78251841 29.59504324  3.22468601]
365.0;[17.42755583 14.18484465 19.56812358  7.25577162]
288.0;[ 0.9339019  16.32697058 10.94130536 26.76999826]
352.0;[13.78036784 12.559623   18.98716622 15.81536499]
366.0;[28.83633421 23.67030344 14.90086527  6.33423003]
267.0;[18.11952423 22.45727432 22.67591494 29.80512024]
346.0;[ 6.55493344 12.76912001 12.71548808  9.55939313]
399.0;[10.95999057 14.3382393  16.26271227  7.9569074 ]
201.0;[4.03091184 9.05658293 4.09440281 9.5310061 ]
288.0;[20.37548043 18.04023468 29.916764   16.82743769]
338.0;[16.46178591 19.2704862  21.80368112 18.47440619]
378.0;[17.65500195 18.1501294  10.64356382 23.32145984]
369.0;[18.13809943  9.27692314  7.36892996  2.13797952]
398.0;[14.65233566 25.49940097 15.44213901 13.39823484]
392.0;[14.35017132 19.10467354 22.97723569 15.55253964]
330.0;[ 8.90401505 14.3382393   2.42223806 22.15320889]
322.0;[10.95999057  5.63163686 16.26271227  7.9569074 ]
452.0;[ 9.90759756 21.08826231 15.80152696 10.79949586]
416.0;[13.57256537  2.48215707  9.96144449 19.82533173]
316.0;[17.9978759   7.32872601 23.85262419  7.60764617]
290.0;[10.96433304  7.97457353  8.54057642  9.5463474 ]
274.0;[17.65500195 18.1501294  18.86363727 17.39513431]
462.0;[12.42705057  8.88239798 10.64356382 23.32145984]
385.0;[14.65233566 18.35231589 22.97723569 15.55253964]
398.0;[14.35017132 25.49940097 15.44213901 13.39823484]
399.0;[10.95999057 14.3382393  16.26271227  7.9569074 ]
376.0;[ 8.90401505  5.63163686  2.42223806 22.15320889]
416.0;[ 9.90759756  2.48215707 15.80152696 19.82533173]
440.0;[13.57256537 21.08826231  9.96144449 10.79949586]
384.0;[17.9978759   7.97457353  8.54057642  7.60764617]
433.0;[10.96433304  7.32872601 23.85262419 10.56284807]
378.0;[17.65500195 18.1501294  10.64356382 23.32145984]
430.0;[12.42705057  8.88239798 18.86363727 17.39513431]
370.0;[ 9.90759756  2.48215707 15.44213901 13.39823484]
306.0;[14.35017132 25.49940097 15.80152696 19.82533173]
264.0;[12.42705057 25.49940097 15.44213901 23.32145984]
374.0;[14.65233566  8.88239798  9.30173808 13.39823484]
472.0;[ 9.90759756 21.08826231 23.85262419 12.25383817]
343.0;[10.96433304  7.32872601 15.80152696 10.56284807]
446.0;[10.95999057  8.88239798 18.86363727 17.39513431]
371.0;[13.1042404  14.3382393  16.26271227  7.9569074 ]
411.0;[13.67368007  2.48215707  9.96144449 18.10059736]
440.0;[13.57256537 21.08826231  9.96144449 10.79949586]
416.0;[ 9.90759756  2.48215707 15.80152696 19.82533173]
398.0;[14.35017132 25.49940097 15.44213901 13.39823484]
462.0;[12.42705057  8.88239798 10.64356382 23.32145984]
398.0;[14.65233566 25.49940097 15.44213901 13.39823484]
452.0;[ 9.90759756 21.08826231 15.80152696 10.79949586]
433.0;[10.96433304  7.32872601 23.85262419 10.56284807]
399.0;[10.95999057 14.3382393  16.26271227  7.9569074 ]
430.0;[12.42705057  8.88239798 18.86363727 17.39513431]
440.0;[13.57256537 21.08826231  9.96144449 10.79949586]
416.0;[13.57256537  2.48215707  9.96144449 19.82533173]
416.0;[14.76335326  2.48215707 15.80152696 19.82533173]
416.0;[ 9.90759756  2.48215707  9.96144449 19.82533173]
434.0;[13.57256537 21.08826231 15.80152696 10.79949586]
432.0;[ 9.90759756 21.08826231  9.96144449 10.79949586]
466.0;[10.33779281  8.88239798 23.85262419 17.39513431]
454.0;[ 9.90759756 21.08826231 18.86363727 12.25383817]
432.0;[10.96433304 21.08826231  9.96144449 10.87856181]
393.0;[13.57256537  7.32872601 23.85262419 10.56284807]
404.0;[12.42705057  8.88239798 10.64356382 17.39513431]
470.0;[12.42705057  8.88239798 18.86363727 23.32145984]
416.0;[ 9.90759756  2.48215707 15.80152696 19.82533173]
416.0;[13.57256537  2.48215707  9.96144449 19.82533173]
452.0;[ 9.90759756 21.08826231 15.80152696 10.79949586]
440.0;[13.57256537 21.08826231  9.96144449 10.79949586]
446.0;[10.95999057  8.88239798 18.86363727 17.39513431]
472.0;[ 9.90759756 21.08826231 23.85262419 12.25383817]
433.0;[10.96433304  7.32872601 23.85262419 10.56284807]
440.0;[13.57256537 21.08826231  9.96144449 10.79949586]
430.0;[12.42705057  8.88239798 18.86363727 17.39513431]
462.0;[12.42705057  8.88239798 10.64356382 23.32145984]
423.0;[10.33779281  7.6502281  25.1114453   8.91452969]
375.0;[ 9.90759756 21.08826231 15.80152696 17.39513431]
294.0;[13.57256537 21.08826231 10.64356382 23.32145984]
314.0;[12.42705057  8.88239798  9.96144449 10.79949586]
472.0;[ 9.90759756 21.08826231 23.85262419 12.25383817]
454.0;[ 9.27483068 21.08826231 18.86363727 12.25383817]
430.0;[12.42705057  8.88239798 18.86363727 17.39513431]
474.0;[10.95999057  8.88239798 18.86363727 23.32145984]
440.0;[13.57256537 21.08826231  9.96144449 10.79949586]
445.0;[15.0579689  21.08826231 15.14816074  9.07064225]
452.0;[ 9.90759756 21.08826231 15.80152696 10.79949586]
466.0;[10.33779281  8.88239798 23.85262419 17.39513431]
462.0;[12.42705057  8.88239798 10.64356382 23.32145984]
440.0;[13.57256537 21.08826231  9.96144449 10.79949586]
454.0;[ 9.90759756 21.08826231 18.86363727 12.25383817]
472.0;[ 9.90759756 21.08826231 23.85262419 12.25383817]
446.0;[10.95999057  8.88239798 18.86363727 17.39513431]
470.0;[12.42705057  8.88239798 18.86363727 23.32145984]
440.0;[13.57256537 21.08826231  9.96144449 10.79949586]
434.0;[13.57256537 21.08826231 15.80152696 10.79949586]
437.0;[10.95999057  9.79467735 18.86363727 17.39513431]
469.0;[ 9.90759756 21.08826231 23.85262419 13.35010677]
422.0;[12.42705057 21.08826231 17.40684674 12.25383817]
483.0;[ 9.90759756  8.88239798 18.86363727 22.75273013]
454.0;[ 9.90759756  9.97621205 23.85262419 12.25383817]
270.0;[11.44804632 21.08826231 10.64356382 23.32145984]
451.0;[ 9.13645409  8.88239798 23.85262419 10.79949586]
362.0;[10.33779281 21.08826231 15.80152696 17.39513431]
454.0;[ 9.27483068 21.08826231 18.86363727 12.25383817]
474.0;[10.95999057  8.88239798 18.86363727 23.32145984]
446.0;[10.95999057  8.88239798 18.86363727 17.39513431]
472.0;[ 9.90759756 21.08826231 23.85262419 12.25383817]
454.0;[ 9.90759756 21.08826231 18.86363727 12.25383817]
470.0;[12.42705057  8.88239798 18.86363727 23.32145984]
462.0;[12.42705057  8.88239798 10.64356382 23.32145984]
472.0;[ 9.90759756 21.08826231 23.85262419 12.25383817]
466.0;[10.33779281  8.88239798 23.85262419 17.39513431]
452.0;[ 9.90759756 21.08826231 15.80152696 10.79949586]
454.0;[ 9.27483068 21.08826231 18.86363727 12.25383817]
474.0;[10.95999057  8.88239798 18.86363727 23.32145984]
454.0;[ 9.90759756  9.97621205 23.85262419 12.25383817]
472.0;[ 9.24095507 21.08826231 23.85262419 12.25383817]
476.0;[ 9.29406998  8.88239798 18.86363727 23.32145984]
462.0;[12.42705057  8.88239798 10.64356382 23.32145984]
476.0;[ 9.90759756  8.88239798 18.86363727 23.04934889]
474.0;[12.42705057  8.88239798 18.86363727 22.75273013]
466.0;[10.95999057 21.08826231 23.85262419 12.25383817]
476.0;[ 9.90759756  8.88239798 18.86363727 23.32145984]
450.0;[10.33779281  8.88239798 23.85262419 13.35010677]
446.0;[10.10294031 21.08826231 23.85262419 17.39513431]
472.0;[ 9.90759756 21.08826231 23.85262419 12.25383817]
454.0;[ 9.90759756  9.97621205 23.85262419 12.25383817]
462.0;[12.42705057  8.88239798 10.64356382 23.32145984]
474.0;[10.95999057  8.88239798 18.86363727 23.32145984]
470.0;[12.42705057  8.88239798 18.86363727 23.32145984]
483.0;[ 9.90759756  8.88239798 18.86363727 22.75273013]
474.0;[10.95999057  8.88239798 18.86363727 23.32145984]
472.0;[ 9.90759756 21.08826231 23.85262419 12.25383817]
469.0;[ 9.90759756 21.08826231 23.85262419 13.35010677]
466.0;[10.33779281  8.88239798 23.85262419 17.39513431]
469.0;[ 9.90759756 21.08826231 23.85262419 13.97559368]
472.0;[ 9.24095507 21.85968611 23.85262419 12.25383817]
420.0;[10.95999057 21.08826231 23.85262419 23.32145984]
404.0;[ 9.90759756  8.88239798 18.86363727 10.91606345]
476.0;[ 9.90759756  8.88239798 18.86363727 23.04934889]
483.0;[ 9.90759756  8.88239798 18.86363727 22.75273013]
474.0;[12.42705057  8.88239798 18.86363727 22.75273013]
476.0;[ 9.90759756  8.88239798 18.86363727 23.32145984]
474.0;[10.95999057  8.88239798 18.86363727 23.32145984]
472.0;[11.14497697  8.88239798 18.86363727 23.32145984]
472.0;[ 9.90759756 21.08826231 23.85262419 12.25383817]
472.0;[ 9.24095507 21.08826231 23.85262419 12.25383817]
472.0;[ 9.90759756 21.08826231 23.85262419 12.25383817]
474.0;[10.95999057  8.88239798 18.86363727 23.32145984]
483.0;[ 9.90759756  8.88239798 18.86363727 22.75273013]
476.0;[ 9.90759756  8.88239798 18.86363727 23.04934889]
476.0;[ 9.90759756  8.88239798 18.86363727 23.32145984]
474.0;[12.42705057  8.88239798 18.86363727 22.75273013]
474.0;[10.95999057  8.88239798 18.86363727 23.32145984]
476.0;[ 9.29406998  8.88239798 18.86363727 23.32145984]
476.0;[ 9.90759756  8.88239798 18.86363727 23.32145984]
476.0;[ 9.90759756  8.88239798 18.86363727 23.04934889]
464.0;[ 9.90759756  8.88239798 17.86711599 24.53243076]
476.0;[ 9.90759756  8.88239798 18.86363727 23.04934889]
474.0;[10.95999057  8.88239798 18.86363727 23.32145984]
483.0;[ 9.90759756  8.88239798 18.86363727 22.75273013]
474.0;[12.42705057  8.54586967 18.86363727 22.87329281]
476.0;[ 9.90759756  8.88239798 18.86363727 23.32145984]
474.0;[10.95999057  8.88239798 18.86363727 23.32145984]
478.0;[ 9.29406998  8.88239798 19.96778152 23.32145984]
476.0;[ 9.90759756  8.88239798 18.86363727 23.32145984]
476.0;[ 9.90759756  8.88239798 18.86363727 23.04934889]
483.0;[ 9.90759756  8.88239798 18.86363727 22.75273013]
476.0;[ 9.90759756  8.88239798 18.86363727 23.04934889]
474.0;[10.95999057  8.88239798 18.86363727 23.32145984]
483.0;[ 9.90759756  8.88239798 18.86363727 22.75273013]
474.0;[12.42705057  8.88239798 18.86363727 22.75273013]
476.0;[ 9.90759756  8.88239798 18.86363727 23.32145984]
476.0;[ 9.29406998  8.88239798 18.86363727 23.32145984]
474.0;[10.95999057  8.88239798 18.86363727 23.32145984]
476.0;[ 9.90759756  8.88239798 18.86363727 23.04934889]
483.0;[ 9.90759756  8.88239798 18.86363727 22.75273013]
476.0;[ 9.90759756  8.88239798 18.93204996 23.32145984]
476.0;[ 9.93864347  8.88239798 18.86363727 23.32145984]
480.0;[10.37044739  8.88239798 18.1552415  22.75273013]
476.0;[ 9.90759756  8.88239798 18.86363727 23.32145984]
478.0;[ 9.90759756  8.88239798 19.96778152 23.32145984]
483.0;[ 9.11505239  8.88239798 18.86363727 22.75273013]
476.0;[ 9.90759756  8.88239798 18.86363727 23.04934889]
476.0;[ 9.90759756  8.88239798 18.86363727 23.04934889]
476.0;[ 9.90759756  8.88239798 18.86363727 23.04934889]
483.0;[ 9.90759756  8.88239798 18.86363727 22.75273013]
476.0;[ 9.90759756  8.88239798 18.86363727 23.32145984]
476.0;[ 9.90759756  8.88239798 18.86363727 23.32145984]
476.0;[ 9.90759756  8.88239798 18.86363727 23.32145984]
483.0;[ 9.90759756  8.88239798 18.86363727 22.75273013]
483.0;[ 9.90759756  8.88239798 18.86363727 22.75273013]
478.0;[ 9.29406998  8.88239798 19.96778152 23.32145984]
476.0;[ 9.90759756  8.88239798 18.86363727 23.04934889]
476.0;[ 9.90759756  8.88239798 18.86363727 23.04934889]
483.0;[ 9.90759756  8.88239798 18.86363727 22.49107025]
478.0;[ 9.90759756  8.88239798 19.96778152 23.32145984]
478.0;[ 9.29406998  8.88239798 19.96778152 23.32145984]
476.0;[ 9.90759756  8.01510244 18.93204996 23.32145984]
480.0;[10.44396051  8.88239798 18.86363727 22.75273013]
476.0;[ 9.90759756  8.88239798 18.86363727 23.04934889]
469.0;[ 9.90759756 10.19657022 18.86363727 22.75273013]
483.0;[ 9.90759756  8.88239798 18.86363727 22.75273013]
483.0;[ 9.11505239  8.88239798 18.86363727 22.75273013]
480.0;[10.37044739  8.88239798 18.1552415  22.75273013]
478.0;[ 9.90759756  8.88239798 19.96778152 23.32145984]
483.0;[ 9.90759756  8.88239798 18.86363727 22.75273013]
476.0;[ 9.90759756  8.88239798 18.93204996 23.32145984]
478.0;[ 9.29406998  8.88239798 19.96778152 23.32145984]
476.0;[ 9.90759756  8.88239798 18.86363727 23.04934889]
483.0;[ 9.90759756  8.88239798 18.86363727 22.75273013]
483.0;[ 9.90759756  8.88239798 18.86363727 22.75273013]
483.0;[ 9.90759756  8.88239798 18.86363727 22.75273013]
480.0;[10.37044739  8.88239798 18.1552415  22.75273013]
483.0;[ 9.11505239  8.88239798 18.86363727 22.75273013]
480.0;[ 9.90759756  8.88239798 17.10002045 22.49107025]
480.0;[ 9.90759756  8.88239798 17.93123797 22.76347487]
486.0;[ 9.90759756  8.88239798 19.92755964 22.75273013]
473.0;[10.37044739  9.15697328 18.86363727 22.75273013]
480.0;[10.44396051  8.88239798 18.86363727 22.75273013]
483.0;[ 9.11505239  8.88239798 18.86363727 22.75273013]
483.0;[ 9.90759756  8.88239798 18.86363727 22.75273013]
486.0;[ 8.76088606  8.88239798 18.86363727 22.75273013]
483.0;[ 9.90759756  8.88239798 18.86363727 22.75273013]
483.0;[ 9.11505239  8.88239798 18.86363727 22.75273013]
483.0;[ 9.90759756  8.88239798 18.86363727 22.75273013]
483.0;[ 9.90759756  8.88239798 18.86363727 22.49107025]
483.0;[ 9.90759756  8.88239798 18.86363727 22.75273013]
480.0;[10.37044739  8.88239798 18.1552415  22.75273013]
480.0;[10.44396051  8.88239798 18.86363727 22.75273013]
483.0;[ 9.11505239  8.88239798 18.86363727 22.75273013]
483.0;[ 9.90759756  8.88239798 18.86363727 22.75273013]
483.0;[ 9.90759756  8.88239798 18.86363727 22.75273013]
483.0;[ 9.90759756  8.88239798 18.86363727 22.75273013]
483.0;[ 9.11505239  8.88239798 18.86363727 22.75273013]
483.0;[ 9.11505239  8.88239798 18.86363727 22.75273013]
483.0;[ 9.90759756  8.88239798 18.86363727 22.49107025]
480.0;[ 9.90759756  8.88239798 17.71379143 22.75273013]
470.0;[ 8.76088606 10.75060421 18.86363727 23.93287039]
477.0;[ 9.11505239  9.7656125  18.86363727 22.75273013]
464.0;[11.68429047 10.46934624 19.92755964 22.75273013]
476.0;[ 9.90759756  8.88239798 18.86363727 23.09993152]
483.0;[ 9.11505239  8.88239798 18.98843118 22.75273013]
483.0;[ 9.90759756  8.88239798 18.86363727 22.75273013]
483.0;[ 9.90759756  8.88239798 18.86363727 22.75273013]
483.0;[ 9.90759756  8.88239798 18.86363727 22.49107025]
483.0;[ 9.11505239  8.88239798 18.86363727 22.75273013]
486.0;[ 8.76088606  8.88239798 18.86363727 22.75273013]
483.0;[ 9.90759756  8.88239798 18.86363727 22.75273013]
486.0;[ 9.90759756  8.88239798 19.92755964 22.75273013]
483.0;[ 9.11505239  8.88239798 18.86363727 22.75273013]
483.0;[ 9.11505239  8.88239798 18.86363727 22.75273013]
483.0;[ 9.90759756  8.88239798 18.86363727 22.75273013]
483.0;[ 9.90759756  8.88239798 18.86363727 22.75273013]
483.0;[ 9.90759756  8.88239798 18.86363727 22.75273013]
483.0;[ 9.11505239  8.88239798 18.86363727 22.7544194 ]
483.0;[ 9.90759756  8.88239798 18.86363727 22.49107025]
486.0;[ 8.76088606  8.88239798 18.86363727 22.75273013]
486.0;[ 9.90759756  8.88239798 19.45164841 22.75273013]
483.0;[ 9.90759756  8.88239798 18.86363727 22.75273013]
478.0;[ 9.11505239  7.68079593 18.86363727 22.75273013]
469.0;[ 9.90759756 10.27148897 18.86363727 22.75273013]
486.0;[ 8.59783894  8.88239798 18.34899157 22.75273013]
483.0;[ 9.11505239  8.88239798 18.86363727 22.75273013]
483.0;[ 9.90759756  8.88239798 18.98843118 22.49107025]
483.0;[ 9.11505239  8.88239798 18.86363727 22.75273013]
483.0;[ 9.90759756  8.88239798 18.86363727 22.49107025]
483.0;[ 9.90759756  8.88239798 18.86363727 22.75273013]
486.0;[ 8.76088606  8.88239798 18.86363727 22.75273013]
483.0;[ 9.90759756  8.88239798 18.86363727 22.75273013]
483.0;[ 9.11505239  8.88239798 18.86363727 22.75273013]
483.0;[ 9.90759756  8.88239798 18.86363727 22.75273013]
486.0;[ 9.90759756  8.88239798 19.92755964 22.75273013]
483.0;[ 9.90759756  8.88239798 18.86363727 22.49107025]
483.0;[ 9.11505239  8.88239798 18.98843118 22.75273013]
486.0;[ 8.76088606  8.88239798 18.86363727 22.7544194 ]
477.0;[ 9.11505239  8.88239798 16.92172531 22.75273013]
483.0;[ 9.11505239  8.88239798 18.86363727 22.49107025]
483.0;[ 9.90759756  8.88239798 18.98843118 22.75273013]
486.0;[ 8.59783894  8.88239798 18.34899157 22.75273013]
486.0;[ 9.90759756  8.88239798 19.45164841 22.75273013]
483.0;[ 9.90759756  8.88239798 18.86363727 22.75273013]
486.0;[ 8.76088606  8.88239798 18.86363727 22.49107025]
486.0;[ 9.90759756  8.88239798 19.92755964 22.48346179]
486.0;[ 9.90759756  8.88239798 18.86363727 21.13940156]
483.0;[ 9.11505239  8.88239798 18.86363727 22.7544194 ]
486.0;[ 8.76088606  8.88239798 18.86363727 22.75273013]
483.0;[ 9.90759756  8.88239798 18.98843118 22.49107025]
483.0;[ 9.11505239  8.88239798 18.86363727 22.75273013]
486.0;[ 8.59783894  8.88239798 18.34899157 22.75273013]
486.0;[ 9.90759756  8.88239798 19.45164841 22.75273013]
483.0;[ 9.90759756  8.88239798 18.86363727 22.49107025]
486.0;[ 8.76088606  8.88239798 18.86363727 22.75273013]
486.0;[ 9.90759756  8.88239798 19.92755964 22.75273013]
483.0;[ 9.90759756  8.88239798 18.86363727 22.75273013]
486.0;[ 8.76088606  8.88239798 18.86363727 22.75273013]
486.0;[ 8.59783894  8.88239798 18.34899157 22.75273013]
483.0;[ 9.26627007  8.88239798 18.63841488 22.75273013]
486.0;[ 9.90759756  8.88239798 19.45164841 22.7544194 ]
478.0;[ 9.90759756  8.88239798 19.92755964 23.32094519]
486.0;[ 8.76088606  8.88239798 18.86363727 22.70061978]
483.0;[ 9.90759756  8.88239798 18.86363727 22.49107025]
498.0;[ 8.76088606  8.88239798 20.77524089 21.13940156]
483.0;[ 9.90759756  8.88239798 18.34899157 22.75273013]
489.0;[ 8.59783894  8.88239798 19.45164841 22.75273013]
486.0;[ 8.76088606  8.88239798 18.86363727 22.75273013]
486.0;[ 8.59783894  8.88239798 18.34899157 22.75273013]
486.0;[ 8.76088606  8.88239798 18.86363727 22.7544194 ]
486.0;[ 9.90759756  8.88239798 19.45164841 22.75273013]
486.0;[ 9.90759756  8.88239798 19.92755964 22.48346179]
486.0;[ 8.76088606  8.88239798 18.86363727 22.75273013]
486.0;[ 8.76088606  8.88239798 18.86363727 22.49107025]
486.0;[ 9.90759756  8.88239798 18.86363727 21.13940156]
486.0;[ 8.59783894  8.88239798 18.34899157 22.75273013]
486.0;[ 9.90759756  8.88239798 19.45164841 22.75273013]
489.0;[ 8.76088606  8.88239798 20.77524089 22.7544194 ]
490.0;[ 9.90759756  8.88239798 19.45164841 21.13940156]
489.0;[ 8.59783894  8.88239798 19.45164841 22.75273013]
486.0;[ 9.90759756  8.88239798 19.45164841 22.75273013]
486.0;[ 8.76088606  8.88239798 18.86363727 22.70061978]
489.0;[ 8.76088606  8.88239798 20.56186951 22.75273013]
486.0;[ 8.59783894  8.88239798 18.34899157 22.75273013]
478.0;[ 8.59783894  8.88239798 18.34899157 23.46009953]
486.0;[ 8.76088606  8.88239798 18.86363727 22.7544194 ]
486.0;[ 8.76088606  8.88239798 18.86363727 22.75273013]
498.0;[ 8.76088606  8.88239798 20.77524089 21.13940156]
486.0;[ 9.90759756  8.88239798 19.45164841 22.7544194 ]
486.0;[ 9.90759756  8.88239798 19.45164841 22.75273013]
489.0;[ 8.59783894  8.88239798 19.45164841 22.75273013]
486.0;[ 8.76088606  8.88239798 18.86363727 22.70061978]
486.0;[ 8.76088606  8.88239798 18.86363727 22.75273013]
486.0;[ 8.59783894  8.88239798 18.34899157 22.75273013]
486.0;[ 8.59783894  8.88239798 18.34899157 22.75273013]
486.0;[ 8.76088606  8.88239798 18.86363727 22.7544194 ]
486.0;[ 8.76088606  8.88239798 18.86363727 22.75273013]
489.0;[ 8.76088606  8.88239798 20.77524089 22.7544194 ]
489.0;[ 8.76088606  8.88239798 20.56186951 22.75273013]
483.0;[ 9.90759756  8.88239798 18.34899157 22.75273013]
489.0;[ 8.59783894  8.88239798 19.45164841 22.75273013]
480.0;[ 7.96386661  8.88239798 18.63118466 22.75273013]
486.0;[ 8.59783894  8.88239798 18.86363727 22.7544194 ]
489.0;[ 8.76088606  8.88239798 19.45164841 22.70061978]
486.0;[ 9.90759756  8.88239798 18.86363727 21.13940156]
489.0;[ 8.59783894  8.88239798 19.45164841 22.75273013]
498.0;[ 8.76088606  8.88239798 20.77524089 21.13940156]
489.0;[ 8.76088606  8.88239798 20.77524089 22.7544194 ]
489.0;[ 8.76088606  8.88239798 20.56186951 22.75273013]
486.0;[ 8.59783894  8.88239798 18.34899157 22.75273013]
486.0;[ 9.90759756  8.88239798 19.45164841 22.75273013]
486.0;[ 8.76088606  8.88239798 18.86363727 22.7544194 ]
489.0;[ 8.59783894  8.88239798 19.45164841 22.75273013]
486.0;[ 8.76088606  8.88239798 18.86363727 22.70061978]
490.0;[ 9.90759756  8.88239798 19.45164841 21.13940156]
489.0;[ 8.59783894  8.88239798 19.45164841 22.75273013]
498.0;[ 8.76088606  8.88239798 20.77524089 21.13940156]
489.0;[ 8.76088606  8.88239798 20.77524089 22.7544194 ]
498.0;[ 8.76088606  8.88239798 20.77524089 21.13940156]
489.0;[ 8.76088606  8.88239798 19.45164841 22.75273013]
486.0;[10.00833969  8.88239798 20.56186951 22.75273013]
489.0;[ 9.90759756  8.88239798 20.56186951 22.75273013]
494.0;[ 8.76088606  8.88239798 19.45164841 21.13940156]
494.0;[ 8.76088606  8.88239798 19.45164841 21.13940156]
489.0;[ 8.76088606  8.88239798 20.77524089 22.70061978]
478.0;[ 8.59783894  8.88239798 20.77524089 23.78536707]
489.0;[ 8.76088606  8.88239798 19.45164841 22.75273013]
498.0;[ 8.76088606  8.88239798 20.77524089 21.13940156]
489.0;[ 8.76088606  8.88239798 20.77524089 22.7544194 ]
489.0;[ 8.59783894  8.88239798 19.45164841 22.75273013]
489.0;[ 8.76088606  8.88239798 20.56186951 22.75273013]
489.0;[ 8.76088606  8.88239798 20.56186951 22.75273013]
490.0;[ 9.90759756  8.88239798 19.45164841 21.13940156]
489.0;[ 8.76088606  8.88239798 19.45164841 22.70061978]
498.0;[ 8.76088606  8.88239798 20.77524089 21.13940156]
489.0;[ 8.59783894  8.88239798 19.45164841 22.75273013]
489.0;[ 8.76088606  8.88239798 20.77524089 22.7544194 ]
489.0;[ 8.76088606  8.88239798 20.77524089 22.70061978]
498.0;[ 8.06944876  8.88239798 20.77524089 21.13940156]
489.0;[ 8.76088606  8.38418085 21.9709725  22.75273013]
480.0;[ 9.90759756  7.75746294 20.56186951 22.7544194 ]
494.0;[ 8.76088606  8.88239798 19.45164841 21.13940156]
489.0;[ 8.76088606  8.88239798 20.48816157 22.75273013]
494.0;[ 8.76088606  8.88239798 19.45164841 21.13940156]
478.0;[ 8.76088606 10.36516702 20.77524089 23.01615949]
494.0;[ 8.76088606  8.88239798 19.45164841 21.13940156]
490.0;[ 9.90759756  8.88239798 19.45164841 21.19179969]
489.0;[ 8.76088606  8.88239798 20.77524089 22.70061978]
498.0;[ 8.76088606  8.88239798 20.77524089 21.13940156]
489.0;[ 9.90759756  8.88239798 20.56186951 22.75273013]
489.0;[ 8.76088606  8.88239798 20.77524089 22.7544194 ]
489.0;[ 8.76088606  8.88239798 19.45164841 22.75273013]
498.0;[ 8.76088606  8.88239798 20.77524089 21.13940156]
494.0;[ 8.76088606  8.88239798 19.45164841 21.13940156]
498.0;[ 8.76088606  8.88239798 20.77524089 21.13940156]
490.0;[ 9.90759756  8.88239798 19.45164841 21.13940156]
494.0;[ 8.76088606  8.88239798 19.45164841 21.13940156]
494.0;[ 8.76088606  8.88239798 19.45164841 21.13940156]
494.0;[ 8.76088606  8.88239798 19.45164841 21.13940156]
498.0;[ 8.76088606  8.88239798 20.77524089 21.13940156]
490.0;[ 8.76088606  8.88239798 18.93018854 21.13940156]
494.0;[ 8.76088606  8.98088087 19.45164841 21.13940156]
490.0;[ 9.90759756  8.88239798 19.45164841 21.19179969]
498.0;[ 8.06944876  8.88239798 20.77524089 21.13940156]
498.0;[ 8.76088606  8.88239798 20.77524089 21.13940156]
498.0;[ 8.76088606  8.88239798 20.77524089 21.13940156]
494.0;[ 8.76088606  8.88239798 19.45164841 21.13940156]
494.0;[ 8.76088606  8.88239798 19.45164841 21.13940156]
494.0;[ 8.76088606  8.88239798 19.45164841 21.13940156]
498.0;[ 8.76088606  8.88239798 20.77524089 21.13940156]
494.0;[ 8.76088606  8.88239798 19.45164841 21.13940156]
494.0;[ 8.76088606  8.88239798 19.45164841 21.13940156]
490.0;[ 9.90759756  8.88239798 19.45164841 21.19179969]
498.0;[ 8.76088606  8.88239798 20.77524089 21.13940156]
498.0;[ 8.06944876  8.88239798 20.77524089 21.13940156]
494.0;[ 8.76088606  8.88239798 19.45164841 21.13940156]
498.0;[ 8.76088606  8.88239798 20.77524089 21.13940156]
498.0;[ 8.76088606  8.88239798 20.77524089 21.13940156]
494.0;[ 8.06944876  8.88239798 19.45164841 21.13940156]
498.0;[ 8.76088606  8.88239798 20.77524089 21.13940156]
498.0;[ 8.76088606  8.88239798 20.77524089 21.13940156]
494.0;[ 8.76088606  8.88239798 19.45164841 21.13940156]
498.0;[ 8.76088606  8.08983554 20.77524089 21.13940156]
498.0;[ 8.76088606  8.88239798 20.77524089 21.3635404 ]
498.0;[ 8.76088606  8.88239798 20.77524089 21.13940156]
498.0;[ 8.06944876  8.88239798 20.77524089 21.13940156]
498.0;[ 8.76088606  8.88239798 21.75046155 21.13940156]
494.0;[ 8.76088606  8.88239798 19.45164841 21.13940156]
498.0;[ 8.06944876  8.88239798 20.77524089 21.13940156]
498.0;[ 8.76088606  8.88239798 20.77524089 21.13940156]
498.0;[ 8.76088606  8.88239798 20.77524089 21.13940156]
494.0;[ 8.76088606  8.88239798 19.45164841 21.13940156]
498.0;[ 8.76088606  8.88239798 20.77524089 21.13940156]
498.0;[ 8.76088606  8.88239798 20.77524089 21.13940156]
498.0;[ 8.76088606  8.88239798 20.77524089 21.13940156]
498.0;[ 8.06944876  8.88239798 20.77524089 21.13940156]
498.0;[ 8.76088606  8.88239798 20.77524089 21.13940156]
498.0;[ 8.76088606  8.08983554 20.77524089 21.13940156]
498.0;[ 8.06944876  8.88239798 20.77524089 21.13940156]
498.0;[ 8.06944876  8.88239798 21.99610232 21.13940156]
498.0;[ 8.76088606  8.88239798 20.62216378 21.13940156]
498.0;[ 8.76088606  8.88239798 20.77524089 21.3635404 ]
498.0;[ 8.76088606  8.88239798 20.77524089 21.13940156]
498.0;[ 8.76088606  8.88239798 20.77524089 21.13940156]
498.0;[ 8.76088606  8.88239798 20.77524089 21.13940156]
488.0;[ 8.76088606  8.88239798 20.77524089 19.99324442]
494.0;[ 8.76088606  8.88239798 21.75046155 19.74115953]
498.0;[ 8.76088606  8.08983554 20.77524089 21.13940156]
498.0;[ 8.06944876  8.88239798 20.77524089 21.13940156]
498.0;[ 8.06944876  8.88239798 20.77524089 21.13940156]
498.0;[ 8.76088606  8.88239798 20.77524089 21.13940156]
498.0;[ 8.76088606  8.88239798 20.77524089 21.3635404 ]
498.0;[ 8.76088606  8.88239798 20.77524089 21.13940156]
498.0;[ 8.76088606  8.88239798 20.77524089 21.13940156]
498.0;[ 8.76088606  8.88239798 20.77524089 21.13940156]
498.0;[ 8.76088606  8.88239798 20.77524089 21.13940156]
498.0;[ 8.76088606  8.88239798 21.75046155 21.13940156]
489.0;[ 8.76088606  8.88239798 22.37948011 21.13940156]
494.0;[ 8.76088606  8.88239798 21.6039395  19.99638064]
494.0;[ 9.37119864  8.08983554 20.77524089 21.13940156]
498.0;[ 8.76088606  8.08983554 20.77524089 21.13940156]
498.0;[ 8.06944876  8.88239798 20.77983558 21.13940156]
498.0;[ 8.76088606  8.88239798 20.77524089 21.13940156]
498.0;[ 8.06944876  8.88239798 20.77524089 21.13940156]
493.0;[ 8.76088606  9.87077207 20.62216378 21.13940156]
488.0;[ 8.06944876 10.2504618  20.77524089 21.3635404 ]
489.0;[ 8.76088606  8.88239798 22.16646992 21.13940156]
498.0;[ 8.76088606  8.88239798 20.77524089 21.13940156]
498.0;[ 8.76088606  8.88239798 20.77524089 21.13940156]
498.0;[ 8.76088606  8.08983554 20.77524089 21.13940156]
498.0;[ 8.76088606  8.08983554 20.77524089 21.13940156]
498.0;[ 8.06944876  8.88239798 21.99610232 21.13940156]
498.0;[ 8.76088606  8.88239798 20.77524089 21.13940156]
498.0;[ 8.76088606  8.88239798 20.62216378 21.13940156]
498.0;[ 8.06944876  8.88239798 20.77524089 21.13940156]
498.0;[ 8.76088606  8.88239798 20.77524089 21.3635404 ]
498.0;[ 8.06944876  8.88239798 20.77524089 21.13940156]
498.0;[ 8.76088606  8.88239798 21.99610232 21.13940156]
498.0;[ 8.06944876  8.08983554 20.77524089 21.13940156]
498.0;[ 8.76088606  8.08983554 20.77524089 21.13940156]
493.0;[ 8.76088606  8.08983554 20.77524089 20.60345078]
498.0;[ 8.76088606  8.88239798 20.77524089 21.13940156]
498.0;[ 8.06944876  8.88239798 20.77524089 21.13940156]
489.0;[ 8.76088606  8.88239798 20.77524089 22.2941923 ]
498.0;[ 8.06944876  8.88239798 20.77983558 21.13940156]
498.0;[ 8.76088606  8.88239798 20.77524089 21.13940156]
498.0;[ 8.76088606  8.88239798 20.77524089 21.13940156]
498.0;[ 8.06944876  8.88239798 21.99610232 21.13940156]
498.0;[ 8.76088606  8.08983554 20.77524089 21.13940156]
498.0;[ 8.76088606  8.08983554 20.77524089 21.13940156]
498.0;[ 8.76088606  8.08983554 20.77524089 21.13940156]
498.0;[ 8.06944876  8.88239798 20.77524089 21.13940156]
498.0;[ 8.76088606  8.88239798 20.77524089 21.13940156]
498.0;[ 8.76088606  8.88239798 20.77524089 21.13940156]
498.0;[ 8.06944876  8.88239798 20.77983558 21.13940156]
498.0;[ 8.76088606  8.88239798 20.77524089 21.13940156]
498.0;[ 8.76088606  8.88239798 20.77524089 21.13940156]
498.0;[ 8.76088606  8.88239798 20.77524089 21.13940156]
498.0;[ 8.76088606  8.08983554 20.77524089 21.13940156]
498.0;[ 8.76088606  8.88239798 20.77524089 21.13940156]
489.0;[ 8.06944876  8.08983554 21.99610232 22.78362631]
498.0;[ 8.76088606  8.88239798 20.77983558 21.13940156]
498.0;[ 8.06944876  8.88239798 20.77524089 21.13940156]
498.0;[ 8.06944876  8.88239798 21.99610232 21.13940156]
498.0;[ 8.76088606  8.88239798 20.77524089 21.13940156]
498.0;[ 8.06944876  8.88239798 20.77524089 21.13940156]
498.0;[ 8.76088606  8.08983554 20.77524089 21.13940156]
498.0;[ 8.76088606  8.08983554 20.77524089 21.13940156]
498.0;[ 8.76088606  8.88239798 20.77524089 21.13940156]
498.0;[ 8.76088606  8.08983554 20.77524089 21.13940156]
498.0;[ 8.06944876  8.88239798 21.99610232 21.13940156]
498.0;[ 8.06944876  8.88239798 20.77983558 21.13940156]
498.0;[ 8.76088606  8.88239798 20.77524089 21.13940156]
498.0;[ 8.76088606  8.88239798 21.99610232 21.13940156]
498.0;[ 8.06944876  8.88239798 20.77524089 21.13940156]
498.0;[ 8.76088606  8.88239798 20.77524089 21.13940156]
498.0;[ 8.06944876  8.08983554 20.77524089 21.13940156]
498.0;[ 8.06944876  8.88239798 20.77524089 21.13940156]
498.0;[ 8.76088606  8.08983554 20.77524089 21.13940156]
493.0;[ 8.06944876  8.88239798 20.77524089 20.33738189]
498.0;[ 8.76088606  8.88239798 20.77524089 21.13940156]
498.0;[ 8.06944876  8.88239798 20.77524089 21.13940156]
498.0;[ 8.76088606  8.08983554 21.99610232 21.13940156]
489.0;[ 8.76088606  8.88239798 20.77524089 22.25628988]
498.0;[ 8.18003206  8.88239798 20.77983558 21.13940156]
498.0;[ 8.76088606  8.88239798 20.77524089 21.03013442]
498.0;[ 8.76088606  8.08983554 20.77524089 21.13940156]
498.0;[ 8.76088606  8.08983554 20.77524089 21.13940156]
498.0;[ 8.06944876  8.88239798 20.77524089 21.13940156]
498.0;[ 8.76088606  8.88239798 20.77524089 21.13940156]
498.0;[ 8.06944876  8.88239798 20.77524089 21.13940156]
498.0;[ 8.76088606  8.08983554 20.77524089 21.13940156]
498.0;[ 8.06944876  8.88239798 21.99610232 21.13940156]
498.0;[ 8.76088606  8.88239798 20.77524089 21.13940156]
498.0;[ 8.76088606  8.88239798 20.77983558 21.13940156]
498.0;[ 8.76088606  8.88239798 20.77524089 21.13940156]
498.0;[ 8.76088606  8.08983554 20.77524089 21.13940156]
498.0;[ 8.76088606  8.02722589 20.77524089 21.13940156]
498.0;[ 8.76088606  8.08983554 21.99610232 21.13940156]
498.0;[ 8.76088606  8.88239798 20.77524089 21.13940156]
498.0;[ 8.76088606  8.08983554 20.77524089 21.13940156]
498.0;[ 8.18003206  8.88239798 20.77524089 21.03013442]
498.0;[ 8.76088606  8.88239798 20.77983558 21.13940156]
498.0;[ 8.06944876  8.88239798 20.77524089 21.13940156]
498.0;[ 8.76088606  8.08983554 20.87668514 21.13940156]
498.0;[ 8.06944876  8.88239798 20.77524089 21.13940156]
498.0;[ 8.06944876  8.88239798 20.77524089 21.13940156]
498.0;[ 8.76088606  8.08983554 20.77524089 21.13940156]
498.0;[ 8.76088606  8.08983554 21.99610232 21.13940156]
498.0;[ 8.76088606  8.08983554 20.77524089 21.13940156]
498.0;[ 8.76088606  8.88239798 20.77524089 21.13940156]
498.0;[ 8.76088606  8.88239798 20.77524089 21.03013442]
498.0;[ 8.18003206  8.88239798 20.77983558 21.13940156]
498.0;[ 8.06944876  8.88239798 20.77524089 21.13940156]
498.0;[ 8.76088606  8.08983554 20.77524089 21.13940156]
498.0;[ 8.06944876  8.88239798 20.77524089 21.13940156]
498.0;[ 8.06944876  8.88239798 20.77524089 21.13940156]
498.0;[ 8.76088606  8.08983554 20.77524089 21.13940156]
498.0;[ 8.76088606  8.02722589 20.77524089 21.13940156]
494.0;[ 8.06944876  8.88239798 19.78725963 21.13940156]
494.0;[ 9.50721796  8.88239798 20.77524089 21.13940156]
485.0;[ 7.51823312  8.08983554 20.87668514 19.96861939]
498.0;[ 8.18003206  8.88239798 20.77524089 21.03013442]
498.0;[ 8.76088606  8.88239798 20.77983558 21.13940156]
498.0;[ 8.76088606  8.88239798 20.77524089 21.13940156]
498.0;[ 8.76088606  8.08983554 21.99610232 21.13940156]
498.0;[ 8.06944876  8.88239798 20.77524089 21.13940156]
498.0;[ 8.76088606  8.08983554 20.77524089 21.13940156]
498.0;[ 8.76088606  8.02722589 20.77524089 21.13940156]
498.0;[ 8.06944876  8.88239798 20.77524089 21.13940156]
498.0;[ 8.06944876  8.88239798 20.77524089 21.13940156]
498.0;[ 8.18003206  8.88239798 20.77524089 21.03013442]
498.0;[ 8.76088606  8.08983554 20.87668514 21.13940156]
498.0;[ 8.76088606  8.88239798 20.77524089 21.13940156]
498.0;[ 8.76088606  8.88239798 20.77983558 21.13940156]
498.0;[ 8.06944876  8.88239798 20.77524089 21.13940156]
498.0;[ 8.76088606  8.08983554 21.99610232 21.13940156]
498.0;[ 8.18003206  8.88239798 20.77524089 21.13940156]
498.0;[ 8.76088606  8.02722589 20.77524089 21.03013442]
489.0;[ 8.76088606  7.76479137 21.43230062 21.13940156]
498.0;[ 8.76088606  8.88239798 20.77983558 21.13940156]
489.0;[ 8.06944876  8.88239798 22.74996194 21.13940156]
498.0;[ 8.76088606  8.08983554 20.77524089 21.13940156]
498.0;[ 8.76088606  9.94492624 21.99610232 21.13940156]
489.0;[ 8.76088606  7.87466635 20.77524089 21.13940156]
488.0;[ 8.06944876  8.02722589 20.77524089 19.57675022]
490.0;[ 8.76088606  8.88239798 18.93060848 21.13940156]
498.0;[ 8.76088606  8.02722589 20.77524089 21.13940156]
498.0;[ 8.18003206  8.88239798 20.77524089 21.03013442]
498.0;[ 8.76088606  8.88239798 20.77983558 21.13940156]
498.0;[ 8.76088606  8.08983554 20.77524089 21.13940156]
498.0;[ 8.76088606  8.08983554 20.77524089 21.13940156]
498.0;[ 8.06944876  8.88239798 20.77524089 21.13940156]
498.0;[ 8.76088606  8.88239798 20.77524089 21.13940156]
498.0;[ 8.76088606  8.08983554 21.99610232 21.13940156]
498.0;[ 8.76088606  8.02722589 20.77524089 21.13940156]
498.0;[ 8.06944876  8.88239798 20.77524089 21.13940156]
498.0;[ 8.18003206  8.88239798 20.77983558 21.13940156]
498.0;[ 8.76088606  8.88239798 20.77524089 21.13940156]
498.0;[ 8.76088606  8.08983554 20.77524089 21.13940156]
489.0;[ 8.76088606  7.27149358 20.36751991 21.13940156]
494.0;[ 8.76088606  8.02722589 19.65393211 21.13940156]
488.0;[ 8.76088606  8.08983554 20.77524089 19.41255603]
490.0;[ 8.76088606  8.88239798 18.98181771 21.03013442]
498.0;[ 8.18003206  8.08983554 20.77524089 21.13940156]
498.0;[ 8.76088606  9.94492624 21.99610232 21.13940156]
489.0;[ 8.76088606  8.02722589 20.77524089 22.97882796]
498.0;[ 8.76088606  8.88239798 20.77983558 21.13940156]
498.0;[ 8.18003206  8.88239798 20.77524089 21.13940156]
498.0;[ 8.76088606  8.08983554 20.77524089 21.13940156]
498.0;[ 8.76088606  8.88239798 20.77983558 21.13940156]
498.0;[ 8.76088606  8.02722589 20.77524089 21.03013442]
498.0;[ 8.76088606  8.08983554 20.77524089 21.13940156]
498.0;[ 8.18003206  8.88239798 20.77524089 21.03013442]
498.0;[ 8.76088606  8.08983554 20.77524089 21.13940156]
498.0;[ 8.76088606  8.02722589 20.77524089 21.13940156]
498.0;[ 8.76088606  9.94492624 21.99610232 21.13940156]
480.0;[ 8.18003206  7.51222148 20.77983558 22.85043315]
489.0;[ 8.18003206  8.88239798 19.38813522 22.04927159]
483.0;[ 8.76088606 11.38696877 20.77983558 21.13940156]
498.0;[ 9.83359709  8.88239798 21.99610232 21.13940156]
498.0;[ 8.76088606  8.08983554 20.77524089 21.13940156]
498.0;[ 8.76088606  8.08983554 20.77524089 21.13940156]
498.0;[ 8.76088606  8.02722589 20.77524089 21.13940156]
498.0;[ 8.76088606  8.88239798 20.77524089 21.03013442]
498.0;[ 8.18003206  8.43495971 20.77983558 21.13940156]
498.0;[ 8.76088606  8.88239798 20.77524089 21.13940156]
498.0;[ 8.18003206  8.88239798 20.77524089 21.13940156]
498.0;[ 8.18003206  8.88239798 20.77983558 21.13940156]
498.0;[ 8.76088606  8.88239798 20.77983558 21.13940156]
498.0;[ 8.76088606  9.94492624 21.99610232 21.13940156]
498.0;[ 8.76088606  8.08983554 20.77524089 21.13940156]
498.0;[ 8.76088606  8.08983554 20.77524089 21.13940156]
498.0;[ 8.76088606  8.88239798 20.77524089 21.13940156]
498.0;[ 8.76088606  8.02722589 20.77524089 21.03013442]
498.0;[ 8.76088606  8.88239798 20.77983558 21.13940156]
498.0;[ 8.18003206  8.08983554 20.77524089 21.13940156]
498.0;[ 8.18003206  8.88239798 20.77524089 21.13940156]
489.0;[ 7.41224619  8.08983554 20.77524089 21.13940156]
498.0;[ 8.76088606  8.88239798 20.77524089 21.03013442]
498.0;[ 8.76088606  8.88239798 20.77524089 21.13940156]
498.0;[ 8.76088606  8.02722589 20.77524089 21.13940156]
489.0;[ 8.97428547  8.08983554 22.11809381 21.13940156]
498.0;[ 8.18003206  8.88239798 20.77983558 21.13940156]
489.0;[ 7.71662295  8.88239798 20.77983558 21.13940156]
498.0;[ 9.83359709  8.88239798 21.99610232 21.13940156]
498.0;[ 8.18003206  8.43495971 20.77983558 21.13940156]
498.0;[ 8.18003206  8.88239798 20.77524089 21.13940156]
498.0;[ 8.76088606  8.08983554 20.77524089 21.13940156]
498.0;[ 8.76088606  8.88239798 20.77524089 21.03013442]
498.0;[ 8.76088606  8.88239798 20.77524089 21.13940156]
498.0;[ 8.76088606  8.02722589 20.77524089 21.13940156]
498.0;[ 8.76088606  8.08983554 20.77524089 21.13940156]
498.0;[ 8.76088606  8.88239798 20.77983558 21.13940156]
498.0;[ 8.18003206  8.88239798 20.77983558 21.13940156]
498.0;[ 8.18003206  8.43495971 20.77983558 21.13940156]
498.0;[ 9.83359709  8.88239798 21.99610232 21.13940156]
498.0;[ 8.18003206  8.88239798 20.77524089 21.13940156]
493.0;[ 8.65206953  8.88239798 20.77524089 20.74557138]
498.0;[ 8.76088606  8.88239798 20.77524089 21.13940156]
498.0;[ 8.76088606  8.08983554 20.77524089 21.03013442]
498.0;[ 8.76088606  8.02722589 20.77524089 21.13940156]
498.0;[ 9.83359709  8.88239798 21.99610232 21.13940156]
498.0;[ 8.18003206  8.88239798 20.77524089 21.03013442]
494.0;[ 8.76088606  8.88239798 19.37993433 21.13940156]
498.0;[ 8.18003206  8.88239798 20.77983558 21.13940156]
498.0;[ 8.18003206  8.43495971 21.67556256 21.13940156]
498.0;[ 8.76088606  8.88239798 20.77524089 21.13940156]
498.0;[ 8.18003206  8.88239798 20.77524089 21.13940156]
498.0;[ 8.76088606  8.88239798 20.77524089 21.03013442]
498.0;[ 8.76088606  8.08983554 20.77524089 21.13940156]
498.0;[ 8.76088606  8.02722589 20.77524089 21.13940156]
498.0;[ 9.83359709  8.88239798 21.99610232 21.13940156]
498.0;[ 8.76088606  8.88239798 20.77524089 21.03013442]
498.0;[ 8.18003206  8.88239798 20.77983558 21.13940156]
498.0;[ 8.18003206  8.88239798 20.77524089 21.13940156]
498.0;[ 8.18003206  8.43495971 20.77983558 21.13940156]
498.0;[ 8.76088606  8.02722589 20.77524089 21.13940156]
494.0;[ 9.7399424   8.88239798 20.77524089 21.13940156]
498.0;[ 9.83359709  8.88239798 21.99610232 21.13940156]
489.0;[ 8.76088606  8.08983554 20.96547158 22.04817137]
498.0;[ 8.18003206  8.88239798 21.67556256 21.13940156]
498.0;[ 8.18003206  8.43495971 20.77524089 21.13940156]
498.0;[ 8.76088606  8.88239798 20.77524089 21.13940156]
498.0;[ 8.18003206  8.67579488 20.77524089 21.03013442]
489.0;[ 8.18003206  7.54675634 21.61106498 21.13940156]
498.0;[ 8.18003206  8.88239798 20.77983558 21.13940156]
498.0;[ 8.76088606  8.02722589 20.77524089 21.13940156]
498.0;[ 8.76088606  8.88239798 20.77524089 21.13940156]
498.0;[ 8.76088606  8.08983554 20.77524089 21.03013442]
498.0;[ 9.83359709  8.88239798 21.99610232 21.13940156]
498.0;[ 8.18003206  8.88239798 20.77524089 21.13940156]
498.0;[ 8.18003206  8.43495971 21.67556256 21.13940156]
498.0;[ 8.76088606  8.88239798 20.77524089 21.13940156]
498.0;[ 8.18003206  8.88239798 20.77524089 21.03013442]
498.0;[ 8.18003206  8.88239798 20.77524089 21.13940156]
498.0;[ 8.18003206  8.88239798 20.77983558 21.13940156]
498.0;[ 8.76088606  8.88239798 20.77524089 21.13940156]
498.0;[ 8.18003206  8.51019183 21.67556256 21.03013442]
494.0;[ 9.83359709  8.88239798 20.77983558 21.13940156]
489.0;[ 8.18003206  8.88239798 22.61599964 21.13940156]
489.0;[ 8.18003206  8.88239798 20.77524089 22.95181641]
480.0;[ 8.76088606  7.84799288 20.77524089 22.08655738]
498.0;[ 8.76088606  8.88239798 20.77524089 21.03013442]
498.0;[ 8.46431222  8.67579488 20.77524089 21.13940156]
498.0;[ 8.76088606  8.02722589 20.77524089 21.13940156]
480.0;[ 8.76088606  8.02722589 22.38644836 22.07140027]
498.0;[ 8.18003206  8.88239798 21.67556256 21.13940156]
498.0;[ 8.76088606  8.08983554 20.77524089 21.03013442]
498.0;[ 9.83359709  8.88239798 21.99610232 21.13940156]
498.0;[ 8.18003206  8.88239798 20.77983558 21.13940156]
498.0;[ 8.76088606  8.88239798 20.77524089 21.13940156]
498.0;[ 8.18003206  8.43495971 20.77524089 21.13940156]
498.0;[ 8.18003206  8.67579488 20.77524089 21.03013442]
498.0;[ 8.76088606  8.88239798 20.77524089 21.13940156]
498.0;[ 8.76088606  8.02722589 20.77524089 21.13940156]
498.0;[ 8.76088606  8.02722589 20.77524089 21.13940156]
498.0;[ 8.76088606  8.88239798 20.77524089 21.13940156]
498.0;[ 8.76088606  8.08983554 20.77524089 21.03013442]
498.0;[ 8.46431222  8.88239798 21.87348259 21.13940156]
488.0;[ 8.18003206 10.3995136  20.77524089 21.13940156]
498.0;[ 9.83359709  8.88239798 21.99610232 21.03013442]
498.0;[ 8.18003206  8.51019183 21.67556256 21.65626944]
498.0;[ 8.76088606  8.88239798 20.77524089 21.13940156]
498.0;[ 8.76088606  8.02722589 20.77524089 21.03013442]
493.0;[ 8.18003206  8.88239798 20.77983558 20.21468993]
498.0;[ 8.76088606  8.88239798 20.20391393 21.13940156]
498.0;[ 8.76088606  8.08983554 20.77524089 21.03013442]
498.0;[ 8.76088606  8.88239798 20.77524089 21.13940156]
498.0;[ 8.18003206  8.88239798 21.67556256 21.13940156]
498.0;[ 8.46431222  8.67579488 20.77524089 21.13940156]
498.0;[ 9.83359709  8.88239798 21.99610232 21.13940156]
498.0;[ 8.18003206  8.51019183 21.67556256 21.03013442]
498.0;[ 8.76088606  8.88239798 20.77524089 21.03013442]
498.0;[ 8.76088606  8.02722589 20.77524089 21.13940156]
498.0;[ 8.76088606  8.88239798 20.77524089 21.13940156]
498.0;[ 8.18003206  8.88239798 20.77983558 21.13940156]
494.0;[ 9.83359709  8.88239798 20.20391393 21.13940156]
498.0;[ 8.76088606  8.88239798 21.99610232 21.03013442]
498.0;[ 8.76088606  8.51019183 21.67556256 21.65626944]
489.0;[ 7.72002517  8.08983554 20.77524089 21.03013442]
489.0;[ 7.29389993  8.88239798 20.77524089 21.13940156]
498.0;[ 8.76088606  8.88239798 21.87348259 21.13940156]
498.0;[ 8.76088606  8.88239798 20.77524089 21.13940156]
498.0;[ 8.76088606  8.02722589 20.77524089 21.03013442]
498.0;[ 8.76088606  8.88239798 20.77524089 21.13940156]
498.0;[ 8.76088606  8.08983554 20.77524089 21.03013442]
498.0;[ 9.83359709  8.88239798 21.99610232 21.03013442]
498.0;[ 8.76088606  8.88239798 20.20391393 21.13940156]
498.0;[ 8.18003206  8.51019183 21.67556256 21.65626944]
498.0;[ 8.76088606  8.08983554 20.77524089 21.03013442]
498.0;[ 8.46431222  8.88239798 21.87348259 21.13940156]
498.0;[ 8.76088606  8.88239798 20.77524089 21.13940156]
498.0;[ 8.76088606  8.88239798 20.77524089 21.13940156]
498.0;[ 8.76088606  8.02722589 20.77524089 21.03013442]
498.0;[ 8.76088606  8.08983554 20.77524089 21.03013442]
498.0;[ 8.76088606  8.88239798 20.77524089 21.13940156]
494.0;[ 8.76088606 10.04260676 21.67556256 21.65626944]
498.0;[ 8.76088606  8.51019183 21.99610232 21.03013442]
498.0;[ 8.76088606  8.88239798 21.99610232 21.13940156]
494.0;[ 9.83359709  8.88239798 20.20391393 21.03013442]
498.0;[ 8.18003206  8.02722589 20.77524089 21.03013442]
498.0;[ 8.76088606  8.72065072 21.67556256 21.65626944]
498.0;[ 8.76088606  8.88239798 20.77524089 21.13940156]
494.0;[ 9.26488044  8.88239798 20.77524089 21.13940156]
498.0;[ 8.76088606  8.88239798 21.87348259 21.03013442]
493.0;[ 8.76088606  9.85422168 20.77524089 21.13940156]
498.0;[ 8.76088606  8.88239798 21.99610232 21.03013442]
498.0;[ 8.76088606  8.51019183 21.67556256 21.65626944]
498.0;[ 8.76088606  8.88239798 20.20391393 21.13940156]
498.0;[ 9.83359709  8.88239798 21.99610232 21.03013442]
498.0;[ 8.18003206  8.51019183 21.67556256 21.65626944]
498.0;[ 8.76088606  8.02722589 20.77524089 21.03013442]
498.0;[ 8.76088606  8.88239798 20.77524089 21.13940156]
498.0;[ 8.76088606  8.88239798 20.77524089 21.13940156]
498.0;[ 8.76088606  8.08983554 20.77524089 21.03013442]
498.0;[ 8.76088606  8.88239798 21.87348259 21.13940156]
489.0;[ 8.18003206  8.72065072 21.67556256 22.29557613]
498.0;[ 8.76088606  8.02722589 20.77524089 21.03013442]
498.0;[ 8.76088606  8.88239798 20.77524089 21.13940156]
498.0;[ 8.76088606  8.88239798 21.99610232 21.13940156]
498.0;[ 8.76088606  8.51019183 21.99610232 21.03013442]
498.0;[ 8.76088606  8.88239798 21.99610232 21.03013442]
478.0;[ 8.76088606  6.62592123 21.67556256 21.03013442]
498.0;[ 9.83359709  8.88239798 21.99610232 21.65626944]
498.0;[ 8.76088606  8.88239798 20.20391393 21.03013442]
498.0;[ 8.76088606  8.88239798 21.87348259 21.13940156]
498.0;[ 8.76088606  8.72065072 21.67556256 21.65626944]
498.0;[ 8.18003206  8.02722589 20.77524089 21.03013442]
498.0;[ 8.76088606  8.88239798 21.99610232 21.13940156]
498.0;[ 8.76088606  8.88239798 20.77524089 21.13940156]
498.0;[ 8.76088606  8.51019183 21.99610232 21.03013442]
498.0;[ 8.76088606  8.88239798 21.99610232 21.03013442]
498.0;[ 8.76088606  8.51019183 21.67556256 21.65626944]
498.0;[ 9.83359709  8.88239798 21.99610232 21.03013442]
498.0;[ 8.76088606  8.88239798 20.20391393 21.13940156]
498.0;[ 8.76088606  8.88239798 21.87348259 21.03013442]
498.0;[ 8.76088606  8.88239798 21.87348259 21.13940156]
498.0;[ 8.76088606  8.88239798 21.99610232 21.03013442]
498.0;[ 8.76088606  8.88239798 20.77524089 21.03013442]
498.0;[ 8.76088606  8.02722589 21.99610232 21.13940156]
498.0;[ 8.76088606  8.02722589 20.77524089 21.03013442]
498.0;[ 8.18003206  8.88239798 20.77524089 21.13940156]
498.0;[ 8.76088606  8.72065072 21.99610232 21.65626944]
498.0;[ 9.83359709  8.88239798 21.67556256 21.65626944]
498.0;[ 8.76088606  8.51019183 20.20391393 21.03013442]
480.0;[ 8.76088606  7.25574856 22.96403579 21.03013442]
498.0;[ 8.76088606  8.88239798 21.87348259 21.13940156]
498.0;[ 8.76088606  8.88239798 21.99610232 21.03013442]
498.0;[ 8.76088606  8.88239798 21.99610232 21.13940156]
498.0;[ 8.76088606  8.02722589 20.77524089 21.03013442]
498.0;[ 8.18003206  8.02722589 20.77524089 21.03013442]
498.0;[ 8.76088606  8.88239798 20.77524089 21.13940156]
498.0;[ 8.76088606  8.72065072 21.67556256 21.65626944]
498.0;[ 9.83359709  8.88239798 21.99610232 21.65626944]
498.0;[ 8.76088606  8.51019183 21.99610232 21.03013442]
498.0;[ 8.76088606  8.88239798 20.20391393 21.03013442]
498.0;[ 8.76088606  8.51019183 21.99610232 21.03013442]
498.0;[ 8.76088606  8.72065072 20.20391393 21.70704865]
498.0;[ 8.76088606  8.88239798 20.77524089 21.03013442]
498.0;[ 8.45434703  9.36054132 21.67556256 21.65626944]
498.0;[ 8.18003206  8.02722589 20.77524089 21.03013442]
498.0;[ 8.76088606  8.88239798 20.77524089 21.13940156]
498.0;[ 8.76088606  8.88239798 21.87348259 21.13940156]
498.0;[ 8.76088606  8.88239798 21.99610232 21.03013442]
478.0;[ 8.76088606  6.12145009 21.99610232 21.13940156]
498.0;[ 8.76088606  8.88239798 21.87348259 21.13940156]
498.0;[ 8.76088606  8.72065072 21.99610232 21.65626944]
498.0;[ 8.76088606  8.51019183 20.20391393 21.03013442]
498.0;[ 9.83359709  8.88239798 21.67556256 21.65626944]
498.0;[ 8.76088606  8.88239798 20.77524089 21.03013442]
498.0;[ 8.18003206  8.88239798 20.77524089 21.13940156]
498.0;[ 8.76088606  8.02722589 20.77524089 21.03013442]
498.0;[ 8.76088606  8.88239798 21.87348259 21.13940156]
498.0;[ 8.76088606  8.88239798 21.99610232 21.03013442]
498.0;[ 8.76088606  8.02722589 21.99610232 21.13940156]
498.0;[ 8.76088606  8.88239798 21.87348259 21.13940156]
498.0;[ 8.45434703  9.36054132 21.87348259 21.65626944]
498.0;[ 8.76088606  8.88239798 21.67556256 21.13940156]
478.0;[ 6.94304815  9.53904655 21.87348259 21.70704865]
498.0;[ 8.76088606  8.88239798 20.20391393 21.13940156]
498.0;[ 8.18277309  8.14573445 20.77524089 21.03013442]
498.0;[ 8.76088606  8.88239798 20.77524089 21.13940156]
498.0;[ 8.76088606  8.88239798 21.99610232 21.03013442]
498.0;[ 8.18003206  8.02722589 20.77524089 21.03013442]
498.0;[ 8.76088606  8.64956345 21.99610232 21.92938902]
498.0;[ 8.76088606  8.51019183 21.99610232 21.65626944]
498.0;[ 8.45434703  9.36054132 21.67556256 21.65626944]
498.0;[ 8.76088606  8.88239798 21.87348259 21.13940156]
498.0;[ 8.76088606  8.72065072 20.20391393 21.70704865]
498.0;[ 8.76088606  8.88239798 21.87348259 21.13940156]
498.0;[ 8.76088606  8.88239798 20.77524089 21.03013442]
498.0;[ 8.76088606  8.88239798 20.77524089 21.13940156]
498.0;[ 8.76088606  8.88239798 21.99610232 21.03013442]
498.0;[ 8.18003206  8.02722589 20.77524089 21.03013442]
498.0;[ 8.76088606  8.51019183 21.99610232 21.03013442]
498.0;[ 8.76088606  8.72065072 21.99610232 21.65626944]
490.0;[10.08707621  8.02722589 20.77524089 21.65626944]
478.0;[ 8.76088606  8.51019183 23.88957253 21.03013442]
498.0;[ 8.76088606  8.88239798 20.75359889 21.13940156]
498.0;[ 8.76088606  8.88239798 21.67556256 21.13940156]
498.0;[ 8.45434703  9.36054132 21.67556256 21.65626944]
498.0;[ 8.45434703  9.36054132 21.87348259 21.65626944]
469.0;[ 8.76088606  8.88239798 23.12274282 22.98381386]
480.0;[ 8.76088606  7.07169138 21.99610232 22.18591414]
498.0;[ 8.18277309  8.14573445 20.77524089 21.13940156]
493.0;[ 8.76088606  8.88239798 20.77524089 20.34916724]
498.0;[ 8.76088606  8.51019183 21.99610232 21.65626944]
498.0;[ 8.18003206  8.02722589 20.77524089 21.03013442]
498.0;[ 8.76088606  8.88239798 21.67556256 21.13940156]
498.0;[ 8.76088606  8.88239798 20.20391393 21.13940156]
498.0;[ 8.45434703  9.36054132 21.67556256 21.65626944]
498.0;[ 8.45434703  9.36054132 21.87348259 21.65626944]
498.0;[ 8.76088606  8.88239798 21.99610232 21.03013442]
498.0;[ 8.76088606  8.64956345 21.99610232 21.92938902]
498.0;[ 8.18277309  8.14573445 20.77524089 21.03013442]
498.0;[ 8.76088606  8.88239798 20.77524089 21.13940156]
498.0;[ 8.76088606  8.51019183 21.99610232 21.65626944]
498.0;[ 8.76088606  8.88239798 20.33830262 21.13940156]
498.0;[ 8.18277309  8.88239798 20.77524089 21.13940156]
498.0;[ 8.76088606  8.14573445 21.67556256 21.13940156]
498.0;[ 8.18003206  8.02722589 20.77524089 21.03013442]
478.0;[ 8.16549995  8.64499889 23.45423157 21.65626944]
498.0;[ 8.45434703  9.36054132 21.67556256 21.65626944]
498.0;[ 8.76088606  8.88239798 20.75359889 21.13940156]
498.0;[ 8.45434703  8.88239798 21.87348259 21.13940156]
493.0;[ 8.76088606  9.36054132 20.20391393 21.65626944]
498.0;[ 8.76088606  8.51019183 21.99610232 21.65626944]
498.0;[ 8.76088606  8.88239798 21.67556256 21.13940156]
498.0;[ 8.18277309  8.14573445 20.77524089 21.13940156]
498.0;[ 8.76088606  8.88239798 21.67556256 21.13940156]
498.0;[ 8.45434703  9.36054132 21.67556256 21.65626944]
498.0;[ 8.18003206  8.02722589 20.77524089 21.03013442]
498.0;[ 8.45434703  9.36054132 21.67556256 21.65626944]
498.0;[ 8.76088606  8.88239798 20.75359889 21.13940156]
498.0;[ 8.45434703  9.36054132 21.87348259 21.65626944]
498.0;[ 8.76088606  8.88239798 20.20391393 21.13940156]
498.0;[ 8.76088606  8.88239798 20.33830262 21.13940156]
498.0;[ 8.76088606  8.51019183 21.99610232 21.65626944]
498.0;[ 8.18277309  8.88239798 20.77524089 21.04291105]
498.0;[ 8.76088606  8.14573445 21.67556256 21.13940156]
498.0;[ 8.76088606  8.88239798 20.77524089 21.13940156]
498.0;[ 8.85572123  8.80539807 21.67556256 21.03013442]
489.0;[ 8.76088606  8.51019183 21.67556256 22.85340128]
498.0;[ 8.45434703  9.36054132 21.99610232 21.65626944]
498.0;[ 8.76088606  8.88239798 21.87348259 21.13940156]
498.0;[ 8.45434703  8.88239798 20.609881   21.13940156]
498.0;[ 8.76088606  8.88239798 20.33830262 21.13940156]
498.0;[ 8.76088606  8.51019183 21.99610232 21.65626944]
498.0;[ 8.18277309  8.88239798 20.77524089 21.13940156]
498.0;[ 8.76088606  8.14573445 21.67556256 21.13940156]
498.0;[ 8.76088606  8.88239798 21.67556256 21.13940156]
498.0;[ 8.18003206  8.02722589 20.77524089 21.03013442]
498.0;[ 8.45434703  9.36054132 21.67556256 21.65626944]
498.0;[ 8.76088606  8.51019183 21.99610232 21.65626944]
498.0;[ 8.45434703  8.88239798 21.87348259 21.13940156]
498.0;[ 8.76088606  8.88239798 20.75359889 21.13940156]
498.0;[ 8.76088606  8.88239798 21.67556256 21.13940156]
498.0;[ 8.76088606  8.14573445 21.40701075 21.13940156]
498.0;[ 8.45434703  9.36054132 21.99610232 21.65626944]
498.0;[ 8.76088606  8.51019183 21.99610232 21.65626944]
493.0;[ 8.76088606  9.0535851  20.609881   21.13940156]
478.0;[ 6.72997016  8.88239798 21.08976094 21.13940156]
493.0;[ 8.18277309  8.88239798 20.33830262 20.94388509]
494.0;[ 9.4974913   8.88239798 20.77524089 21.13940156]
498.0;[ 8.76088606  8.88239798 20.77524089 21.03013442]
498.0;[ 8.85572123  8.80539807 21.67556256 21.13940156]
498.0;[ 8.76088606  8.14573445 21.67556256 21.13940156]
498.0;[ 8.76088606  8.88239798 21.87348259 21.13940156]
498.0;[ 8.45434703  9.36054132 21.99610232 21.65626944]
498.0;[ 8.76088606  8.51019183 21.99610232 21.65626944]
498.0;[ 8.76088606  8.88239798 20.33830262 21.13940156]
498.0;[ 8.45434703  8.88239798 20.609881   21.13940156]
498.0;[ 8.18277309  8.88239798 20.77524089 21.04291105]
498.0;[ 8.76088606  8.88239798 20.33830262 21.13940156]
498.0;[ 8.85572123  8.80539807 21.67556256 21.03013442]
498.0;[ 8.76088606  8.88239798 20.77524089 21.13940156]
489.0;[ 8.45434703  7.6422007  21.87348259 21.65626944]
489.0;[ 8.76088606  9.36054132 22.01261615 21.13940156]
498.0;[ 8.85572123  9.94611897 21.67556256 21.13940156]
469.0;[ 6.90903641  9.36054132 22.53131944 21.65626944]
498.0;[ 8.76088606  8.51019183 20.67827683 21.13940156]
498.0;[ 8.76088606  8.88239798 21.67556256 21.65626944]
498.0;[ 8.76088606  8.14573445 20.77524089 21.13940156]
498.0;[ 8.76088606  8.88239798 21.40701075 21.03013442]
498.0;[ 8.76088606  8.51019183 21.67556256 21.65626944]
498.0;[ 8.76088606  8.14573445 21.99610232 21.13940156]
498.0;[ 8.45434703  9.36054132 21.99610232 21.65626944]
498.0;[ 8.76088606  8.88239798 21.87348259 21.13940156]
498.0;[ 8.45434703  9.36054132 21.99610232 21.65626944]
498.0;[ 8.85572123  8.80539807 21.67556256 21.13940156]
498.0;[ 8.76088606  8.51019183 21.99610232 21.65626944]
498.0;[ 8.76088606  8.88239798 21.67556256 21.13940156]
498.0;[ 8.76088606  8.14573445 21.40701075 21.13940156]
498.0;[ 8.76088606  8.88239798 20.77524089 21.03013442]
498.0;[ 8.76088606  8.51019183 21.99610232 21.65626944]
498.0;[ 8.76088606  8.14573445 21.67556256 21.13940156]
498.0;[ 8.76088606  8.88239798 21.67556256 21.65626944]
498.0;[ 8.76088606  8.14573445 20.77524089 21.13940156]
488.0;[ 8.76088606  8.51019183 20.67827683 19.72500905]
498.0;[ 8.76088606  8.14573445 21.99610232 21.13940156]
498.0;[ 8.76088606  9.36054132 21.99610232 21.65626944]
498.0;[ 8.45434703  8.88239798 21.87348259 21.13940156]
498.0;[ 8.76088606  8.51019183 21.67556256 21.13940156]
498.0;[ 8.85572123  9.94611897 21.67556256 21.65626944]
498.0;[ 8.45434703  8.88239798 21.40701075 21.36348863]
478.0;[ 9.3874348   9.36054132 23.14546467 21.65626944]
498.0;[ 8.76088606  8.14573445 20.77524089 21.13940156]
498.0;[ 8.76088606  8.88239798 21.67556256 21.65626944]
498.0;[ 8.76088606  8.51019183 20.67827683 21.13940156]
498.0;[ 8.76088606  8.14573445 21.99610232 21.13940156]
498.0;[ 8.76088606  8.88239798 21.87348259 21.13940156]
498.0;[ 8.45434703  9.36054132 21.99610232 21.65626944]
498.0;[ 8.76088606  8.51019183 21.67556256 21.65626944]
498.0;[ 8.85572123  9.94611897 21.67556256 21.13940156]
498.0;[ 8.76088606  8.88239798 21.40701075 21.03013442]
498.0;[ 8.45434703  9.36054132 21.99610232 21.65626944]
490.0;[ 8.76088606 11.48319761 21.67556256 21.65626944]
498.0;[ 8.85572123  8.14573445 20.77524089 21.13940156]
498.0;[ 8.76088606  8.51019183 21.99610232 21.13940156]
498.0;[ 8.76088606  9.36054132 21.67556256 21.65626944]
498.0;[ 8.45434703  8.88239798 21.40701075 21.13940156]
498.0;[ 8.76088606  8.14573445 20.77524089 21.36348863]
498.0;[ 8.45434703  8.88239798 21.87348259 21.13940156]
498.0;[ 8.76088606  8.14573445 21.15850249 21.13940156]
498.0;[ 8.76088606  8.88239798 21.67556256 21.65626944]
498.0;[ 8.76088606  8.88239798 21.16408575 21.65626944]
498.0;[ 8.85572123  9.94611897 21.67556256 21.65626944]
498.0;[ 8.76088606  8.14573445 20.77524089 21.13940156]
498.0;[ 8.76088606  8.51019183 21.67556256 21.13940156]
498.0;[ 8.76088606  9.36054132 21.99610232 21.65626944]
498.0;[ 8.76088606  8.14573445 20.77524089 21.13940156]
498.0;[ 8.45434703  8.88239798 21.40701075 21.36348863]
498.0;[ 8.45434703  8.88239798 21.87348259 21.13940156]
498.0;[ 8.76088606  8.14573445 21.99610232 21.13940156]
498.0;[ 8.76088606  8.88239798 21.67556256 21.65626944]
498.0;[ 8.76088606  8.88239798 21.67556256 21.65626944]
489.0;[ 8.76088606  7.20428122 21.67556256 21.13940156]
498.0;[ 8.76088606  9.36054132 21.15850249 21.65626944]
498.0;[ 8.85572123  8.88239798 21.40701075 21.13940156]
498.0;[ 8.45434703  9.94611897 21.67556256 21.65626944]
498.0;[ 8.45434703  8.88239798 21.87348259 21.13940156]
498.0;[ 8.76088606  8.51019183 21.99610232 21.13940156]
498.0;[ 8.76088606  8.88239798 21.67556256 21.65626944]
489.0;[ 7.26523528 10.31145986 21.16408575 21.65626944]
498.0;[ 8.76088606  8.14573445 20.77524089 21.13940156]
498.0;[ 8.85572123  8.14573445 20.77524089 21.36348863]
498.0;[ 8.76088606  8.14573445 21.15850249 21.13940156]
498.0;[ 8.76088606  9.36054132 21.67556256 21.65626944]
498.0;[ 8.45434703  8.88239798 21.40701075 21.13940156]
498.0;[ 8.85572123  9.94611897 21.67556256 21.65626944]
498.0;[ 8.76088606  8.51019183 21.99610232 21.13940156]
498.0;[ 8.45434703  8.88239798 21.87348259 21.13940156]
498.0;[ 8.76088606  8.88239798 21.67556256 21.65626944]
498.0;[ 8.76088606  8.88239798 21.16408575 21.65626944]
498.0;[ 8.76088606  8.14573445 20.77524089 21.36348863]
498.0;[ 8.85572123  8.14573445 20.77524089 21.13940156]
498.0;[ 8.76088606  8.44427472 21.15850249 21.13940156]
498.0;[ 8.76088606  8.14573445 21.99610232 21.13940156]
498.0;[ 8.76088606  9.36054132 21.87348259 21.13940156]
498.0;[ 8.45434703  8.88239798 21.67556256 21.65626944]
498.0;[ 8.45434703  8.88239798 21.67556256 21.65626944]
478.0;[ 8.76088606  9.94611897 21.67556256 23.53896905]
498.0;[ 8.76088606  8.14573445 20.77524089 21.13940156]
498.0;[ 8.85572123  8.14573445 20.77524089 21.36348863]
489.0;[ 8.85572123  9.36054132 22.38728106 21.65626944]
494.0;[ 8.76088606  8.88239798 19.68908373 21.13940156]
498.0;[ 8.76088606  8.51019183 21.99610232 21.13940156]
498.0;[ 8.76088606  8.14573445 21.15850249 21.13940156]
498.0;[ 8.45434703  8.88239798 21.87348259 21.13940156]
498.0;[ 8.76088606  9.36054132 21.67556256 21.65626944]
498.0;[ 8.76088606  8.88239798 21.67556256 21.65626944]
498.0;[ 8.45434703  9.94611897 21.67556256 21.65626944]
498.0;[ 8.76088606  8.14573445 20.77524089 21.13940156]
498.0;[ 8.85572123  8.14573445 20.77524089 21.36348863]
498.0;[ 8.76088606  9.36054132 21.15850249 21.65626944]
498.0;[ 8.85572123  8.88239798 21.40701075 21.13940156]
498.0;[ 9.47873835  8.14573445 21.67556256 21.65626944]
498.0;[ 8.45434703  8.88239798 21.99610232 21.13940156]
498.0;[ 8.85572123  8.88239798 21.67556256 21.36348863]
498.0;[ 8.45434703  8.14573445 20.77524089 21.65626944]
489.0;[ 7.91543041  8.14573445 21.87348259 21.13940156]
498.0;[ 8.45434703  8.88239798 20.77524089 21.13940156]
498.0;[ 8.76088606  8.51019183 21.87348259 21.13940156]
498.0;[ 8.76088606  9.36054132 21.99610232 21.13940156]
498.0;[ 8.76088606  8.14573445 21.15850249 21.13940156]
498.0;[ 8.76088606  8.44427472 21.15850249 21.13940156]
498.0;[ 8.76088606  8.14573445 21.99610232 21.13940156]
498.0;[ 8.45434703  8.88239798 21.67556256 21.65626944]
498.0;[ 8.45434703  8.88239798 21.67556256 21.65626944]
498.0;[ 8.85572123  8.14573445 20.77524089 21.36348863]
498.0;[ 8.76088606  8.14573445 20.77524089 21.13940156]
498.0;[ 8.45434703  8.88239798 21.87348259 21.13940156]
498.0;[ 8.76088606  8.51019183 21.99610232 21.13940156]
498.0;[ 8.76088606  9.36054132 21.87348259 21.13940156]
498.0;[ 8.76088606  8.44427472 21.15850249 21.13940156]
498.0;[ 8.76088606  8.14573445 21.15850249 21.13940156]
498.0;[ 8.45434703  8.88239798 20.77524089 21.65626944]
498.0;[ 9.47873835  8.14573445 21.67556256 21.13940156]
498.0;[ 8.45434703  8.14573445 21.67556256 21.36348863]
498.0;[ 8.85572123  8.88239798 20.77524089 21.65626944]
498.0;[ 8.76088606  8.88239798 21.99610232 21.13940156]
498.0;[ 8.45434703  8.14573445 21.15850249 21.13940156]
498.0;[ 8.76088606  8.14573445 20.45192353 21.13940156]
498.0;[ 8.76088606  8.44427472 21.99610232 21.13940156]
490.0;[ 8.76088606  9.36054132 21.99610232 19.34314443]
498.0;[ 8.76088606  8.51019183 21.87348259 21.13940156]
498.0;[ 9.47873835  8.14573445 21.67556256 21.65626944]
498.0;[ 8.45434703  8.88239798 20.77524089 21.13940156]
498.0;[ 8.45434703  8.14573445 20.77524089 21.65626944]
498.0;[ 8.85572123  8.88239798 21.67556256 21.36348863]
498.0;[ 8.76088606  8.14573445 21.15850249 21.13940156]
498.0;[ 8.45434703  8.88239798 21.99610232 21.13940156]
498.0;[ 8.76088606  8.44427472 21.15850249 21.13940156]
498.0;[ 8.76088606  8.14573445 21.99610232 21.13940156]
498.0;[ 8.76088606  9.36054132 21.99610232 21.13940156]
498.0;[ 8.76088606  8.51019183 21.87348259 21.13940156]
498.0;[ 8.76088606  8.88239798 20.77524089 21.65626944]
498.0;[ 8.45434703  8.44427472 21.99610232 21.13940156]
498.0;[ 8.76088606  8.14573445 21.67556256 21.13940156]
498.0;[ 9.47873835  8.88239798 21.99610232 21.13940156]
478.0;[ 8.45434703  6.20125674 21.15850249 21.36348863]
498.0;[ 8.45434703  8.14573445 21.67556256 21.13940156]
490.0;[ 9.47873835  8.14573445 19.85148225 21.65626944]
498.0;[ 8.85572123  8.88239798 21.67556256 21.65626944]
498.0;[ 8.76088606  8.51019183 21.62932583 21.13940156]
498.0;[ 8.76088606  8.14573445 21.87348259 21.13940156]
498.0;[ 8.45434703  8.88239798 20.77524089 21.65626944]
498.0;[ 8.76088606  8.44427472 21.99610232 21.13940156]
498.0;[ 8.76088606  8.88239798 21.99610232 21.13940156]
498.0;[ 9.47873835  8.14573445 21.67556256 21.13940156]
498.0;[ 8.45434703  8.14573445 21.67556256 21.36348863]
498.0;[ 8.45434703  8.14573445 21.15850249 21.13940156]
498.0;[ 8.85572123  8.88239798 20.77524089 21.65626944]
498.0;[ 9.47873835  8.14573445 21.67556256 21.65626944]
498.0;[ 8.76088606  8.51019183 21.87348259 21.13940156]
498.0;[ 8.76088606  8.14573445 20.45192353 21.13940156]
498.0;[ 8.45434703  8.51019183 21.67556256 21.13940156]
498.0;[ 8.76088606  8.14573445 21.62932583 21.13940156]
489.0;[ 7.33744544  8.44427472 21.99610232 21.13940156]
498.0;[ 8.76088606  8.14573445 21.67556256 21.13940156]
498.0;[ 8.85572123  8.88239798 20.77524089 21.65626944]
498.0;[ 8.45434703  8.88239798 21.67556256 21.65626944]
489.0;[ 8.76088606  8.88239798 20.77524089 22.60902279]
498.0;[ 8.76088606  9.52751724 21.87348259 21.13940156]
478.0;[ 9.47873835  8.44427472 23.78828974 21.13940156]
498.0;[ 8.45434703  8.88239798 21.99610232 21.13940156]
498.0;[ 8.45434703  8.14573445 21.67556256 21.13940156]
498.0;[ 8.76088606  8.51019183 21.62932583 21.13940156]
498.0;[ 8.76088606  8.14573445 21.67556256 21.13940156]
498.0;[ 8.76088606  8.44427472 21.99610232 21.13940156]
498.0;[ 8.45434703  8.88239798 20.77524089 21.65626944]
498.0;[ 8.85572123  8.88239798 21.67556256 21.65626944]
498.0;[ 8.76088606  8.14573445 21.87348259 21.13940156]
498.0;[ 8.76088606  8.88239798 20.77524089 21.65626944]
498.0;[ 9.47873835  8.88239798 21.99610232 21.13940156]
498.0;[ 8.45434703  8.44427472 21.99610232 21.13940156]
498.0;[ 8.45434703  8.51019183 21.67556256 21.13940156]
498.0;[ 8.76088606  8.14573445 21.67556256 21.13940156]
498.0;[ 8.76088606  8.18459529 21.62932583 21.13940156]
498.0;[ 8.76088606  8.14573445 21.62932583 20.56610365]
498.0;[ 8.45434703  8.88239798 21.99610232 21.13940156]
498.0;[ 8.45434703  8.14573445 21.67556256 21.13940156]
498.0;[ 8.76088606  8.14573445 21.67556256 21.13940156]
498.0;[ 8.85572123  8.88239798 20.77524089 21.65626944]
489.0;[ 8.45434703  7.77435275 21.67556256 20.4076171 ]
498.0;[ 8.76088606  9.03946441 21.87348259 21.13940156]
498.0;[ 8.76088606  8.14573445 21.67556256 21.13940156]
498.0;[ 8.45434703  8.51019183 21.67556256 21.13940156]
498.0;[ 8.76088606  8.14573445 21.62932583 21.13940156]
498.0;[ 8.76088606  8.51019183 21.62932583 21.13940156]
498.0;[ 8.45434703  8.14573445 21.67556256 21.13940156]
498.0;[ 8.45434703  8.88239798 21.99610232 21.13940156]
498.0;[ 8.76088606  8.14573445 21.67556256 21.13940156]
498.0;[ 8.85572123  8.88239798 20.77524089 21.65626944]
498.0;[ 8.45434703  8.88239798 21.67556256 21.65626944]
498.0;[ 8.76088606  9.52751724 21.87348259 21.13940156]
498.0;[ 8.45434703  8.51019183 21.62932583 21.13940156]
498.0;[ 8.76088606  8.14573445 21.67556256 20.56610365]
498.0;[ 8.45434703  8.14573445 21.99610232 21.13940156]
498.0;[ 8.76088606  8.88239798 21.67556256 21.13940156]
498.0;[ 8.76088606  8.14573445 21.87348259 20.28604978]
489.0;[ 8.45434703  8.22949772 21.67556256 22.30471358]
498.0;[ 8.76088606  8.18459529 21.62932583 21.65626944]
489.0;[ 8.85572123  8.88239798 20.77524089 22.04202136]
498.0;[ 8.76088606  8.14573445 21.67556256 21.13940156]
498.0;[ 8.76088606  8.14573445 21.67556256 21.13940156]
498.0;[ 8.45434703  8.51019183 21.67556256 21.13940156]
498.0;[ 8.76088606  8.14573445 21.62932583 20.56610365]
498.0;[ 8.45434703  8.88239798 21.99610232 21.13940156]
498.0;[ 8.76088606  8.14573445 21.67556256 21.13940156]
498.0;[ 8.45434703  8.14573445 21.67556256 21.13940156]
498.0;[ 8.76088606  9.03946441 21.87348259 21.13940156]
498.0;[ 8.76088606  8.18459529 21.62932583 21.13940156]
498.0;[ 8.85572123  8.88239798 20.77524089 21.65626944]
498.0;[ 8.76088606  8.14573445 21.67556256 21.13940156]
498.0;[ 8.76088606  8.14573445 21.67556256 21.13940156]
493.0;[ 8.45434703  8.14573445 20.92941363 20.71074837]
498.0;[ 8.76088606  8.51019183 21.62932583 20.55254708]
498.0;[ 8.76088606  8.18459529 21.62932583 21.65626944]
498.0;[ 8.76088606  8.88239798 21.67556256 21.13940156]
498.0;[ 8.76088606  8.51019183 21.67556256 21.13940156]
493.0;[ 8.45434703  8.14573445 20.03321512 20.56610365]
498.0;[ 8.76088606  8.14573445 21.67556256 21.13940156]
498.0;[ 8.76088606  8.14573445 21.62932583 20.56610365]
498.0;[ 8.45434703  8.14573445 21.99610232 21.13940156]
498.0;[ 8.76088606  8.14573445 21.67556256 21.13940156]
498.0;[ 8.76088606  8.14573445 21.87348259 20.28604978]
498.0;[ 8.45434703  8.51019183 21.62932583 21.13940156]
498.0;[ 8.76088606  8.88239798 21.67556256 21.13940156]
498.0;[ 8.76088606  8.18459529 21.62932583 21.65626944]
498.0;[ 8.76088606  8.14573445 21.67556256 20.56610365]
498.0;[ 8.45434703  8.51019183 21.67556256 21.13940156]
498.0;[ 8.76088606  8.14573445 21.67556256 21.13940156]
498.0;[ 8.76088606  8.14573445 21.62932583 20.56610365]
498.0;[ 8.76088606  8.14573445 21.67556256 21.13940156]
498.0;[ 8.45434703  8.14573445 21.99610232 21.13940156]
498.0;[ 8.76088606  8.14573445 21.62932583 21.65626944]
498.0;[ 8.76088606  8.18459529 21.67556256 21.31632591]
489.0;[ 7.64129171  8.14573445 21.67556256 21.13940156]
494.0;[ 8.76088606  9.38853723 21.62932583 20.56610365]
498.0;[ 8.76088606  8.14573445 21.62932583 21.13940156]
494.0;[ 8.45434703  8.51019183 21.99610232 19.24728466]
498.0;[ 8.76088606  8.14573445 21.87348259 21.13940156]
498.0;[ 8.76088606  8.88239798 21.67556256 20.28604978]
478.0;[ 8.45434703  8.51019183 23.59631682 21.13940156]
498.0;[ 8.76088606  8.14573445 21.62932583 21.13940156]
498.0;[ 8.76088606  8.18459529 21.62932583 21.65626944]
498.0;[ 8.76088606  8.14573445 21.67556256 21.13940156]
498.0;[ 8.76088606  8.14573445 21.62932583 20.56610365]
498.0;[ 8.76088606  8.51019183 21.67556256 21.13940156]
498.0;[ 8.76088606  8.51019183 21.62932583 20.55254708]
498.0;[ 8.45434703  8.14573445 21.99610232 21.13940156]
498.0;[ 8.76088606  8.14573445 21.87348259 20.28604978]
498.0;[ 8.76088606  8.88239798 21.67556256 21.13940156]
498.0;[ 8.76088606  8.14573445 21.67556256 21.13940156]
498.0;[ 8.45434703  8.51019183 21.62932583 21.13940156]
478.0;[ 8.76088606  8.88239798 23.57824458 21.13940156]
498.0;[ 8.76088606  8.14573445 21.67556256 20.28604978]
498.0;[ 9.09230521  8.51019183 21.87348259 21.13940156]
498.0;[ 8.76088606  8.14573445 21.67556256 21.13940156]
498.0;[ 8.76088606  8.18459529 21.62932583 21.13940156]
498.0;[ 8.76088606  8.14573445 21.67556256 21.65626944]
498.0;[ 8.76088606  8.14573445 21.62932583 21.65626944]
498.0;[ 8.76088606  8.18459529 21.66944072 21.31632591]
498.0;[ 8.76088606  8.14573445 21.62932583 20.56610365]
498.0;[ 8.76088606  8.14573445 21.62932583 21.13940156]
498.0;[ 8.76088606  8.14573445 21.62932583 21.13940156]
498.0;[ 8.76088606  8.88239798 21.67556256 20.28604978]
498.0;[ 8.76088606  8.14573445 21.87348259 21.13940156]
498.0;[ 8.76088606  8.51019183 21.67556256 21.13940156]
498.0;[ 8.76088606  8.18459529 21.62932583 21.65626944]
498.0;[ 8.76088606  8.14573445 21.67556256 21.13940156]
498.0;[ 8.76088606  8.18459529 21.67556256 21.31632591]
498.0;[ 8.76088606  8.14573445 21.62932583 21.65626944]
498.0;[ 8.76088606  8.14573445 21.62932583 21.13940156]
498.0;[ 8.76088606  8.14573445 21.62932583 20.56610365]
478.0;[ 8.76088606  6.55559453 21.67556256 20.28604978]
498.0;[ 8.76088606  8.14573445 21.67556256 21.65626944]
498.0;[ 8.76088606  8.14573445 21.67556256 21.13940156]
498.0;[ 8.76088606  8.14573445 21.62932583 21.13940156]
489.0;[ 8.76088606  8.51019183 22.45190865 21.65626944]
498.0;[ 9.09230521  8.14573445 21.62932583 21.13940156]
498.0;[ 8.76088606  8.18459529 21.62932583 20.56610365]
478.0;[ 6.930282    8.14573445 21.62932583 21.13940156]
498.0;[ 8.76088606  8.14573445 21.66944072 21.13940156]
498.0;[ 8.76088606  8.18459529 21.62932583 21.31632591]
498.0;[ 8.76088606  8.14573445 21.67556256 21.65626944]
498.0;[ 8.76088606  8.14573445 21.67556256 20.28604978]
498.0;[ 8.76088606  8.14573445 21.67556256 21.13940156]
498.0;[ 8.76088606  8.14573445 21.62932583 21.13940156]
498.0;[ 9.09230521  8.51019183 21.87348259 21.13940156]
498.0;[ 8.76088606  8.14573445 21.62932583 21.65626944]
498.0;[ 8.76088606  8.14573445 21.62932583 20.56610365]
498.0;[ 8.76088606  8.18459529 21.62932583 21.13940156]
498.0;[ 8.76088606  8.14573445 21.62932583 21.13940156]
498.0;[ 8.76088606  8.18459529 21.66944072 21.31632591]
498.0;[ 8.76088606  8.14573445 21.95728292 20.56610365]
498.0;[ 8.76088606  8.18459529 21.67556256 21.13940156]
498.0;[ 8.76088606  8.14573445 21.62932583 21.13940156]
498.0;[ 8.76088606  8.14573445 21.67556256 20.28604978]
498.0;[ 8.76088606  8.14573445 21.67556256 21.65626944]
498.0;[ 8.76088606  8.14573445 21.67556256 21.65626944]
498.0;[ 8.96686384  8.18459529 21.66944072 21.31632591]
498.0;[ 8.76088606  8.14573445 21.62932583 21.13940156]
498.0;[ 9.09230521  8.14573445 21.62932583 21.13940156]
489.0;[ 8.76088606  8.14573445 22.97052351 21.13940156]
498.0;[ 8.76088606  8.18459529 21.62932583 20.56610365]
498.0;[ 8.76088606  8.14573445 21.67556256 21.13940156]
498.0;[ 8.76088606  8.14573445 21.62932583 21.13940156]
498.0;[ 8.76088606  8.14573445 21.67556256 20.28604978]
498.0;[ 8.76088606  8.14573445 21.67556256 21.65626944]
498.0;[ 8.76088606  8.14573445 21.67556256 21.65626944]
498.0;[ 8.76088606  8.18459529 21.62932583 21.31632591]
498.0;[ 8.76088606  8.14573445 21.66944072 21.13940156]
498.0;[ 8.76088606  8.14573445 21.67556256 21.13940156]
498.0;[ 9.09230521  8.14573445 21.62932583 21.13940156]
498.0;[ 8.76088606  8.18459529 21.67556256 21.13940156]
498.0;[ 8.76088606  8.14573445 21.62932583 21.13940156]
498.0;[ 8.76088606  8.14573445 21.95728292 21.31632591]
498.0;[ 8.96686384  8.18459529 21.75410385 20.56610365]
498.0;[ 8.76088606  8.14573445 21.62932583 21.13940156]
498.0;[ 8.76088606  8.14573445 21.67556256 21.65626944]
498.0;[ 9.09230521  8.9621671  21.67556256 21.13940156]
498.0;[ 8.76088606  8.14573445 21.62932583 21.65626944]
498.0;[ 8.76088606  8.14573445 21.62932583 20.28604978]
498.0;[ 8.76088606  8.18459529 21.67556256 20.56610365]
498.0;[ 8.76088606  8.18459529 21.67556256 21.13940156]
498.0;[ 8.76088606  8.14573445 21.62932583 21.13940156]
498.0;[ 8.76088606  8.14573445 21.95728292 20.56610365]
498.0;[ 8.96686384  8.18459529 21.66944072 21.31632591]
498.0;[ 8.76088606  8.14573445 21.62932583 21.13940156]
498.0;[ 8.76088606  8.14573445 21.67556256 21.65626944]
498.0;[ 9.09230521  8.14573445 21.62932583 21.13940156]
498.0;[ 8.76088606  8.14573445 21.67556256 21.65626944]
498.0;[ 8.76088606  8.18459529 21.62932583 20.56610365]
498.0;[ 8.76088606  8.14573445 21.67556256 20.28604978]
