376.0;[ 6.69873237 15.69490024 16.5210437   1.3680585 ]
376.0;[ 6.65695103 15.61182452 16.57766155  1.26717793]
376.0;[ 6.52804849 15.74412778 16.59676596  1.14057563]
376.0;[ 6.59484064 15.64166343 16.52185035  1.07862181]
376.0;[ 6.65382385 15.63094266 16.436369    1.06266969]
376.0;[ 6.54008748 15.75624876 16.45630289  1.05427548]
376.0;[ 6.48445741 15.61921348 16.53203637  1.0672562 ]
376.0;[ 6.56461453 15.70634811 16.40370278  1.11517095]
376.0;[ 6.43060433 15.76185545 16.38670807  1.10556979]
362.0;[ 6.47892214 15.81884544 16.31570692  0.95901347]
376.0;[ 6.51199267 15.85669815 16.27860055  1.12897181]
376.0;[ 6.46419495 15.77636279 16.18819368  1.06041905]
362.0;[ 6.60725078 15.69099149 16.1451159   0.91593903]
376.0;[ 6.49923203 15.69548441 16.2608992   1.08569411]
376.0;[ 6.4752631  15.75826026 16.40251286  1.17870584]
376.0;[ 6.45445965 15.89557884 16.26684029  1.24854038]
376.0;[ 6.50715959 15.90368039 16.28693652  1.31542396]
376.0;[ 6.56194059 15.99227419 16.17079018  1.22517275]
376.0;[ 6.62833636 15.96043439 16.1225458   1.12120646]
376.0;[ 6.50850856 15.93260852 16.14742044  1.19342261]
379.0;[ 6.61961682 16.07256637 16.1340899   1.16354951]
379.0;[ 6.55929871 16.17107439 16.25704225  1.24339051]
379.0;[ 6.42979314 16.20288235 16.38880709  1.12403331]
379.0;[ 6.573055   16.15988896 16.43506324  1.01086902]
379.0;[ 6.71146065 16.20524339 16.56606658  1.13351721]
379.0;[ 6.692563   16.33522168 16.62793176  1.0636582 ]
379.0;[ 6.59649292 16.38188769 16.7245401   1.18603086]
379.0;[ 6.63434563 16.28071945 16.65903396  1.21249359]
379.0;[ 6.51787046 16.21157613 16.50962928  1.3314626 ]
379.0;[ 6.6469687  16.16364632 16.48640359  1.38252151]
379.0;[ 6.68034027 16.21192322 16.48852243  1.42301348]
379.0;[ 6.56281265 16.34728343 16.34855189  1.30211617]
379.0;[ 6.66689668 16.38099406 16.40859733  1.31719421]
379.0;[ 6.7603171  16.42430868 16.31784048  1.39919101]
379.0;[ 6.71369837 16.52943175 16.27022992  1.540721  ]
379.0;[ 6.63072724 16.57095173 16.16143707  1.42954072]
379.0;[ 6.67610996 16.63617666 16.04128346  1.45279842]
379.0;[ 6.65046981 16.52673245 16.04656762  1.32221585]
379.0;[ 6.76993222 16.40506364 16.15542369  1.39375748]
379.0;[ 6.65428568 16.4178699  16.29646889  1.31788065]
379.0;[ 6.67631341 16.43828044 16.24891665  1.20319865]
379.0;[ 6.6896645  16.45863992 16.37327858  1.24111884]
379.0;[ 6.68835167 16.36427328 16.33991232  1.26293012]
379.0;[ 6.75653924 16.51059332 16.2474489   1.31482532]
379.0;[ 6.73113938 16.55154577 16.09924001  1.38481401]
379.0;[ 6.82854952 16.4152893  16.05614278  1.3009411 ]
379.0;[ 6.8732028  16.29121151 16.0078669   1.34851353]
377.0;[ 6.97232722 16.1978991  15.86225676  1.26489487]
379.0;[ 6.9572158  16.14243681 16.06484314  1.26145125]
388.0;[ 7.05583825 16.2348125  16.19729335  1.25986561]
388.0;[ 7.05021694 16.33025094 16.21523375  1.35954409]
388.0;[ 7.08357449 16.29170328 16.30219848  1.38388601]
388.0;[ 7.14311375 16.15962579 16.20897801  1.35334182]
388.0;[ 7.21422958 16.17529087 16.13118988  1.47619459]
388.0;[ 7.07179197 16.11249183 16.04137463  1.43562167]
386.0;[ 7.18718261 16.16832905 15.93329633  1.34188796]
377.0;[ 6.93378668 16.01979962 15.94506992  1.37924188]
386.0;[ 7.1096909  16.17769516 15.93059617  1.44798139]
388.0;[ 7.17248218 16.07161898 16.05950737  1.44239754]
386.0;[ 7.19299466 16.19247723 15.99245076  1.44275168]
384.0;[ 7.02248351 15.93426231 16.00417112  1.47009755]
388.0;[ 7.03075579 16.03823922 16.14095257  1.29403709]
388.0;[ 7.13049774 16.11148265 16.21056844  1.37878456]
388.0;[ 7.25777394 16.13524012 16.10631353  1.44282698]
388.0;[ 7.21556109 16.25523382 16.20850277  1.50425912]
388.0;[ 7.10348883 16.21923277 16.17778623  1.61253977]
388.0;[ 7.22607476 16.21692449 16.19435577  1.47560703]
388.0;[ 7.12659134 16.26035897 16.18419086  1.34614239]
388.0;[ 7.00764045 16.14076547 16.1319831   1.37419303]
388.0;[ 7.0993291  16.21297067 16.08181876  1.24609736]
379.0;[ 6.97032032 16.11061451 16.10603868  1.1854033 ]
388.0;[ 7.13699658 16.08564817 16.1263677   1.17969862]
388.0;[ 7.03164171 16.22400743 16.22847511  1.06345235]
388.0;[ 7.00133213 16.09539228 16.35935506  1.15860449]
388.0;[ 7.02491728 16.22467476 16.35376608  1.03867742]
379.0;[ 6.98556565 16.36309983 16.21153743  1.01313283]
362.0;[ 6.94864261 16.10360165 16.39014257  0.92914812]
379.0;[ 6.89275426 16.13609588 16.25475072  1.12376978]
373.0;[ 7.1644472  16.11400196 16.27576116  0.93812879]
388.0;[ 7.0493196  16.09452193 16.27896056  1.17582413]
388.0;[ 7.19768844 16.12086098 16.35615978  1.28100066]
388.0;[ 7.11867306 16.18548743 16.31365612  1.39694498]
388.0;[ 7.23718188 16.28646609 16.17621334  1.39612933]
388.0;[ 7.17773505 16.17980016 16.31034756  1.27675117]
388.0;[ 7.11156592 16.10996026 16.24540466  1.13922942]
388.0;[ 7.059802   16.25955082 16.27936472  1.08258604]
388.0;[ 7.0635036  16.35122195 16.4188692   1.14493644]
388.0;[ 7.06736415 16.26364737 16.3805815   1.19365005]
388.0;[ 7.09403053 16.34668748 16.25132042  1.28558105]
388.0;[ 7.10228711 16.3074241  16.12693417  1.35830966]
388.0;[ 7.07654934 16.23426935 16.26210426  1.4705842 ]
388.0;[ 7.0519875  16.30026859 16.28325707  1.39133692]
379.0;[ 6.92237495 16.30866911 16.18197666  1.46358161]
379.0;[ 6.94254951 16.25929487 16.27301432  1.50624794]
388.0;[ 7.10875557 16.26180715 16.21595075  1.51726856]
388.0;[ 7.02884636 16.33312922 16.10337447  1.43003447]
379.0;[ 6.98837349 16.45009937 16.14923058  1.56519661]
379.0;[ 6.89513293 16.34851872 16.04954863  1.44196527]
379.0;[ 6.97337536 16.30879997 16.19046545  1.30016007]
388.0;[ 7.11581836 16.41025069 16.13140174  1.3231074 ]
388.0;[ 7.18703262 16.34218278 16.18206561  1.30873097]
388.0;[ 7.25293833 16.40115542 16.12042439  1.29234909]
386.0;[ 7.20786514 16.27298341 15.99932043  1.24077436]
388.0;[ 7.16810358 16.32938704 16.10845456  1.34072698]
388.0;[ 7.15115555 16.32609331 16.14386227  1.48823319]
388.0;[ 7.11620474 16.45034703 16.05089802  1.41019963]
386.0;[ 7.19495267 16.40658577 15.91094368  1.29883415]
388.0;[ 7.17726857 16.43503175 16.0358617   1.51203272]
386.0;[ 7.23166723 16.36958307 15.90379226  1.45080344]
388.0;[ 7.24434453 16.45605437 16.08278994  1.65625512]
388.0;[ 7.36138796 16.55417786 16.06673375  1.62882074]
388.0;[ 7.42536149 16.51012928 16.16858225  1.59461411]
388.0;[ 7.40023892 16.5833747  16.25835766  1.47539321]
388.0;[ 7.35660652 16.72007632 16.20168061  1.48480977]
388.0;[ 7.45040773 16.84396317 16.12584802  1.44170431]
388.0;[ 7.3840121 16.9377253 16.0886206  1.3267363]
386.0;[ 7.44985422 16.97270351 15.96615146  1.2040823 ]
390.0;[ 7.53283806 17.00427906 16.06219717  1.22116576]
390.0;[ 7.47991673 17.0986953  16.04921942  1.31633286]
389.0;[ 7.52241661 17.15656673 15.97209008  1.18436692]
390.0;[ 7.35902654 17.16984595 16.03591733  1.21231319]
389.0;[ 7.3356583  17.20295664 15.98485109  1.34797534]
389.0;[ 7.29260322 17.29163089 15.9019595   1.29018261]
389.0;[ 7.22225957 17.21222486 15.98512699  1.29913719]
390.0;[ 7.47955714 17.31410045 16.09948351  1.18266981]
390.0;[ 7.5948147  17.23113721 16.03715046  1.10523118]
389.0;[ 7.6956343  17.37563348 15.914517    1.11661463]
389.0;[ 7.4907402  17.18431775 15.92508098  1.07284089]
390.0;[ 7.54454145 17.23358396 16.13361089  1.21119099]
390.0;[ 7.66405779 17.35563115 16.19295902  1.20448399]
390.0;[ 7.75954132 17.37935026 16.18953777  1.32485126]
390.0;[ 7.69514127 17.27656641 16.06198435  1.31852937]
390.0;[ 7.80836017 17.17845243 16.08876739  1.19974795]
390.0;[ 7.87463322 17.1459932  16.11609915  1.08057061]
389.0;[ 7.85557164 17.14263934 15.97066736  1.21810877]
390.0;[ 7.84501948 17.06010265 16.18174411  1.04040792]
373.0;[ 7.92273065 16.94903024 16.27733269  0.91533414]
390.0;[ 7.6964726  17.04788413 16.32361065  1.02908223]
390.0;[ 7.58900543 17.08584717 16.18521284  1.00464852]
373.0;[ 7.44518813 17.10155081 16.06991388  0.86133807]
373.0;[ 7.50168008 17.11589463 16.25149426  0.95167171]
390.0;[ 7.69082544 17.09431755 16.12128464  1.12541219]
390.0;[ 7.69259207 17.20985815 16.2141038   1.10023924]
390.0;[ 7.77394296 17.14934963 16.11843626  1.11875435]
373.0;[ 7.6645434  17.14968722 16.13662841  0.98576229]
390.0;[ 7.73106752 17.17718564 16.17301458  1.23086121]
390.0;[ 7.8217553  17.27151634 16.0561801   1.36486219]
390.0;[ 7.96861571 17.34124297 16.0932686   1.42248244]
397.0;[ 8.11448997 17.2556566  15.953273    1.54567285]
398.0;[ 8.06514881 17.25758606 16.10192653  1.69404481]
397.0;[ 8.09420277 17.11503488 15.97628241  1.69433334]
398.0;[ 8.03641067 17.36549822 16.12729847  1.59619679]
397.0;[ 8.04269318 17.27917219 15.97805465  1.60231488]
390.0;[ 7.93081333 17.42685778 16.04932442  1.51330943]
390.0;[ 7.96859454 17.36421292 16.22508836  1.55139956]
398.0;[ 8.02618311 17.458332   16.11433968  1.71669352]
398.0;[ 8.12259806 17.34793036 16.02897746  1.70885043]
397.0;[ 8.0254983  17.26042902 15.90277314  1.65122731]
390.0;[ 7.99955342 17.41446167 16.17820364  1.60250371]
390.0;[ 7.99322327 17.37444094 16.16367483  1.60093176]
397.0;[ 8.03422759 17.27424485 15.98395127  1.64523765]
398.0;[ 8.21392743 17.44233869 16.10788185  1.64761978]
397.0;[ 8.07063147 17.48357088 15.96344013  1.59039804]
398.0;[ 8.16857722 17.39477836 16.15432854  1.53534371]
398.0;[ 8.26062901 17.25549734 16.1858477   1.40852554]
398.0;[ 8.36101135 17.16582282 16.16097665  1.52250455]
398.0;[ 8.50054735 17.05301354 16.14931587  1.43025813]
395.0;[ 8.55801253 16.93335152 16.05213283  1.43674778]
395.0;[ 8.58331148 16.94020872 16.17120252  1.55830236]
395.0;[ 8.4192205  16.93363182 16.11173128  1.49505019]
398.0;[ 8.4411222  17.16845205 16.13313061  1.57241193]
398.0;[ 8.37609095 17.20914066 16.22281201  1.52987752]
398.0;[ 8.26006255 17.23049389 16.15771907  1.64853413]
398.0;[ 8.21163824 17.3042286  16.17984486  1.78446408]
398.0;[ 8.13086249 17.26378116 16.24532292  1.82749753]
398.0;[ 8.07445296 17.26543787 16.26097372  1.82962071]
398.0;[ 8.0402765  17.23871816 16.38736061  1.90698553]
412.0;[ 8.15367647 17.15037209 16.50958177  2.01335625]
412.0;[ 8.11703545 17.18800518 16.53671265  2.04609764]
412.0;[ 8.10861644 17.23649584 16.42637944  2.07444776]
398.0;[ 8.25031575 17.32176505 16.36945534  1.93660493]
412.0;[ 8.08166684 17.18848166 16.32324811  2.13905734]
405.0;[ 7.9417932  17.25520102 16.42350428  2.17309631]
412.0;[ 8.23005309 17.10958814 16.2049746   2.15094818]
412.0;[ 8.19366768 17.00113302 16.30257566  2.17546105]
407.0;[ 8.10004268 16.88228457 16.27867751  2.32315373]
412.0;[ 8.23264537 17.00079594 16.32081925  2.26848231]
407.0;[ 8.23704163 16.99331702 16.34175663  2.38532226]
407.0;[ 8.29570891 16.93903461 16.30603038  2.28780453]
412.0;[ 8.23161722 17.12138322 16.45891232  2.32897804]
412.0;[ 8.16342382 17.16194792 16.38255249  2.4320374 ]
412.0;[ 8.21084571 17.14653548 16.411985    2.31111601]
412.0;[ 8.21998244 17.18426254 16.35307189  2.17292522]
412.0;[ 8.1358829  17.157224   16.34397284  2.12676136]
412.0;[ 8.1357379  17.07525764 16.45543502  2.27481814]
405.0;[ 7.99327905 17.19686719 16.55467605  2.36514453]
412.0;[ 8.12103379 17.00102223 16.57580139  2.24834585]
407.0;[ 8.05621436 16.88012033 16.59804679  2.1687007 ]
405.0;[ 7.98226898 17.00438592 16.43922375  2.21929141]
412.0;[ 8.1787677  17.06643402 16.51956767  2.1253789 ]
398.0;[ 8.22094067 17.06064956 16.39670181  1.98810421]
412.0;[ 8.14077008 17.20075883 16.43359327  2.12211169]
398.0;[ 8.01042453 17.13139633 16.42394679  1.98549399]
412.0;[ 8.03609031 17.24333202 16.333086    2.14150151]
412.0;[ 8.05685087 17.31597298 16.32928126  2.09422288]
412.0;[ 8.0922169  17.30889357 16.43273234  2.10801142]
412.0;[ 8.14754935 17.3224859  16.33614625  2.17452423]
412.0;[ 8.29315533 17.17499754 16.20304814  2.21599789]
412.0;[ 8.16615438 17.12810564 16.27569809  2.21081043]
412.0;[ 8.11642786 17.27566217 16.24045968  2.33672564]
405.0;[ 7.9727157  17.21998656 16.35391958  2.26226016]
412.0;[ 8.25894914 17.368326   16.3355658   2.40197175]
412.0;[ 8.1391375  17.44407253 16.34463439  2.5123038 ]
412.0;[ 8.16382645 17.50332618 16.34621834  2.53130497]
412.0;[ 8.1814537  17.37973876 16.23992265  2.39697307]
412.0;[ 8.28498285 17.48367739 16.24276446  2.31891243]
412.0;[ 8.33126474 17.49078505 16.13632115  2.22227713]
412.0;[ 8.37840921 17.52328226 16.18550158  2.29736673]
412.0;[ 8.34963604 17.63576782 16.31333354  2.41491602]
412.0;[ 8.21120378 17.5103986  16.26604628  2.31013307]
412.0;[ 8.21700204 17.52931589 16.32352094  2.23243792]
412.0;[ 8.31531196 17.47748653 16.27288057  2.34056796]
412.0;[ 8.35606933 17.41098225 16.15828903  2.40008259]
412.0;[ 8.36481629 17.3585165  16.24952394  2.33081327]
412.0;[ 8.46244843 17.24492175 16.18053089  2.23829839]
412.0;[ 8.52083895 17.27460977 16.14188806  2.26556249]
412.0;[ 8.65710812 17.37165834 16.05535693  2.16505749]
410.0;[ 8.51847529 17.23090058 15.99635635  2.14719469]
410.0;[ 8.7973452  17.43536766 15.99806142  2.30602183]
412.0;[ 8.59029255 17.34591454 16.03711741  2.26326235]
412.0;[ 8.59979828 17.41477883 16.17108279  2.12105799]
412.0;[ 8.70028268 17.31260368 16.22480662  2.12113903]
412.0;[ 8.63146758 17.3639569  16.32350221  2.15029057]
412.0;[ 8.6960463  17.2250082  16.45356395  2.22904293]
412.0;[ 8.81996816 17.22874231 16.33812742  2.20107372]
412.0;[ 8.88435808 17.1082931  16.46852925  2.32316068]
412.0;[ 8.8260879  17.241827   16.4896821   2.28997144]
412.0;[ 8.75171523 17.13013881 16.5575222   2.20863091]
412.0;[ 8.86285917 17.08012521 16.69019852  2.27841118]
412.0;[ 8.77282934 17.0487591  16.8195555   2.36004172]
412.0;[ 8.77305845 17.15843227 16.85036604  2.37781394]
412.0;[ 8.82124055 17.06795652 16.73447981  2.34555139]
407.0;[ 8.88635    16.9738075  16.88226197  2.42422387]
412.0;[ 8.79104921 17.12778132 16.86347759  2.49537921]
412.0;[ 8.67208432 17.0436144  16.91686061  2.41809034]
412.0;[ 8.53737103 17.09762441 16.83716429  2.31836836]
412.0;[ 8.49497102 17.09765272 16.76388153  2.40450239]
412.0;[ 8.41686491 17.2340537  16.63966515  2.33833709]
412.0;[ 8.45576894 17.16002266 16.58107742  2.23299521]
412.0;[ 8.43440146 17.15870843 16.60859024  2.30941824]
412.0;[ 8.4341769  17.14031298 16.69086038  2.45758882]
412.0;[ 8.46609755 17.06164282 16.67767468  2.39297674]
407.0;[ 8.47934286 16.94505229 16.54977263  2.34733744]
412.0;[ 8.60511925 17.02940121 16.72722868  2.39393015]
407.0;[ 8.55956638 16.97356966 16.61867878  2.27802942]
407.0;[ 8.75409735 16.9065697  16.60244873  2.50165238]
412.0;[ 8.53874585 17.07808119 16.82259002  2.39791207]
412.0;[ 8.56084232 17.02774234 16.81098786  2.45773846]
412.0;[ 8.55073161 17.01535673 16.85655008  2.43377891]
412.0;[ 8.42684888 17.0821628  16.88507604  2.57156162]
412.0;[ 8.34401653 17.06356015 16.89801972  2.64170976]
407.0;[ 8.31544809 16.9343776  16.94901306  2.64360586]
410.0;[ 8.22638463 16.97921252 17.01247358  2.57857999]
412.0;[ 8.24737642 17.09758031 16.84802591  2.67052664]
412.0;[ 8.15003873 17.21340506 16.9450355   2.70831697]
412.0;[ 8.1448146  17.12887225 16.81368356  2.8494915 ]
412.0;[ 8.25973341 17.22739047 16.83941163  2.78648059]
412.0;[ 8.39139824 17.19849345 16.73074457  2.73616663]
412.0;[ 8.41612111 17.13160598 16.62752445  2.59969543]
412.0;[ 8.30160281 17.07014716 16.63101807  2.55945482]
407.0;[ 8.40284395 16.93487309 16.61239808  2.68691266]
407.0;[ 8.25355989 16.95255985 16.6323737   2.61918501]
412.0;[ 8.24094491 17.21790442 16.68702416  2.51871015]
412.0;[ 8.20309877 17.20834604 16.80105167  2.52228762]
412.0;[ 8.34776588 17.34597996 16.72819881  2.42898457]
412.0;[ 8.33105393 17.38800122 16.60952965  2.57659703]
412.0;[ 8.23672888 17.49963751 16.60802676  2.69160189]
412.0;[ 8.36733037 17.63695538 16.66936318  2.66370201]
412.0;[ 8.40460277 17.49228897 16.59245903  2.69869079]
412.0;[ 8.48815463 17.37330112 16.48144982  2.74270065]
412.0;[ 8.43485839 17.26225553 16.57140542  2.64896389]
412.0;[ 8.46871096 17.39112214 16.65784698  2.77465247]
412.0;[ 8.51465224 17.25917091 16.59893833  2.75319081]
412.0;[ 8.48328712 17.30650945 16.61924313  2.63905091]
412.0;[ 8.47591844 17.30115659 16.58395001  2.59239466]
412.0;[ 8.4662656  17.34921747 16.61875887  2.68695933]
412.0;[ 8.58561673 17.33646754 16.58354033  2.62382122]
412.0;[ 8.65009657 17.24516885 16.58966146  2.50290779]
412.0;[ 8.61641024 17.20160073 16.64312875  2.40626653]
412.0;[ 8.74920197 17.12151454 16.52630172  2.26171124]
412.0;[ 8.82081225 17.07840867 16.41415269  2.34179266]
407.0;[ 8.68654778 16.96523972 16.48798296  2.41984774]
412.0;[ 8.83288083 17.02085726 16.44465483  2.37699144]
412.0;[ 8.78441266 17.00808597 16.43479949  2.36549488]
407.0;[ 8.91600585 16.95143304 16.46094699  2.34812298]
412.0;[ 8.88078602 17.02130389 16.48072573  2.35607162]
412.0;[ 8.94893502 17.11108018 16.4030162   2.27391013]
412.0;[ 8.94215368 17.1381318  16.4995513   2.31421246]
410.0;[ 9.01663272 17.01652675 16.57603394  2.37140873]
412.0;[ 8.93013003 17.1917662  16.56447113  2.35588713]
412.0;[ 8.79592132 17.08921723 16.45993403  2.31293313]
412.0;[ 8.84010891 17.0987152  16.3903101   2.35446289]
407.0;[ 8.82197229 16.95622065 16.46926921  2.29646683]
412.0;[ 8.85943878 17.1417626  16.42158952  2.37669495]
412.0;[ 8.87120299 17.23952099 16.32756018  2.30955401]
412.0;[ 8.9836277  17.12621985 16.29258698  2.35646748]
412.0;[ 8.89411986 17.08999718 16.40741489  2.29799485]
407.0;[ 8.90325671 16.98913777 16.37248409  2.23154486]
412.0;[ 8.95924561 17.00409329 16.37768497  2.38616487]
412.0;[ 8.87745006 17.01560255 16.3806752   2.28562047]
412.0;[ 8.87680293 17.16214357 16.28838319  2.35776572]
412.0;[ 8.95039871 17.06527579 16.414392    2.46107887]
410.0;[ 9.08292348 17.20174573 16.5602533   2.58997709]
407.0;[ 8.88652685 16.98350306 16.55253149  2.54076524]
407.0;[ 8.99403636 16.93519796 16.45991697  2.60438315]
410.0;[ 9.0050082  17.02298692 16.27678835  2.55581315]
412.0;[ 8.92701351 17.17191053 16.42342939  2.45666367]
410.0;[ 9.0126679  17.16258141 16.50637135  2.57496413]
412.0;[ 8.91766934 17.30501749 16.49082759  2.54273177]
412.0;[ 8.85737476 17.18116699 16.57246557  2.54697296]
412.0;[ 8.94026721 17.25094551 16.62329547  2.41085758]
412.0;[ 8.86291391 17.27344181 16.72252436  2.53059482]
412.0;[ 8.75811693 17.27757624 16.63967817  2.47937022]
412.0;[ 8.72437085 17.38372659 16.59836612  2.38348111]
412.0;[ 8.87043265 17.35106534 16.50951206  2.30813805]
412.0;[ 8.75187466 17.23001923 16.59012825  2.20001825]
412.0;[ 8.76415464 17.23251153 16.71697969  2.22069926]
412.0;[ 8.85073591 17.11448969 16.85851727  2.20246005]
412.0;[ 8.98056173 17.23647552 16.72169745  2.09100352]
412.0;[ 8.91343354 17.15377743 16.69730618  2.06554955]
410.0;[ 9.00845634 17.15883386 16.55821474  2.07740253]
412.0;[ 8.88561641 17.08889502 16.56832362  2.0676053 ]
412.0;[ 8.88542059 17.22871916 16.59456639  2.16105848]
412.0;[ 8.8771733  17.33818038 16.56062226  2.09753154]
398.0;[ 8.90265372 17.32452965 16.67188515  1.97854986]
412.0;[ 8.77821748 17.24398526 16.65749515  2.01687458]
412.0;[ 8.84258383 17.181953   16.71864861  2.10330166]
412.0;[ 8.94821566 17.07954129 16.63444406  2.21393021]
412.0;[ 8.82590002 17.14348927 16.5249738   2.27384247]
412.0;[ 8.91509297 17.22902012 16.47748125  2.37258363]
410.0;[ 9.05353172 17.24765082 16.38017406  2.42006736]
412.0;[ 8.93394299 17.19779407 16.50804399  2.33145444]
412.0;[ 8.87618429 17.16651579 16.44109116  2.25981357]
412.0;[ 8.86262853 17.2144672  16.31216322  2.14614468]
412.0;[ 8.74682209 17.22837825 16.31379613  2.03312752]
398.0;[ 8.887891   17.17276969 16.24499425  1.91815141]
412.0;[ 8.78373528 17.31314563 16.40254575  2.05033511]
412.0;[ 8.9184518  17.46251366 16.36986457  2.18241553]
412.0;[ 8.95255992 17.40554533 16.42945082  2.08903105]
397.0;[ 9.06139673 17.48981769 16.57216005  1.96720279]
412.0;[ 8.84242353 17.38246425 16.56090321  2.12209289]
412.0;[ 8.79958577 17.30561497 16.69347954  2.19380569]
412.0;[ 8.69419405 17.41384029 16.770548    2.29932852]
412.0;[ 8.55129481 17.4692035  16.91229215  2.27728542]
412.0;[ 8.47425552 17.43338394 16.99742729  2.14205878]
412.0;[ 8.45822323 17.30980603 16.97144266  2.11797635]
412.0;[ 8.38542604 17.18034776 16.95288254  2.16360096]
412.0;[ 8.27032332 17.22514113 16.87643188  2.15198384]
412.0;[ 8.41268434 17.24615915 16.73802119  2.27071898]
412.0;[ 8.27354176 17.18201333 16.76985234  2.23063987]
412.0;[ 8.34026879 17.21898689 16.71559016  2.33866075]
412.0;[ 8.20015128 17.0739555  16.8344805   2.25330894]
412.0;[ 8.31707946 17.00768927 16.86722261  2.28824686]
412.0;[ 8.40190672 17.06697105 16.974912    2.28988056]
414.0;[ 8.42531372 17.18712397 17.07066746  2.23174165]
414.0;[ 8.44992612 17.06848261 17.0939274   2.16296274]
412.0;[ 8.40101542 17.14404813 16.98148612  2.24615693]
410.0;[ 8.50227442 16.9767667  17.15686351  2.02721358]
410.0;[ 8.59243393 16.98362807 17.06035488  2.08637818]
414.0;[ 8.5576796  17.21329588 17.20565529  2.13182796]
414.0;[ 8.69542822 17.30252467 17.21522441  2.17414177]
414.0;[ 8.55888247 17.42321061 17.16212244  2.2821119 ]
414.0;[ 8.66655781 17.41246403 17.28793415  2.25968509]
414.0;[ 8.59860984 17.46005429 17.27844262  2.11027042]
414.0;[ 8.66498025 17.54461806 17.32555561  2.24323067]
414.0;[ 8.81211972 17.40355025 17.29793444  2.25278844]
414.0;[ 8.82663503 17.44048791 17.1988556   2.25960327]
414.0;[ 8.73900245 17.5240193  17.24121157  2.37733857]
414.0;[ 8.74204219 17.4770142  17.1900692   2.35215126]
414.0;[ 8.82336978 17.38677421 17.08761455  2.23833561]
414.0;[ 8.70748104 17.4722665  17.16212538  2.14001092]
414.0;[ 8.77687873 17.5998337  17.20956139  2.0661247 ]
414.0;[ 8.85731168 17.67495489 17.26876249  2.21099691]
414.0;[ 8.74908716 17.56743862 17.22747707  2.3320421 ]
414.0;[ 8.67200225 17.51558256 17.31539587  2.25180941]
414.0;[ 8.66487161 17.39147129 17.28717437  2.29105169]
414.0;[ 8.54559091 17.5078192  17.41139761  2.30251655]
414.0;[ 8.52746796 17.49631367 17.42512539  2.41311742]
414.0;[ 8.65441992 17.4925019  17.42492015  2.28014153]
414.0;[ 8.54671012 17.40812555 17.32673861  2.35285259]
414.0;[ 8.51908856 17.25845127 17.4714246   2.22453439]
414.0;[ 8.5761928  17.39317525 17.48020329  2.1651187 ]
414.0;[ 8.47956103 17.50240142 17.44102232  2.12096021]
399.0;[ 8.46325232 17.47664148 17.38324962  1.97930891]
414.0;[ 8.53003054 17.54708805 17.44080815  2.13543698]
414.0;[ 8.46962852 17.69502083 17.363003    2.19021506]
414.0;[ 8.54805475 17.67232819 17.30782509  2.17377532]
414.0;[ 8.45480948 17.74380806 17.41010972  2.20333787]
414.0;[ 8.53456154 17.6149779  17.45370399  2.26914336]
414.0;[ 8.56377007 17.58363489 17.58646873  2.24247521]
414.0;[ 8.54322712 17.6273526  17.72067784  2.1687325 ]
414.0;[ 8.64650565 17.66880732 17.83210656  2.31160061]
414.0;[ 8.79473473 17.54096032 17.71331264  2.28980481]
414.0;[ 8.67317488 17.67386641 17.82842627  2.43860757]
414.0;[ 8.71496769 17.74070567 17.93752438  2.42801595]
416.0;[ 8.73460629 17.75642655 18.00928041  2.40270663]
414.0;[ 8.6331315  17.82205637 17.9728363   2.49695898]
416.0;[ 8.64294195 17.62273268 18.09298332  2.54143923]
416.0;[ 8.59499151 17.56555695 18.07315503  2.63515873]
416.0;[ 8.63683847 17.62252356 18.00782835  2.68684005]
416.0;[ 8.60509099 17.68808695 18.02914142  2.60401453]
416.0;[ 8.45860913 17.83477666 18.07801774  2.51740239]
416.0;[ 8.40874345 17.76728788 18.20467445  2.49975101]
416.0;[ 8.55827787 17.81876252 18.24488446  2.56855763]
416.0;[ 8.68330616 17.69680666 18.33829658  2.47661046]
416.0;[ 8.57591187 17.57880029 18.34243602  2.61186936]
416.0;[ 8.66875673 17.55469608 18.1949721   2.73294049]
416.0;[ 8.75855416 17.41491851 18.17864113  2.71262684]
416.0;[ 8.77461124 17.45887097 18.17449859  2.66469701]
416.0;[ 8.63823908 17.39719096 18.17311558  2.67550499]
416.0;[ 8.58624011 17.35573654 18.18649904  2.80537801]
416.0;[ 8.5282622  17.4503482  18.32956687  2.87706596]
416.0;[ 8.40636343 17.52139408 18.44573469  2.87384978]
416.0;[ 8.36887897 17.56619042 18.53676279  2.93813153]
416.0;[ 8.32713923 17.70245075 18.57717899  2.91392464]
416.0;[ 8.20333196 17.85187208 18.67776191  2.97604374]
416.0;[ 8.18505181 17.86725995 18.66296681  2.85607045]
416.0;[ 8.08284943 17.81525373 18.66327597  2.84305128]
407.0;[ 7.99454366 17.74930652 18.52666454  2.86006338]
416.0;[ 8.10298355 17.74332501 18.7091852   2.71969919]
407.0;[ 7.99643457 17.68502003 18.59771973  2.80591348]
416.0;[ 8.10800342 17.67779859 18.72541431  2.69563982]
416.0;[ 8.18592382 17.5489355  18.87256103  2.726921  ]
416.0;[ 8.07224355 17.61278118 18.95446864  2.60524858]
416.0;[ 8.21751906 17.47138026 18.86783391  2.62359374]
416.0;[ 8.3661805  17.53604399 18.79597478  2.62374278]
416.0;[ 8.35053971 17.52638497 18.84200107  2.70518945]
416.0;[ 8.21901588 17.61907405 18.73430131  2.72072313]
416.0;[ 8.22139653 17.61943264 18.69029602  2.71970909]
416.0;[ 8.27958703 17.57528353 18.58205588  2.85987756]
430.0;[ 8.34121189 17.46412059 18.56923008  3.00901681]
416.0;[ 8.34728246 17.5408177  18.51172061  2.88442145]
416.0;[ 8.44024278 17.56963649 18.52175155  2.90542508]
416.0;[ 8.21200093 17.52065193 18.52325982  2.9941679 ]
430.0;[ 8.32280869 17.5513403  18.52555866  3.04837969]
430.0;[ 8.43792973 17.5162118  18.39345484  3.05073894]
430.0;[ 8.55745999 17.63543138 18.44721536  3.07211466]
430.0;[ 8.54739287 17.77382537 18.5260709   3.12257185]
430.0;[ 8.49183589 17.76105384 18.52525674  3.03549296]
416.0;[ 8.4197185  17.83895782 18.39896322  2.99271806]
416.0;[ 8.55260934 17.76844762 18.47710741  2.89048078]
416.0;[ 8.60829155 17.74958051 18.60958909  2.94801148]
416.0;[ 8.61275462 17.7869419  18.47338407  2.9151097 ]
416.0;[ 8.56353998 17.79017719 18.60573206  2.95218928]
430.0;[ 8.4974317  17.80710837 18.62831382  3.07079828]
416.0;[ 8.3692887  17.87988557 18.66967652  2.95778295]
430.0;[ 8.59555945 17.72773656 18.53178033  3.21523793]
430.0;[ 8.74420849 17.87387508 18.50298199  3.10180562]
430.0;[ 8.88290066 17.80817647 18.35438295  3.19232177]
430.0;[ 8.92840228 17.8054474  18.3470636   3.05565494]
414.0;[ 9.04635832 17.68969482 18.29770837  2.91283991]
430.0;[ 8.83236956 17.89791543 18.20177383  3.09952773]
430.0;[ 8.73712912 17.76215305 18.32114773  3.17552528]
430.0;[ 8.87381471 17.7405142  18.38326083  3.24400354]
430.0;[ 8.96760751 17.8042037  18.42780815  3.22478323]
427.0;[ 9.09149509 17.89746055 18.51011398  3.28323693]
430.0;[ 8.97465874 17.72488743 18.47660778  3.34948528]
427.0;[ 9.00859585 17.79424608 18.45214366  3.4741671 ]
430.0;[ 8.86290708 17.82285712 18.45680888  3.44949031]
430.0;[ 8.76185249 17.81909271 18.40529344  3.42856142]
430.0;[ 8.85644483 17.71219216 18.36736604  3.53420264]
430.0;[ 8.728773   17.5896013  18.45727271  3.52665877]
430.0;[ 8.80000495 17.66875378 18.37788389  3.53763972]
430.0;[ 8.78140988 17.64469788 18.41585614  3.46605134]
430.0;[ 8.78902252 17.6670276  18.31468734  3.60112434]
430.0;[ 8.91230327 17.78075203 18.26874907  3.69258988]
430.0;[ 8.77829538 17.71403531 18.15937669  3.6572373 ]
430.0;[ 8.84762167 17.57357027 18.27547706  3.70327839]
430.0;[ 8.90690744 17.52891963 18.17357184  3.85312729]
430.0;[ 8.98600573 17.59608924 18.24902502  3.83930664]
430.0;[ 8.90274246 17.45583812 18.25592277  3.69731502]
427.0;[ 9.04224061 17.3913095  18.14558374  3.74316181]
427.0;[ 9.03347345 17.51091264 18.27720642  3.57256529]
430.0;[ 8.82872344 17.41986107 18.14880264  3.77181733]
430.0;[ 8.6926155  17.34808827 18.00299017  3.68396163]
430.0;[ 8.55637397 17.43221991 18.07829951  3.78792474]
430.0;[ 8.49401096 17.32474686 18.06726326  3.69324563]
430.0;[ 8.37054075 17.35502504 18.1702936   3.66868271]
430.0;[ 8.34508364 17.41743878 18.20615647  3.78853726]
430.0;[ 8.4675357  17.47978759 18.25459009  3.64679523]
430.0;[ 8.54712205 17.59163889 18.31047262  3.7071462 ]
430.0;[ 8.40491342 17.58118042 18.37581038  3.66087376]
430.0;[ 8.34086656 17.52589718 18.43397647  3.77260688]
430.0;[ 8.34364929 17.56363218 18.29386492  3.7847672 ]
430.0;[ 8.37778945 17.53970727 18.2677497   3.77424839]
430.0;[ 8.2461969  17.41523754 18.32268978  3.72428474]
430.0;[ 8.22009642 17.37408342 18.22141999  3.8673234 ]
430.0;[ 8.30452338 17.27666485 18.20290812  3.8084096 ]
430.0;[ 8.42099086 17.26180688 18.1562989   3.70944739]
430.0;[ 8.42978262 17.15043142 18.22268204  3.67890899]
430.0;[ 8.57222879 17.06455652 18.10654709  3.64505817]
430.0;[ 8.51160084 17.18220776 18.08009314  3.51119102]
430.0;[ 8.39689187 17.09694487 18.21999661  3.48317422]
430.0;[ 8.39409104 17.23114673 18.29054154  3.51275226]
430.0;[ 8.51964493 17.37457623 18.24511791  3.63212195]
430.0;[ 8.4600886  17.4162458  18.37054705  3.6952798 ]
430.0;[ 8.50998497 17.42202002 18.46431334  3.62874936]
430.0;[ 8.38265578 17.51767118 18.54526815  3.69141835]
430.0;[ 8.35633909 17.46960349 18.40390765  3.5554623 ]
430.0;[ 8.30026378 17.41242041 18.29264282  3.51945339]
430.0;[ 8.30051128 17.38362659 18.21415857  3.40822241]
430.0;[ 8.413517   17.49700694 18.07484154  3.37026574]
430.0;[ 8.53441687 17.51750233 18.10170288  3.24777693]
430.0;[ 8.50601712 17.54003285 18.19264949  3.13744905]
430.0;[ 8.49125229 17.644438   18.33448136  3.20498164]
430.0;[ 8.49566403 17.65972879 18.34023746  3.05660314]
430.0;[ 8.43493547 17.5195573  18.33026308  3.19553239]
430.0;[ 8.54896907 17.51473501 18.34801648  3.19531271]
430.0;[ 8.54872969 17.54369958 18.32111534  3.08593281]
416.0;[ 8.60287484 17.59750934 18.29933243  2.94300902]
430.0;[ 8.56347408 17.62253805 18.37634479  3.176145  ]
430.0;[ 8.51705836 17.72250723 18.41114491  3.28973998]
430.0;[ 8.58598601 17.64335985 18.30233359  3.27973462]
430.0;[ 8.70994582 17.50313182 18.3325682   3.22722136]
430.0;[ 8.69633892 17.54663039 18.24341872  3.10127106]
430.0;[ 8.81952726 17.67211443 18.32833758  3.01413667]
416.0;[ 8.9022558  17.61146014 18.36910731  2.92634076]
430.0;[ 8.71704946 17.52454757 18.35640761  3.09860014]
430.0;[ 8.77096468 17.58851123 18.24231335  3.01615355]
430.0;[ 8.6647003  17.6254031  18.37165448  3.12283335]
430.0;[ 8.71406463 17.49006492 18.29172049  3.04197027]
416.0;[ 8.71049941 17.531086   18.23145539  2.95704152]
416.0;[ 8.78873832 17.56962744 18.17442409  2.92681412]
416.0;[ 8.81641952 17.5210368  18.28906735  2.93059395]
430.0;[ 8.73480345 17.45864783 18.43544792  3.05825596]
430.0;[ 8.86349058 17.51653461 18.34090317  3.09039056]
430.0;[ 8.74539674 17.44703936 18.25000836  3.20872449]
430.0;[ 8.79772855 17.58748223 18.39957954  3.35177873]
430.0;[ 8.73928718 17.57346503 18.28516703  3.47976929]
430.0;[ 8.75570062 17.43455556 18.41369729  3.52561935]
430.0;[ 8.76755504 17.56793757 18.38897631  3.54399622]
430.0;[ 8.8773868  17.54591439 18.25120135  3.63810261]
430.0;[ 8.77274602 17.67321727 18.3059253   3.67918731]
430.0;[ 8.90777482 17.68845318 18.34407288  3.77526138]
430.0;[ 8.9439822  17.6693286  18.22340189  3.88156648]
430.0;[ 8.92653191 17.5729756  18.24026176  3.89871872]
430.0;[ 8.96529239 17.64305198 18.09061382  3.80759159]
427.0;[ 9.02971309 17.66113866 18.20181163  3.79395162]
427.0;[ 9.03694295 17.76365044 18.13794664  3.79645349]
430.0;[ 8.98079292 17.62886472 18.20799941  3.95652381]
438.0;[ 9.00093204 17.72817677 18.29590678  4.0295288 ]
430.0;[ 8.95570862 17.74273888 18.19300003  3.99627903]
442.0;[ 8.87141042 17.8401428  18.1725897   4.1148417 ]
442.0;[ 8.97638058 17.9183929  18.13174091  4.22560606]
438.0;[ 9.12341918 17.89461146 18.28152091  4.1460524 ]
438.0;[ 9.10142374 17.96373017 18.01479338  4.12041963]
447.0;[ 8.97673767 18.00857731 18.10788979  4.19013987]
447.0;[ 8.89150066 18.1415279  18.13743738  4.21240999]
447.0;[ 8.99451046 18.13137502 18.08939688  4.32700187]
447.0;[ 8.92394365 18.12318409 18.00813673  4.3533322 ]
447.0;[ 8.78585766 18.2296162  18.03980084  4.29021028]
444.0;[ 8.8772753  18.10791789 17.91889344  4.2572819 ]
447.0;[ 8.73062471 18.32424561 18.1459619   4.39720863]
447.0;[ 8.61018078 18.4206519  18.16472972  4.3803256 ]
447.0;[ 8.56419898 18.56478381 18.27245205  4.43391601]
447.0;[ 8.60317979 18.58757453 18.14615432  4.37937242]
447.0;[ 8.72323283 18.50783976 18.13324722  4.40039846]
447.0;[ 8.81026691 18.39905135 18.03110412  4.32950188]
447.0;[ 8.83194848 18.28205534 18.03135427  4.20613622]
447.0;[ 8.78302962 18.19308455 18.13230508  4.16644496]
447.0;[ 8.9058126  18.10911545 18.2318368   4.21022965]
447.0;[ 8.88824648 18.15213225 18.10781822  4.17352809]
447.0;[ 8.88280023 18.16969661 18.23233373  4.15352841]
447.0;[ 8.81359147 18.13412177 18.23903809  4.144836  ]
447.0;[ 8.89080074 18.12188458 18.28113067  4.07386857]
447.0;[ 8.77977195 18.26625221 18.19981377  4.03146313]
447.0;[ 8.83181721 18.21673497 18.13772962  4.14102674]
447.0;[ 8.69002435 18.18263846 18.0274011   4.09522949]
431.0;[ 8.64959787 18.05110289 17.89381678  3.96644021]
447.0;[ 8.71635792 18.09492303 18.00863703  4.05845005]
442.0;[ 8.86217699 17.99485816 18.02412911  4.08828725]
444.0;[ 8.58509494 18.22539312 17.90860625  4.19289984]
447.0;[ 8.69939181 18.02617423 18.02545899  4.0809167 ]
447.0;[ 8.67164682 18.14574529 18.10723938  4.02290498]
447.0;[ 8.71394117 18.04663342 18.13392473  4.02479524]
442.0;[ 8.77339081 17.96051078 18.24773711  4.12431884]
442.0;[ 8.6674576  17.96653029 18.13840463  4.00349792]
431.0;[ 8.68283648 18.02660941 17.99615138  3.92281811]
430.0;[ 8.73504132 17.91665628 18.17454269  3.89637464]
430.0;[ 8.84908417 17.94350188 18.11234577  3.95100073]
447.0;[ 8.82210379 18.16786185 18.12579386  4.09741854]
447.0;[ 8.69979201 18.25883415 18.24787603  4.04759678]
433.0;[ 8.65394394 18.39457015 18.33740974  3.92890795]
447.0;[ 8.77084712 18.20142416 18.18334101  4.18872432]
447.0;[ 8.78003529 18.1600047  18.23314881  4.1972482 ]
447.0;[ 8.72599365 18.11250032 18.26091314  4.30807765]
447.0;[ 8.61027101 18.01841486 18.32545883  4.43083006]
447.0;[ 8.47408851 18.12683164 18.29839082  4.38974924]
447.0;[ 8.39351747 18.14547121 18.33096085  4.38439048]
447.0;[ 8.3622363  18.01392573 18.31639204  4.28316938]
442.0;[ 8.4051002  17.96267442 18.35005256  4.39629271]
442.0;[ 8.40398559 17.9353271  18.24050638  4.26813677]
442.0;[ 8.35911642 17.89088665 18.17424368  4.43164598]
442.0;[ 8.21224537 17.94454815 18.37998564  4.31648079]
447.0;[ 8.33946441 18.1622961  18.32404766  4.33508191]
447.0;[ 8.20927661 18.07436705 18.34701276  4.4661911 ]
447.0;[ 8.24859209 18.15514841 18.2633251   4.37653149]
447.0;[ 8.26200791 18.01023298 18.18304754  4.23662902]
442.0;[ 8.37237445 17.89160786 18.18674726  4.18557451]
442.0;[ 8.36910881 17.93414983 18.258203    4.22348972]
442.0;[ 8.24735576 17.95110589 18.19539426  4.26138943]
442.0;[ 8.29975716 17.93490179 18.31870602  4.17991395]
442.0;[ 8.16220744 17.93844802 18.20857633  4.09351077]
447.0;[ 8.27935533 18.10898851 18.2842396   4.37075126]
447.0;[ 8.20604416 18.01414523 18.17602031  4.4499623 ]
447.0;[ 8.30835944 18.15094257 18.1432783   4.3542303 ]
447.0;[ 8.29854443 18.02757492 18.04019434  4.36447868]
447.0;[ 8.16980868 18.12103901 18.00992948  4.25481578]
447.0;[ 8.04610849 18.04019984 18.05762474  4.26810743]
441.0;[ 7.90846033 18.09221912 18.20536517  4.17257158]
438.0;[ 7.92576779 18.01189472 17.97631591  4.4107515 ]
442.0;[ 8.00968047 17.99421344 18.13102417  4.31524322]
447.0;[ 8.02192408 18.04698467 18.16510461  4.40226653]
447.0;[ 8.02543496 18.04578692 18.16912571  4.42884975]
437.0;[ 7.95972406 17.99404714 18.1794991   4.39515053]
437.0;[ 7.89888261 17.96350403 18.18458201  4.30975353]
447.0;[ 8.08974691 18.01564213 18.08385643  4.55192496]
437.0;[ 7.96843209 17.96497906 18.02226705  4.64248325]
447.0;[ 8.0855632  18.1146352  18.09436418  4.68566046]
444.0;[ 8.07652212 18.02606465 17.94665529  4.59213147]
447.0;[ 8.04838185 18.26414552 18.10167196  4.73372948]
447.0;[ 8.00209349 18.37603162 18.17882186  4.87047145]
457.0;[ 8.12610133 18.29328767 18.07533838  5.0085026 ]
453.0;[ 8.26097624 18.27577925 17.95061436  5.13497167]
457.0;[ 8.04018552 18.36607438 18.06105327  5.15503633]
452.0;[ 7.92453964 18.45183117 18.18607796  5.15713865]
452.0;[ 7.8913729  18.26831576 18.11545742  5.25100765]
457.0;[ 8.09142739 18.39772318 18.16076235  5.2680981 ]
457.0;[ 8.22893129 18.31805611 18.20288716  5.27022019]
457.0;[ 8.29510246 18.2440159  18.08634334  5.36710031]
453.0;[ 8.35025655 18.21820898 17.98459898  5.22132126]
457.0;[ 8.31861872 18.21522513 18.0853378   5.40021629]
457.0;[ 8.2908517  18.34815042 18.13240676  5.41861772]
457.0;[ 8.27200626 18.476523   18.20014637  5.4620195 ]
457.0;[ 8.24513641 18.52947038 18.13437219  5.60692548]
457.0;[ 8.10743797 18.47964565 18.00163541  5.69824186]
453.0;[ 8.108994   18.39184382 17.97557326  5.73463128]
457.0;[ 8.06420884 18.43451745 18.11883953  5.62202839]
452.0;[ 7.93924967 18.3793169  18.07448567  5.62724468]
457.0;[ 8.02318658 18.4713544  18.03470304  5.71095109]
452.0;[ 7.95232544 18.45139298 18.17891711  5.81373812]
457.0;[ 8.16578087 18.59345646 18.15696196  5.8127272 ]
457.0;[ 8.17844281 18.4440485  18.13877953  5.93479977]
457.0;[ 8.16407256 18.48220412 18.22928048  5.93434365]
457.0;[ 8.30893574 18.36913497 18.28595016  5.878576  ]
457.0;[ 8.16422837 18.49286222 18.2009923   5.83815315]
457.0;[ 8.22174195 18.34503934 18.25478556  5.93497474]
457.0;[ 8.19701081 18.43472607 18.15470831  5.79249996]
457.0;[ 8.34554447 18.52992714 18.13379868  5.71311782]
457.0;[ 8.27741912 18.58783962 18.25526917  5.61777975]
457.0;[ 8.27514198 18.60100704 18.26579681  5.75229548]
457.0;[ 8.4004428  18.69010949 18.40960205  5.85260828]
457.0;[ 8.51466395 18.76976577 18.30203272  5.95688316]
463.0;[ 8.36715815 18.68902479 18.2275011   6.02622591]
457.0;[ 8.46323525 18.80992912 18.20532334  5.87747677]
463.0;[ 8.29103056 18.72418342 18.2145464   6.15873624]
463.0;[ 8.27354445 18.63271853 18.3644091   6.15280922]
463.0;[ 8.30999101 18.6858952  18.33589398  6.04871003]
463.0;[ 8.30951323 18.78715783 18.31733545  6.14566146]
463.0;[ 8.41308262 18.74188204 18.21012224  6.09032972]
463.0;[ 8.30328424 18.60678093 18.14218982  6.04743506]
457.0;[ 8.23906325 18.63186677 18.09594004  5.98851883]
457.0;[ 8.26248112 18.5770167  18.22115892  5.90749627]
463.0;[ 8.36716381 18.65499077 18.13813596  6.09875349]
463.0;[ 8.432797   18.52530871 18.14087714  6.1712172 ]
463.0;[ 8.41033591 18.5416002  18.17436595  6.25293614]
463.0;[ 8.44849848 18.62212426 18.28362474  6.16444572]
463.0;[ 8.30150523 18.69211371 18.29889711  6.23889225]
463.0;[ 8.33602998 18.75409904 18.29174264  6.19773955]
463.0;[ 8.33927471 18.72827672 18.18858525  6.05275777]
463.0;[ 8.33707987 18.69730279 18.21013043  6.09534074]
463.0;[ 8.33813476 18.79315008 18.35924525  6.18522062]
463.0;[ 8.3708549  18.73456442 18.32461628  6.28319645]
463.0;[ 8.34360077 18.61816129 18.47350379  6.21752179]
463.0;[ 8.30176417 18.58462186 18.3593554   6.1468343 ]
463.0;[ 8.433843   18.72402831 18.49291944  6.20214561]
463.0;[ 8.40049838 18.81943503 18.37406824  6.10314762]
463.0;[ 8.46517385 18.75530324 18.51238863  6.05650041]
463.0;[ 8.52064268 18.85047867 18.60580832  6.13767472]
463.0;[ 8.55378253 18.99270151 18.47601151  6.03930774]
463.0;[ 8.6377169  18.95862201 18.41041749  6.00715505]
463.0;[ 8.61049241 18.85798758 18.33533428  6.05981695]
463.0;[ 8.68695473 18.90771878 18.2157064   6.17048414]
463.0;[ 8.79012317 18.80924313 18.21307007  6.03741465]
463.0;[ 8.72943443 18.74572599 18.22741087  6.0022351 ]
457.0;[ 8.62750764 18.85824612 18.23293497  5.94533403]
463.0;[ 8.64943475 18.65597436 18.16674523  6.05656054]
457.0;[ 8.65246833 18.69040215 18.08871121  5.99166328]
463.0;[ 8.68139709 18.65109325 18.19358068  6.09702831]
463.0;[ 8.75269325 18.50174045 18.34284115  6.12411521]
463.0;[ 8.79256755 18.45427629 18.29809372  6.02672862]
457.0;[ 8.80834674 18.32826501 18.27016728  5.92642834]
457.0;[ 8.71271548 18.41567882 18.40691645  5.89858753]
457.0;[ 8.90073146 18.39133203 18.18742184  5.94411574]
463.0;[ 8.87370679 18.47638711 18.37336488  6.09072351]
457.0;[ 8.8380889  18.60099584 18.3048688   5.96170313]
463.0;[ 8.95364903 18.36919459 18.38058912  6.08952221]
463.0;[ 8.8923831  18.46133729 18.27755729  6.23446205]
463.0;[ 8.83705034 18.33249774 18.31959222  6.34464147]
463.0;[ 8.87455533 18.27827778 18.24188087  6.32867723]
463.0;[ 8.98789651 18.2611012  18.14672791  6.44716526]
458.0;[ 9.10008986 18.37869943 18.1150549   6.49666109]
463.0;[ 8.99795674 18.39668161 18.22729667  6.5024834 ]
458.0;[ 9.0118598  18.44816396 18.37648116  6.46580541]
463.0;[ 8.99688991 18.40053477 18.2961556   6.47029704]
458.0;[ 9.10601518 18.4653375  18.36083981  6.4739181 ]
463.0;[ 8.99029242 18.28451739 18.19910228  6.47409856]
458.0;[ 9.01168945 18.22427647 18.30551199  6.42321629]
463.0;[ 8.91339543 18.24548772 18.32747719  6.58121804]
463.0;[ 8.77913601 18.33880105 18.45316805  6.69133055]
463.0;[ 8.88610373 18.19915709 18.34745493  6.64822635]
463.0;[ 8.98808678 18.23513833 18.27287111  6.79805233]
463.0;[ 8.86495676 18.29350726 18.18374522  6.8726736 ]
463.0;[ 8.84012767 18.20387695 18.23862552  6.92138921]
463.0;[ 8.79088724 18.12997194 18.3318941   6.81786498]
463.0;[ 8.86449516 18.11255343 18.37024234  6.92684865]
467.0;[ 8.82306159 18.20631036 18.27803339  7.03248312]
463.0;[ 8.85398839 18.05867961 18.14469739  6.96790479]
467.0;[ 8.949714   18.08257406 18.20413439  7.17087131]
467.0;[ 8.89775004 18.0904848  18.11649974  7.20174557]
460.0;[ 8.98855509 17.94464301 18.21015184  7.30964995]
467.0;[ 8.75629489 18.01892704 18.22280381  7.09374112]
460.0;[ 8.74977399 17.98750132 18.23686809  7.18280373]
467.0;[ 8.77424275 18.07907671 18.22967491  7.12718648]
467.0;[ 8.87476327 18.00725083 18.08709186  7.04821335]
461.0;[ 8.89341568 18.15064237 17.94340248  7.17229342]
460.0;[ 8.74742502 17.98893427 18.01002606  7.17171521]
467.0;[ 8.89386001 18.06714914 18.1028605   7.10241768]
467.0;[ 8.85208215 18.15723027 18.11295057  7.22955295]
467.0;[ 8.73892961 18.15537954 18.06343712  7.3750293 ]
461.0;[ 8.70437744 18.19103962 17.93462512  7.28437395]
461.0;[ 8.75898903 18.19160441 17.97511506  7.25438717]
467.0;[ 8.65716909 18.02065642 18.14942846  7.45352316]
460.0;[ 8.65513623 17.95867251 18.12744266  7.55874738]
467.0;[ 8.76850773 18.00018481 18.16064341  7.47251749]
460.0;[ 8.63645278 17.9590752  18.21569328  7.33340984]
460.0;[ 8.86576821 17.91942977 18.02523272  7.49749768]
460.0;[ 8.74680392 17.98731256 18.19801209  7.61494972]
460.0;[ 8.76258876 17.91658523 18.13265807  7.40859127]
467.0;[ 8.62770391 18.08580381 18.28242287  7.36366475]
467.0;[ 8.68650235 18.01156911 18.31083269  7.41669057]
467.0;[ 8.70772079 18.12905465 18.16842335  7.45544451]
467.0;[ 8.59042744 18.03971249 18.12153761  7.56191804]
467.0;[ 8.70158991 18.17398463 18.04849141  7.71184839]
467.0;[ 8.68805318 18.05302618 18.10881475  7.69796241]
460.0;[ 8.70678058 17.9810505  18.1367818   7.68740612]
460.0;[ 8.81965979 17.95043466 18.08827876  7.83574792]
467.0;[ 8.72475145 18.15661938 18.15189124  7.67221743]
467.0;[ 8.60993321 18.25312787 18.20677784  7.59814202]
467.0;[ 8.50524746 18.2853586  18.06771296  7.56773571]
461.0;[ 8.51043133 18.23018248 17.92460071  7.71530024]
467.0;[ 8.41228467 18.35847763 18.18405426  7.57597157]
467.0;[ 8.38810732 18.48318955 18.32822382  7.61130911]
467.0;[ 8.3666731  18.3651326  18.4521351   7.51007548]
467.0;[ 8.38801116 18.49563932 18.54963828  7.41289582]
467.0;[ 8.49907211 18.50116276 18.68562955  7.30637628]
467.0;[ 8.43349019 18.37977725 18.54079162  7.41135678]
467.0;[ 8.35757626 18.37678269 18.49658032  7.3964961 ]
467.0;[ 8.40665976 18.34954151 18.62206049  7.51692584]
467.0;[ 8.3059362  18.48360202 18.74066789  7.43526736]
467.0;[ 8.30294385 18.47987419 18.73954853  7.31238286]
467.0;[ 8.36590957 18.50102231 18.84162483  7.33015994]
467.0;[ 8.36884491 18.3560758  18.74453238  7.32810486]
467.0;[ 8.38450387 18.28917511 18.69939867  7.44533265]
467.0;[ 8.37512199 18.30659241 18.6107696   7.32092555]
467.0;[ 8.32263541 18.36252723 18.47774126  7.30843242]
467.0;[ 8.41426928 18.29110827 18.53969371  7.32615667]
467.0;[ 8.40705266 18.26904642 18.55957409  7.4412806 ]
467.0;[ 8.52283553 18.17428246 18.5428438   7.5467381 ]
467.0;[ 8.4561783  18.10909915 18.67626868  7.64946666]
467.0;[ 8.54097343 18.2102409  18.7330397   7.72752981]
467.0;[ 8.50678189 18.15582172 18.66683597  7.8370415 ]
467.0;[ 8.51129018 18.10921721 18.75578456  7.9487213 ]
469.0;[ 8.65048022 18.0788863  18.85889469  8.09820977]
469.0;[ 8.74909625 18.12804163 18.88978745  8.19852078]
462.0;[ 8.7011543  17.99445115 18.92122367  8.0638052 ]
469.0;[ 8.74401192 18.16515628 18.89948485  8.34157279]
469.0;[ 8.87245799 18.21182957 18.77811227  8.34620284]
469.0;[ 8.74111967 18.12636157 18.75716206  8.44423279]
469.0;[ 8.66162998 18.19290495 18.6880768   8.36412488]
469.0;[ 8.77576611 18.23276167 18.57985493  8.37847214]
469.0;[ 8.68042797 18.36090636 18.58440938  8.3719217 ]
469.0;[ 8.62972695 18.37429855 18.4526376   8.40368414]
469.0;[ 8.50815755 18.50447587 18.35882446  8.35263786]
469.0;[ 8.45514664 18.37405955 18.31230696  8.42535948]
469.0;[ 8.44186952 18.3341446  18.1656798   8.50152859]
469.0;[ 8.3238968  18.44253084 18.18343205  8.45698429]
469.0;[ 8.33542096 18.35728198 18.31244323  8.31228486]
469.0;[ 8.46062168 18.45946696 18.26997625  8.30244374]
469.0;[ 8.46083876 18.55591739 18.39130273  8.35780824]
469.0;[ 8.41705511 18.43028725 18.28790965  8.48234211]
469.0;[ 8.40664443 18.55652091 18.2333883   8.5725167 ]
469.0;[ 8.51439675 18.47153045 18.38032593  8.44535601]
469.0;[ 8.57313714 18.55683474 18.28638642  8.39268526]
469.0;[ 8.43742528 18.49989133 18.18517657  8.30991744]
469.0;[ 8.54500599 18.3556867  18.05496702  8.40658019]
469.0;[ 8.41422935 18.34841797 18.00647423  8.49419271]
469.0;[ 8.32410735 18.32326801 18.0960524   8.44159012]
469.0;[ 8.39976138 18.38703759 18.03538621  8.37454404]
462.0;[ 8.48398906 18.51364301 17.89726175  8.24201851]
462.0;[ 8.3324616  18.4039245  17.94354802  8.4069749 ]
469.0;[ 8.33802447 18.45791277 18.05887857  8.49716114]
462.0;[ 8.27627226 18.4913061  17.97150897  8.38946126]
469.0;[ 8.20000533 18.57475826 18.0189215   8.4080876 ]
469.0;[ 8.0789167  18.4826953  18.01320081  8.3591514 ]
460.0;[ 7.99427266 18.35105802 17.91876371  8.50761234]
469.0;[ 8.07146806 18.33401909 18.07927695  8.42733057]
462.0;[ 8.14988202 18.46613026 17.94355634  8.45337375]
460.0;[ 7.95505975 18.34969394 17.9504215   8.28470097]
467.0;[ 7.93343726 18.27399885 18.11087674  8.48510219]
469.0;[ 8.20044812 18.26658236 18.07972029  8.28613392]
469.0;[ 8.06376973 18.33193252 18.22139886  8.20626697]
469.0;[ 8.00032911 18.45900489 18.33387156  8.29905172]
469.0;[ 8.14081392 18.36351655 18.32526085  8.43303465]
469.0;[ 8.27974809 18.32970732 18.22409704  8.44846689]
469.0;[ 8.26933314 18.18728467 18.23551096  8.42615476]
469.0;[ 8.21489586 18.15620216 18.32012027  8.31834429]
469.0;[ 8.18183493 18.12551608 18.43543271  8.17890131]
469.0;[ 8.24592345 18.24148105 18.52144799  8.27022984]
469.0;[ 8.21630099 18.22790297 18.39574576  8.17792915]
469.0;[ 8.33451623 18.34732312 18.49559415  8.05328578]
469.0;[ 8.42832907 18.27872075 18.35674612  8.15707636]
469.0;[ 8.55379637 18.16429437 18.20885404  8.2493402 ]
469.0;[ 8.57752441 18.14769872 18.15668388  8.21552182]
469.0;[ 8.52144367 18.214326   18.22861983  8.1075876 ]
469.0;[ 8.6041151  18.28149686 18.32800318  8.23648051]
469.0;[ 8.5103128  18.39125815 18.21362764  8.31083966]
469.0;[ 8.49409735 18.42596415 18.12803827  8.44789138]
469.0;[ 8.34812241 18.41037438 18.14771839  8.40155857]
469.0;[ 8.43863562 18.53268421 18.15327464  8.42000631]
469.0;[ 8.30117643 18.62946635 18.04666827  8.32115951]
469.0;[ 8.18709581 18.60354852 18.01330223  8.39633774]
462.0;[ 8.2959812  18.67429888 17.89444421  8.25951411]
469.0;[ 8.31395985 18.54805252 18.14550128  8.37423016]
469.0;[ 8.29853597 18.55908056 18.03840149  8.28293775]
469.0;[ 8.21212945 18.62358173 18.01467494  8.18672434]
469.0;[ 8.27456196 18.51416903 18.03237488  8.24511139]
469.0;[ 8.41072276 18.45947993 18.13861253  8.26764925]
469.0;[ 8.43791526 18.48339037 18.12157557  8.19287334]
469.0;[ 8.29236477 18.41266293 18.09822641  8.06449407]
462.0;[ 8.24588627 18.27685036 17.97097917  8.10983593]
462.0;[ 8.23519725 18.35325397 17.98368963  8.00864664]
469.0;[ 8.24816944 18.51525761 18.24321533  8.04277931]
467.0;[ 8.11002679 18.63250859 18.294178    7.99478871]
469.0;[ 8.38630005 18.36649027 18.36110683  8.03697061]
467.0;[ 8.3066448  18.24710051 18.24600293  7.96543213]
469.0;[ 8.25133788 18.24544912 18.22273868  8.14921642]
469.0;[ 8.1301254  18.16273652 18.28923052  8.0446486 ]
469.0;[ 8.01157883 18.05809992 18.28421735  8.00606171]
458.0;[ 7.87787811 17.97878159 18.33913564  7.92557759]
458.0;[ 7.96469537 17.92687768 18.31929343  7.9445637 ]
467.0;[ 7.98162074 18.17322334 18.38747279  8.1082504 ]
460.0;[ 8.03062242 17.91021961 18.17123148  7.99201829]
467.0;[ 8.11940076 18.17167057 18.1459132   7.96201701]
462.0;[ 8.11126226 17.93992681 18.327223    8.07685185]
460.0;[ 8.07310653 17.97279074 18.36516607  7.93697757]
469.0;[ 8.06381052 18.20544504 18.18749879  8.01752786]
469.0;[ 8.10767894 18.24830634 18.25198168  8.04636402]
467.0;[ 8.16405405 18.24682538 18.19042007  7.94289282]
467.0;[ 7.9946001  18.21989937 18.29555772  8.14883139]
464.0;[ 7.98991382 18.35810103 18.29829833  7.97956008]
469.0;[ 8.13588012 18.16979781 18.11371276  8.14155654]
469.0;[ 8.10809524 18.16495767 18.12088504  8.0526165 ]
467.0;[ 8.14769084 18.22658492 18.20660388  7.98270492]
469.0;[ 8.1217538  18.21929075 18.00195869  8.13036536]
469.0;[ 8.26203702 18.08297964 18.15165716  8.06421801]
467.0;[ 8.31233424 18.06696951 18.11078428  7.99292481]
469.0;[ 8.2280456  18.14943312 18.17815502  8.02201686]
467.0;[ 8.27061097 18.01276241 18.20807282  7.97838233]
469.0;[ 8.20087574 18.01119703 18.03998604  8.16889802]
462.0;[ 8.15432235 18.12732088 17.89488809  8.12338092]
469.0;[ 8.15338917 18.1279925  18.0922996   8.06013971]
469.0;[ 8.04062477 18.20604383 18.03571668  8.08169166]
469.0;[ 8.08204858 18.19679278 18.15310437  8.12117213]
469.0;[ 8.23193499 18.27621293 18.2037347   8.24602603]
469.0;[ 8.08939907 18.398779   18.12336902  8.16625025]
467.0;[ 7.9996297  18.39614703 18.10291759  8.14453426]
469.0;[ 8.21457937 18.5444196  18.19752231  8.23729599]
469.0;[ 8.10532326 18.53220172 18.21984349  8.28244157]
469.0;[ 8.23602832 18.61729808 18.19387888  8.42456555]
469.0;[ 8.22671539 18.54782124 18.34056331  8.37925647]
469.0;[ 8.3006064  18.44203958 18.37427759  8.4574994 ]
469.0;[ 8.22094152 18.30190376 18.23498905  8.48664678]
469.0;[ 8.23409925 18.43733929 18.34433548  8.61496036]
469.0;[ 8.37244058 18.51772951 18.40413391  8.69764689]
469.0;[ 8.2946134  18.4101306  18.42800601  8.59792647]
469.0;[ 8.30966192 18.54752492 18.48628454  8.68357613]
469.0;[ 8.24433247 18.63586483 18.33929445  8.60695091]
469.0;[ 8.29330983 18.67736561 18.40392575  8.5609247 ]
469.0;[ 8.35383616 18.7578652  18.43379128  8.56339433]
469.0;[ 8.23435916 18.85588029 18.38026061  8.6102151 ]
469.0;[ 8.09424191 18.81745727 18.4429268   8.71590556]
469.0;[ 8.19177689 18.90014849 18.48434736  8.76836242]
469.0;[ 8.1685462  18.94845649 18.38425549  8.83524154]
476.0;[ 8.15528319 19.04458134 18.3537207   8.7529315 ]
476.0;[ 8.11318988 19.11309141 18.34041124  8.82533955]
476.0;[ 8.08984754 19.16055183 18.39357757  8.79083942]
476.0;[ 8.16771956 19.06380553 18.25484696  8.76796375]
476.0;[ 8.09150009 19.10625552 18.24958566  8.72699978]
476.0;[ 8.13688133 19.05166503 18.23488793  8.83961107]
476.0;[ 8.18580408 19.14211255 18.13838677  8.89978002]
476.0;[ 8.32619927 19.00842    18.01158346  8.80045415]
469.0;[ 8.3215256  18.88975089 18.06368007  8.77592206]
476.0;[ 8.36444013 19.02869493 18.11179994  8.68641843]
476.0;[ 8.4090705  19.11834915 18.05299207  8.6490159 ]
476.0;[ 8.45382402 19.19154334 18.07961812  8.71890171]
470.0;[ 8.37599173 19.16125909 17.99745433  8.75037043]
476.0;[ 8.46572814 19.13720352 18.17610972  8.64333346]
476.0;[ 8.33936726 19.08039852 18.20927385  8.54595322]
476.0;[ 8.21023258 19.02422624 18.16846842  8.46788347]
476.0;[ 8.2659349  19.07591888 18.22517201  8.43677592]
476.0;[ 8.26467982 19.13458145 18.11400743  8.30196257]
476.0;[ 8.27626797 19.00375836 18.24956238  8.38754944]
469.0;[ 8.25789489 18.93321077 18.2312694   8.51621371]
469.0;[ 8.22520449 18.99024095 18.23447412  8.42936242]
476.0;[ 8.27378403 19.06465859 18.33149826  8.4322383 ]
476.0;[ 8.33615165 19.12278213 18.393393    8.30553997]
476.0;[ 8.27562534 19.05016718 18.40158366  8.30344495]
469.0;[ 8.20559176 18.94746583 18.30410224  8.18890973]
476.0;[ 8.12929852 19.09291813 18.509637    8.21042499]
476.0;[ 8.16364112 19.2003724  18.65765628  8.1509649 ]
476.0;[ 8.13743303 19.09705319 18.68374908  8.03823398]
474.0;[ 8.04023237 19.13613964 18.74469446  7.96053929]
467.0;[ 8.04826028 18.98851561 18.83013826  7.89457351]
469.0;[ 8.2846864  18.95117169 18.74588071  8.16324753]
467.0;[ 8.14360802 18.99041527 18.67407604  7.90864048]
476.0;[ 8.10048088 19.18190114 18.65883443  8.16927396]
476.0;[ 8.20395543 19.10397119 18.51057705  8.27061567]
469.0;[ 8.24221881 18.97608789 18.39573833  8.16723101]
476.0;[ 8.27422603 19.20520354 18.48410095  8.14020097]
476.0;[ 8.40330837 19.33722658 18.61969142  8.26162093]
476.0;[ 8.40860121 19.3188068  18.54492178  8.2237869 ]
476.0;[ 8.27161291 19.19410328 18.5265067   8.2747858 ]
476.0;[ 8.2604823  19.04906607 18.50246431  8.32907384]
476.0;[ 8.26551287 19.03238811 18.50478538  8.21204299]
476.0;[ 8.2452272  19.03714157 18.49689852  8.20010028]
476.0;[ 8.18050546 19.04687114 18.500517    8.29637085]
476.0;[ 8.11404003 19.1857078  18.44932809  8.28837154]
476.0;[ 8.09004869 19.3261229  18.37211022  8.30010253]
476.0;[ 8.04161331 19.25776124 18.28193321  8.428791  ]
473.0;[ 7.93051129 19.28029135 18.42504851  8.40805819]
476.0;[ 8.03362157 19.3786158  18.33182327  8.284506  ]
476.0;[ 8.08268603 19.40096374 18.37575879  8.39836287]
473.0;[ 7.9520701  19.4849433  18.38206004  8.53650941]
476.0;[ 8.0643294  19.50055843 18.24075379  8.33571893]
476.0;[ 8.04172472 19.4460159  18.10482795  8.47444941]
473.0;[ 7.95732407 19.575976   18.10971176  8.54820908]
476.0;[ 8.14012968 19.53467356 18.17242144  8.58245871]
476.0;[ 8.05698949 19.4776285  18.31059818  8.51260362]
476.0;[ 8.17879351 19.33060912 18.42169307  8.46126291]
476.0;[ 8.2954038  19.37586654 18.45120271  8.36720707]
476.0;[ 8.43222594 19.37904769 18.43056345  8.49580543]
476.0;[ 8.34253838 19.25061513 18.4545324   8.44405476]
476.0;[ 8.4317603  19.30182714 18.5426948   8.49796956]
476.0;[ 8.41102617 19.30016677 18.59941473  8.62582666]
476.0;[ 8.45990848 19.20027224 18.62136072  8.69556439]
476.0;[ 8.327122   19.23670199 18.76759628  8.5840039 ]
476.0;[ 8.22165479 19.14361831 18.82071555  8.62784857]
476.0;[ 8.10698649 19.22936273 18.94228927  8.64844432]
482.0;[ 8.09170914 19.30994592 19.05662101  8.70852758]
482.0;[ 8.20682309 19.19384324 19.07427293  8.7264901 ]
482.0;[ 8.17701771 19.14401129 19.14266174  8.79940699]
482.0;[ 8.28673047 19.0600451  19.25816079  8.86877113]
482.0;[ 8.33909465 19.02026336 19.16809726  8.97235728]
470.0;[ 8.40837117 18.88363239 19.31007379  9.03289928]
482.0;[ 8.22602712 19.13436783 19.1007255   8.87424993]
482.0;[ 8.08420505 19.2426767  19.10247324  8.89125517]
474.0;[ 7.99317723 19.21736878 19.12406797  9.00813083]
482.0;[ 8.07256813 19.20501412 19.0252524   8.75528679]
482.0;[ 8.02891396 19.21986541 19.02342644  8.80562607]
479.0;[ 7.95222796 19.23661128 19.14871014  8.8864809 ]
482.0;[ 8.13401306 19.29120452 19.14969847  8.89542119]
479.0;[ 7.98862508 19.19404675 19.26395366  8.97969927]
482.0;[ 8.14450793 19.28911463 19.22423559  8.79836963]
482.0;[ 8.26697048 19.31105335 19.28739854  8.76751682]
482.0;[ 8.19646772 19.38190737 19.3492227   8.84398043]
482.0;[ 8.29773487 19.25872639 19.36008707  8.84787558]
482.0;[ 8.24257729 19.2632047  19.40994606  8.76192931]
482.0;[ 8.32600993 19.19481442 19.4885463   8.61874646]
482.0;[ 8.38335389 19.08721601 19.48810696  8.48970896]
482.0;[ 8.49753864 19.22535995 19.54291889  8.40935715]
482.0;[ 8.60349205 19.2301984  19.61624913  8.46850846]
482.0;[ 8.56245122 19.17642109 19.72099642  8.32467274]
482.0;[ 8.66607489 19.30392894 19.66124288  8.39488498]
482.0;[ 8.64146631 19.37473824 19.65935241  8.37965886]
482.0;[ 8.74526984 19.39664035 19.67481361  8.39575222]
482.0;[ 8.82173698 19.39796343 19.70238923  8.47672316]
482.0;[ 8.92190964 19.37257741 19.61183714  8.39032382]
482.0;[ 8.83858424 19.33278755 19.63489438  8.50270097]
482.0;[ 8.91557673 19.26611616 19.55269821  8.37360591]
482.0;[ 8.7722703  19.28894073 19.4490658   8.44280099]
482.0;[ 8.6865583  19.34397743 19.4696113   8.48322954]
482.0;[ 8.74305315 19.43114022 19.35900628  8.4291798 ]
482.0;[ 8.70513305 19.31903838 19.31781479  8.4136806 ]
482.0;[ 8.74598859 19.2843319  19.34596755  8.53213235]
482.0;[ 8.69820847 19.34403608 19.45914349  8.57859258]
482.0;[ 8.64089054 19.34569412 19.3552279   8.6579421 ]
482.0;[ 8.55283886 19.31207686 19.23498096  8.53164462]
482.0;[ 8.40840937 19.25437356 19.21986872  8.46630218]
482.0;[ 8.46009092 19.35429621 19.09851102  8.35594484]
476.0;[ 8.43819684 19.46358491 18.95313536  8.4589498 ]
482.0;[ 8.56678069 19.33235422 19.05133688  8.26571576]
476.0;[ 8.42243003 19.43205382 18.9716372   8.13865666]
476.0;[ 8.55130051 19.38582413 18.97731455  8.17585152]
476.0;[ 8.68005853 19.22781756 18.91571029  8.27214816]
476.0;[ 8.63581317 19.46012395 18.93084828  8.37706982]
482.0;[ 8.52793338 19.31230177 19.18768495  8.22947212]
482.0;[ 8.40519126 19.38856591 19.23413103  8.09822657]
482.0;[ 8.42510578 19.45330316 19.20870965  8.05550547]
482.0;[ 8.55445355 19.39991537 19.28084549  8.06667734]
482.0;[ 8.60964752 19.30773034 19.39138072  8.12663667]
482.0;[ 8.59776601 19.24183584 19.47491004  8.15729021]
482.0;[ 8.6899848  19.33986534 19.4650689   8.22487672]
482.0;[ 8.56763716 19.38995408 19.46786824  8.28947582]
482.0;[ 8.48199804 19.43557578 19.4565461   8.15434366]
482.0;[ 8.5937103  19.40920755 19.60568173  8.10080688]
482.0;[ 8.65497797 19.53690284 19.63296396  8.11198064]
482.0;[ 8.61953121 19.61412242 19.55063433  8.00876696]
479.0;[ 8.63750815 19.73251925 19.49283792  7.99103806]
482.0;[ 8.74352836 19.74019104 19.53151953  8.12368658]
482.0;[ 8.77193462 19.66994728 19.52065845  8.2082374 ]
482.0;[ 8.67647726 19.78614803 19.37995812  8.19536715]
482.0;[ 8.66723423 19.73110404 19.28451897  8.21456576]
482.0;[ 8.76705193 19.85727813 19.21824259  8.09008872]
482.0;[ 8.72590032 19.96726775 19.19627562  8.23430685]
488.0;[ 8.78318563 20.05424109 19.08825692  8.10927037]
488.0;[ 8.71215042 20.09821401 19.1564509   8.19320022]
488.0;[ 8.61859074 20.10045106 19.01099971  8.10143817]
488.0;[ 8.71815423 20.08194573 19.0845501   8.0074628 ]
485.0;[ 8.77820435 20.06602308 19.06738404  7.95310846]
488.0;[ 8.82244143 20.16986025 19.19480138  8.10940527]
485.0;[ 8.79485571 20.03058406 19.07736417  7.98491685]
488.0;[ 8.82389979 20.07103988 19.11241774  8.10093919]
488.0;[ 8.72623642 20.1482935  19.20764588  8.15271315]
488.0;[ 8.63680692 20.27916397 19.2529078   8.13276367]
488.0;[ 8.76008126 20.37293361 19.10598945  8.10804286]
483.0;[ 8.80807234 20.50643291 18.9791436   8.17107449]
488.0;[ 8.80106784 20.48565447 19.11153224  8.00422746]
488.0;[ 8.90099678 20.6198393  19.05775488  8.01973219]
481.0;[ 9.00257163 20.62258463 19.05801375  7.90590926]
485.0;[ 8.94050611 20.76891854 19.17094279  7.89043867]
481.0;[ 8.85419999 20.6617203  18.94439414  7.88893469]
485.0;[ 8.91106321 20.68590511 19.09173329  7.97939324]
483.0;[ 8.99453218 20.71496068 18.97535753  8.06950275]
488.0;[ 8.80009718 20.7150867  19.18413407  8.11422925]
488.0;[ 8.75430385 20.71183598 19.22034603  8.04152322]
488.0;[ 8.80253951 20.61791079 19.20309214  8.13754476]
488.0;[ 8.78076587 20.63774186 19.21572752  8.09979072]
485.0;[ 8.72544316 20.60954391 19.28482741  7.96380642]
488.0;[ 8.80878381 20.62544529 19.32486272  8.01856539]
488.0;[ 8.73685341 20.61557085 19.41690417  8.06852914]
488.0;[ 8.75685384 20.65512909 19.50871034  8.15389451]
488.0;[ 8.74733498 20.50955111 19.36956522  8.06254851]
488.0;[ 8.86859376 20.47716035 19.46990961  8.03467702]
488.0;[ 8.86359606 20.48069397 19.4722042   8.11620345]
488.0;[ 8.97351691 20.50121722 19.5354332   8.17725468]
483.0;[ 9.11598561 20.53643012 19.42371846  8.2083318 ]
483.0;[ 9.09171254 20.49670703 19.55899188  8.24608502]
483.0;[ 9.09492399 20.5669175  19.47585649  8.08200888]
483.0;[ 9.07872787 20.54666335 19.40474936  8.15514772]
483.0;[ 9.04532045 20.64966183 19.63997463  8.21113298]
483.0;[ 9.02039923 20.37416046 19.64811104  8.17663964]
483.0;[ 9.06817049 20.41494046 19.67670581  8.12600677]
483.0;[ 9.0100157  20.59017805 19.56466004  8.26804027]
483.0;[ 9.03049639 20.53384276 19.68106919  8.08119528]
483.0;[ 9.00651885 20.51446859 19.53205333  8.035483  ]
488.0;[ 8.9619943  20.49824604 19.48741905  8.26926492]
488.0;[ 8.94458569 20.53908373 19.45083595  8.36128014]
483.0;[ 9.0081943  20.39634912 19.43411278  8.23544545]
488.0;[ 8.80624067 20.40020888 19.48666929  8.30734532]
488.0;[ 8.93892348 20.47811108 19.55027043  8.22299235]
488.0;[ 8.81230692 20.59908784 19.59042435  8.37276801]
488.0;[ 8.90731187 20.66019793 19.52151796  8.33203008]
488.0;[ 8.79316512 20.80213893 19.56881499  8.20417173]
488.0;[ 8.92283863 20.8304726  19.69853434  8.28965456]
488.0;[ 8.9581924  20.78324103 19.76542948  8.4095763 ]
483.0;[ 9.09311321 20.78526624 19.66568329  8.32859531]
488.0;[ 8.93921882 20.72027956 19.77255119  8.4430834 ]
488.0;[ 8.85575224 20.80344546 19.76714804  8.3820506 ]
488.0;[ 8.75443926 20.75813702 19.87612184  8.25380815]
488.0;[ 8.69948548 20.63827191 19.8345326   8.12247301]
488.0;[ 8.72879018 20.54435516 19.72467714  8.02244194]
488.0;[ 8.80663994 20.39600078 19.7640779   8.10130962]
488.0;[ 8.66042696 20.29371224 19.70755729  8.01470598]
485.0;[ 8.76480592 20.34999889 19.71848131  7.88536794]
488.0;[ 8.78906189 20.29101224 19.77200216  8.07659548]
488.0;[ 8.72451732 20.42989998 19.80999435  8.13107936]
488.0;[ 8.77972461 20.54086816 19.93308775  8.21778653]
493.0;[ 8.71441157 20.63891923 20.08164472  8.21244781]
488.0;[ 8.70429637 20.50096611 19.98908988  8.18296421]
493.0;[ 8.72333174 20.53155318 20.22538454  8.35910755]
493.0;[ 8.809219   20.53493607 20.31289808  8.38779522]
493.0;[ 8.71813316 20.54484792 20.32123134  8.53365369]
493.0;[ 8.58620745 20.49125637 20.36380456  8.40871668]
493.0;[ 8.71127708 20.62679725 20.4093931   8.40015393]
493.0;[ 8.84941467 20.50535624 20.46825737  8.45627845]
493.0;[ 8.837826   20.41674639 20.55796814  8.34098505]
493.0;[ 8.75164118 20.34366925 20.55677419  8.22557195]
493.0;[ 8.62622901 20.31443765 20.64556168  8.1090485 ]
489.0;[ 8.5623859  20.212141   20.79312885  7.99041719]
493.0;[ 8.75614299 20.21243175 20.63443679  8.15217661]
493.0;[ 8.76970695 20.23971114 20.61723799  8.06054202]
493.0;[ 8.91929451 20.31344307 20.48421905  8.05517885]
489.0;[ 8.93878452 20.40036642 20.62837161  7.9300916 ]
488.0;[ 9.0229903  20.17630857 20.56208811  8.12307305]
493.0;[ 8.78003407 20.35125922 20.36335003  8.17406913]
493.0;[ 8.79947087 20.21567019 20.43695447  8.13674337]
493.0;[ 8.73668772 20.23942861 20.43630765  8.20690662]
493.0;[ 8.62373277 20.31177615 20.54955371  8.31482599]
493.0;[ 8.69127086 20.24988461 20.49245395  8.25933908]
493.0;[ 8.66416762 20.13566937 20.5316897   8.2243089 ]
493.0;[ 8.77286042 20.08058159 20.58421914  8.29392121]
493.0;[ 8.70686637 20.154676   20.45362325  8.41772143]
493.0;[ 8.70034929 20.03578343 20.35926216  8.45159137]
488.0;[ 8.56080206 19.94337054 20.37679772  8.3086415 ]
493.0;[ 8.8375107  20.04420016 20.47701631  8.49748788]
488.0;[ 8.8426877  19.9607324  20.35910592  8.48683886]
493.0;[ 8.9104628  20.13169034 20.39671595  8.45578412]
493.0;[ 8.8467     20.15082148 20.45981706  8.46635151]
493.0;[ 8.74690858 20.22992388 20.5141112   8.5571348 ]
493.0;[ 8.64226391 20.09591473 20.53474754  8.45827609]
493.0;[ 8.65134503 20.17080101 20.4984633   8.36768617]
493.0;[ 8.55559069 20.15747454 20.40104284  8.39656454]
493.0;[ 8.58019216 20.02358184 20.27468363  8.36783411]
488.0;[ 8.7074081  19.99467258 20.25008187  8.4585008 ]
493.0;[ 8.58207357 20.13932132 20.34158103  8.37616316]
493.0;[ 8.55579953 20.2582315  20.32409249  8.28411487]
493.0;[ 8.66736897 20.15527433 20.24411327  8.20668914]
493.0;[ 8.77854104 20.1897078  20.31024526  8.28116177]
493.0;[ 8.73524588 20.31330129 20.16314204  8.33942799]
493.0;[ 8.72076772 20.41639031 20.03815838  8.46221745]
488.0;[ 8.67042585 20.56318455 19.96672552  8.56088683]
493.0;[ 8.71306088 20.2789725  20.1847956   8.52336589]
493.0;[ 8.72225464 20.3239927  20.32338447  8.55665235]
493.0;[ 8.85181017 20.17588977 20.36040916  8.6192488 ]
493.0;[ 8.99502785 20.17665225 20.45881857  8.58939037]
493.0;[ 8.84617672 20.16065335 20.59957908  8.62006136]
493.0;[ 8.80147478 20.30827808 20.68239944  8.62136562]
493.0;[ 8.8310253  20.44513263 20.55519509  8.63348023]
493.0;[ 8.71346501 20.457463   20.52782348  8.71189463]
493.0;[ 8.66764637 20.58723259 20.40144447  8.70968511]
493.0;[ 8.71465826 20.6961923  20.43564939  8.85012022]
493.0;[ 8.64420795 20.61816383 20.54105853  8.72233788]
493.0;[ 8.67736894 20.4763009  20.48563344  8.6488829 ]
493.0;[ 8.64780691 20.3322609  20.38178301  8.55641895]
493.0;[ 8.50328703 20.24091665 20.34143467  8.50816621]
493.0;[ 8.3751872  20.18422995 20.4117437   8.37425153]
493.0;[ 8.4938045  20.04527517 20.41562404  8.40135803]
493.0;[ 8.373338   20.18562151 20.39733403  8.38370394]
493.0;[ 8.40460211 20.03983849 20.37435512  8.43100585]
493.0;[ 8.51492334 20.13530907 20.25898777  8.46303665]
488.0;[ 8.59075411 19.9855811  20.3313514   8.57672547]
488.0;[ 8.60101147 19.99372352 20.19410413  8.41236135]
493.0;[ 8.5070542  20.15945933 20.31476072  8.61281539]
493.0;[ 8.46837182 20.22684405 20.32160578  8.6701293 ]
493.0;[ 8.41656717 20.21112905 20.25701334  8.61090536]
493.0;[ 8.28772594 20.30289253 20.12490907  8.66328409]
493.0;[ 8.34510265 20.43844386 20.16794893  8.69723452]
493.0;[ 8.30375897 20.52334643 20.13397462  8.69364803]
493.0;[ 8.34292114 20.63141652 20.19002408  8.81950907]
493.0;[ 8.25753764 20.59625233 20.057296    8.90060528]
488.0;[ 8.25885028 20.53028403 19.98988197  8.86368542]
488.0;[ 8.21726921 20.45042899 19.99370975  8.93625879]
493.0;[ 8.16929227 20.61793409 20.08951051  8.82863812]
493.0;[ 8.11723721 20.69137736 20.13512757  8.70185868]
493.0;[ 8.17331954 20.57130864 20.09554393  8.6500308 ]
493.0;[ 8.31699211 20.64589607 20.24206201  8.79814857]
493.0;[ 8.18399172 20.56915129 20.15225605  8.9226735 ]
493.0;[ 8.22934784 20.49010745 20.23518136  8.81253107]
493.0;[ 8.37381197 20.60126139 20.17464721  8.75250405]
493.0;[ 8.26702835 20.66320958 20.04494078  8.69693631]
493.0;[ 8.1489661  20.56816671 20.05335334  8.5522886 ]
493.0;[ 8.13879582 20.55862035 20.08905224  8.61580824]
488.0;[ 8.10681222 20.59342795 19.9423665   8.58063622]
493.0;[ 8.24362042 20.43976696 20.04389111  8.60566377]
488.0;[ 8.29093266 20.45131857 19.90224262  8.59573021]
493.0;[ 8.39064686 20.57291272 20.14619958  8.6610335 ]
493.0;[ 8.44176633 20.66750489 20.1231568   8.64820722]
493.0;[ 8.58314519 20.65472128 20.01148445  8.72832109]
488.0;[ 8.45579327 20.80310745 19.91145301  8.62178195]
488.0;[ 8.66275601 20.71372851 19.98308057  8.81649267]
493.0;[ 8.73213571 20.72977344 20.0889777   8.68517288]
493.0;[ 8.82097016 20.58442793 20.17687577  8.71746163]
493.0;[ 8.70992639 20.60045542 20.12976925  8.6544009 ]
493.0;[ 8.5651127  20.46885756 20.23912132  8.61330435]
493.0;[ 8.63948401 20.53040864 20.30253811  8.52153598]
493.0;[ 8.75019409 20.53597327 20.17521111  8.44477971]
493.0;[ 8.85135994 20.43946925 20.29757598  8.42332347]
493.0;[ 8.90569383 20.42094858 20.2395475   8.33309253]
493.0;[ 8.86218134 20.30338633 20.37501515  8.47487594]
493.0;[ 8.71744304 20.26110102 20.24642647  8.55795545]
493.0;[ 8.74198165 20.30286481 20.29610325  8.63046993]
493.0;[ 8.69707569 20.38382524 20.3692409   8.72006066]
493.0;[ 8.68305049 20.48735181 20.32687181  8.57273316]
493.0;[ 8.70457383 20.50590586 20.47189335  8.65942324]
493.0;[ 8.63869831 20.48385189 20.50185604  8.79483228]
493.0;[ 8.59367161 20.55632804 20.58825176  8.80862228]
493.0;[ 8.70575425 20.57688214 20.58633253  8.86208318]
493.0;[ 8.70052872 20.61247337 20.67091552  8.83550862]
493.0;[ 8.59949967 20.61494588 20.70220867  8.87483029]
493.0;[ 8.54068446 20.47633308 20.7923457   8.76526916]
493.0;[ 8.40855452 20.62585602 20.68432119  8.8499674 ]
493.0;[ 8.39020954 20.5251331  20.81814214  8.98449779]
493.0;[ 8.44861519 20.40981229 20.84918763  8.83623157]
493.0;[ 8.43368457 20.52856266 20.88607401  8.79681361]
493.0;[ 8.4396516  20.4805804  20.77472834  8.65699262]
493.0;[ 8.53913045 20.57321292 20.77963729  8.63877012]
493.0;[ 8.39502892 20.54542325 20.69164488  8.681615  ]
493.0;[ 8.3588367  20.61506973 20.67871886  8.69051111]
493.0;[ 8.42946307 20.72288332 20.71878635  8.57092217]
493.0;[ 8.37597101 20.60332757 20.83464864  8.59890473]
493.0;[ 8.40957085 20.57895748 20.82521985  8.67828212]
493.0;[ 8.42297153 20.51679083 20.68272799  8.53031544]
493.0;[ 8.47816618 20.50314235 20.67304931  8.66395634]
493.0;[ 8.52503419 20.51755268 20.5848344   8.57812753]
493.0;[ 8.57675965 20.63876587 20.63820078  8.55854708]
493.0;[ 8.44056424 20.50457293 20.77348124  8.44184174]
493.0;[ 8.30566274 20.35964245 20.8193474   8.33402424]
493.0;[ 8.43380575 20.38920747 20.75900959  8.45014783]
493.0;[ 8.53311627 20.39217276 20.89551464  8.48670792]
493.0;[ 8.49903728 20.42608039 20.90644648  8.63439069]
493.0;[ 8.45098341 20.31065826 20.88433384  8.72376325]
493.0;[ 8.30544765 20.40186866 20.94791084  8.64659543]
498.0;[ 8.39860622 20.38150225 21.02832196  8.59346223]
493.0;[ 8.50206288 20.39320753 20.88533333  8.71312048]
493.0;[ 8.52650652 20.49116954 20.9250722   8.64148257]
498.0;[ 8.34371178 20.32354995 21.00250445  8.56111472]
498.0;[ 8.25509721 20.27111692 21.117987    8.42815797]
498.0;[ 8.18187207 20.14591944 21.21387694  8.29507368]
498.0;[ 8.16305352 20.28817569 21.32055162  8.22304659]
498.0;[ 8.29785451 20.36528853 21.23585893  8.31743301]
498.0;[ 8.17179137 20.25467207 21.20323613  8.45685268]
498.0;[ 8.24619461 20.16587152 21.20464961  8.45971201]
498.0;[ 8.39260169 20.18046872 21.22653305  8.58423385]
498.0;[ 8.25772155 20.07420036 21.3717974   8.642304  ]
494.0;[ 8.1593012  19.95575711 21.32836184  8.75089431]
498.0;[ 8.3343875  20.00591115 21.31426294  8.72823771]
498.0;[ 8.23053268 20.06287236 21.31728816  8.65283214]
498.0;[ 8.13830825 20.00621425 21.28208982  8.56079239]
498.0;[ 8.00207432 20.06577084 21.18699281  8.55482745]
489.0;[ 7.9508585  20.14843044 21.12426672  8.41388585]
498.0;[ 8.0684978  20.02939218 21.25391567  8.69212521]
498.0;[ 8.01052048 20.16114892 21.29952076  8.63253829]
498.0;[ 8.07841287 20.2878054  21.41377853  8.73183882]
498.0;[ 8.01753291 20.22102137 21.38568206  8.82791758]
498.0;[ 8.01466229 20.07886831 21.41864919  8.89801266]
489.0;[ 7.96739849 19.9290534  21.34015157  8.8192461 ]
494.0;[ 8.09593527 20.04596424 21.53763933  9.0153613 ]
486.0;[ 7.93520139 19.95140815 21.3584425   9.02106582]
498.0;[ 8.11734172 20.1212386  21.32754982  8.84625355]
498.0;[ 8.07415786 20.01191845 21.23534735  8.98235241]
498.0;[ 8.13378199 20.02993111 21.25716833  8.96608508]
494.0;[ 8.07046677 19.88539643 21.15188286  8.98966578]
494.0;[ 8.20595627 20.14929162 21.32602182  9.07944367]
494.0;[ 8.14210528 20.12043438 21.12473533  9.02034268]
490.0;[ 8.01470556 19.97205136 21.38776812  9.0961364 ]
498.0;[ 8.10750078 20.0435598  21.20703177  8.95552239]
498.0;[ 8.21586716 20.15106363 21.30367584  8.99531007]
494.0;[ 8.14724511 20.27913775 21.3594429   9.09840602]
498.0;[ 8.13520961 20.09083637 21.16564037  8.93250592]
489.0;[ 7.99938968 20.01566926 21.02791829  8.83111486]
498.0;[ 8.02905    20.19249899 21.1391995   8.7886456 ]
498.0;[ 8.09222927 20.27457065 21.15656501  8.7331928 ]
498.0;[ 8.2349461  20.30079523 21.02470261  8.84632589]
493.0;[ 8.29518916 20.33260334 20.96535003  8.81844712]
498.0;[ 8.17317792 20.44053415 21.14597243  8.78712283]
498.0;[ 8.06355517 20.52229867 21.06497721  8.8787446 ]
498.0;[ 8.06959286 20.4687571  21.12174666  8.82774434]
489.0;[ 7.96925603 20.34595183 21.26439948  8.76870204]
493.0;[ 8.02778576 20.54400847 20.97569077  8.82792347]
493.0;[ 8.00820983 20.35420674 20.99828968  8.84916619]
498.0;[ 8.14775611 20.50432073 21.1826193   8.69864178]
498.0;[ 8.03077818 20.39128802 21.20464013  8.75611929]
489.0;[ 7.95175537 20.3112435  21.05771587  8.7626384 ]
489.0;[ 7.91894741 20.36833955 21.07846761  8.74513054]
489.0;[ 7.91121799 20.30490898 21.28358464  8.61558723]
489.0;[ 7.97154308 20.50553048 21.12062051  8.70022466]
489.0;[ 7.92340562 20.39327572 21.19385957  8.72569262]
489.0;[ 7.90306266 20.32378685 21.28050919  8.6233333 ]
489.0;[ 7.96150469 20.31954686 21.13597145  8.81850863]
498.0;[ 8.15175583 20.38672004 21.29557838  8.76845799]
498.0;[ 8.00623515 20.31097309 21.19614617  8.86085719]
489.0;[ 7.95392672 20.36022932 21.28894069  9.00653796]
498.0;[ 8.10117613 20.44951745 21.25632894  8.86369671]
498.0;[ 8.10210638 20.37106825 21.15964049  8.78161608]
498.0;[ 8.04743647 20.51496788 21.15698252  8.91896348]
489.0;[ 7.94625533 20.55758151 21.20320965  9.02265288]
498.0;[ 8.15381237 20.51398998 21.10850237  8.78869893]
498.0;[ 8.11285766 20.41105945 21.1700852   8.64708189]
498.0;[ 8.18721778 20.52722189 21.11409337  8.64658078]
498.0;[ 8.11618266 20.66334178 21.21268488  8.61916625]
498.0;[ 8.13551074 20.63084394 21.35990523  8.66293284]
498.0;[ 8.1591289  20.59807336 21.2219232   8.70689889]
498.0;[ 8.20205366 20.62130635 21.36385029  8.60443908]
498.0;[ 8.10253552 20.7409462  21.51356007  8.55780531]
489.0;[ 7.95467551 20.61835672 21.63548092  8.56890913]
498.0;[ 8.04465866 20.74536625 21.43861905  8.41551774]
489.0;[ 7.98178727 20.77358623 21.51393406  8.53265738]
498.0;[ 8.10564688 20.73886631 21.50975028  8.44896897]
498.0;[ 8.0633998  20.73666329 21.53992862  8.5946626 ]
498.0;[ 8.20851039 20.88587406 21.65994844  8.70033005]
498.0;[ 8.33908458 20.98905802 21.5251852   8.70907939]
498.0;[ 8.35808142 21.10728403 21.54603629  8.59224943]
498.0;[ 8.22133869 21.05160534 21.52467153  8.71250255]
498.0;[ 8.32843844 21.1305046  21.40456495  8.69523975]
498.0;[ 8.25899221 21.18520998 21.25518932  8.75067935]
498.0;[ 8.34452124 21.2216836  21.12090452  8.74499736]
498.0;[ 8.36424643 21.21329855 20.9925416   8.82777494]
498.0;[ 8.27548428 21.32260874 21.10953017  8.93387441]
498.0;[ 8.26001676 21.43830167 21.08070611  9.03398402]
498.0;[ 8.3943825  21.47680357 21.22364404  8.95184122]
498.0;[ 8.51686356 21.36414513 21.2727374   8.8261123 ]
498.0;[ 8.42841866 21.40211845 21.14278314  8.79456902]
498.0;[ 8.56959669 21.31410799 21.18699678  8.6575812 ]
498.0;[ 8.45044187 21.18363544 21.20592621  8.55232208]
498.0;[ 8.49569375 21.27350266 21.26503064  8.66995295]
498.0;[ 8.50788973 21.3421741  21.35240264  8.59461994]
498.0;[ 8.56944567 21.20284316 21.44964317  8.52981678]
498.0;[ 8.62038796 21.34539436 21.54731144  8.60496248]
498.0;[ 8.50406214 21.32159483 21.44198925  8.62601384]
498.0;[ 8.55815925 21.20652642 21.54754908  8.62162463]
498.0;[ 8.57062745 21.3537283  21.47318087  8.66091721]
498.0;[ 8.66302965 21.46572053 21.37288268  8.65407331]
498.0;[ 8.65629883 21.44877064 21.27836043  8.6892934 ]
498.0;[ 8.66658011 21.43552678 21.20706194  8.78486666]
498.0;[ 8.81101968 21.43255139 21.17916988  8.66462348]
498.0;[ 8.71180017 21.46982703 21.19248049  8.7058205 ]
498.0;[ 8.64079949 21.40547139 21.09996679  8.70674175]
498.0;[ 8.52510658 21.26027576 21.06881026  8.59470802]
498.0;[ 8.616532   21.38896458 21.14328269  8.68120729]
498.0;[ 8.62925171 21.31183676 21.07362035  8.6606874 ]
498.0;[ 8.48855602 21.27323792 21.04037692  8.5673732 ]
498.0;[ 8.5091886  21.14561288 21.1697662   8.41825058]
498.0;[ 8.4889999  21.13290639 21.17282921  8.51942099]
498.0;[ 8.48544215 21.24670709 21.18922556  8.60871595]
498.0;[ 8.39795275 21.31277146 21.20408284  8.56411674]
498.0;[ 8.27741523 21.42312756 21.21847123  8.70688258]
498.0;[ 8.26972743 21.43831358 21.25830314  8.72318412]
498.0;[ 8.41971651 21.40608642 21.17831449  8.64050532]
498.0;[ 8.35518248 21.33688951 21.06761711  8.53805979]
498.0;[ 8.40681426 21.20761989 21.03895384  8.4980866 ]
498.0;[ 8.44978421 21.19104833 20.99476061  8.52473978]
498.0;[ 8.59350088 21.06627775 21.09603225  8.54356907]
498.0;[ 8.69384549 21.17862619 21.07714953  8.49054179]
498.0;[ 8.78067821 21.27536757 20.97271622  8.42474046]
498.0;[ 8.87862959 21.37390903 21.11200445  8.55020518]
498.0;[ 8.86372295 21.38521706 21.01395585  8.45510406]
498.0;[ 8.93770565 21.44360316 21.05334341  8.46207151]
498.0;[ 8.94432493 21.47944546 21.04676125  8.39345525]
498.0;[ 8.94874874 21.58950641 20.89769669  8.45370581]
498.0;[ 8.81223194 21.5882293  20.78857905  8.48400637]
498.0;[ 8.67858116 21.55447243 20.83621158  8.47542468]
498.0;[ 8.78322578 21.59208013 20.90504856  8.616312  ]
498.0;[ 8.89740036 21.54264663 20.8780233   8.65423975]
494.0;[ 9.02831732 21.40115511 20.74611918  8.59521601]
498.0;[ 9.00221099 21.43779352 21.02274299  8.58000354]
498.0;[ 8.9927113  21.41041863 21.04110081  8.4772766 ]
494.0;[ 9.08197155 21.3282878  20.99586291  8.51638819]
498.0;[ 8.85716271 21.31416006 21.16850643  8.47079923]
498.0;[ 8.74070109 21.45520082 21.05210585  8.46158792]
498.0;[ 8.71457198 21.33003284 21.01433696  8.59880354]
498.0;[ 8.81660997 21.32322295 20.99381913  8.48981218]
498.0;[ 8.87257235 21.37590369 21.03645022  8.53393706]
498.0;[ 8.76852489 21.378106   21.17999255  8.67522546]
498.0;[ 8.87103885 21.31302893 21.03994522  8.82044987]
498.0;[ 8.96869911 21.21749833 20.96295369  8.77576003]
494.0;[ 9.09541153 21.23886699 20.92424064  8.72434734]
498.0;[ 8.84610403 21.29948972 21.0668721   8.75586813]
498.0;[ 8.94280105 21.42241083 21.089555    8.87999794]
498.0;[ 9.05447928 21.30154616 21.05543027  8.92228619]
498.0;[ 8.97138577 21.1648728  21.03393413  8.88435281]
498.0;[ 8.923133   21.24024201 20.96185122  8.7440811 ]
494.0;[ 9.05238735 21.11434306 20.85569658  8.76107906]
494.0;[ 9.0287314  21.17470381 20.94455095  8.86836863]
498.0;[ 8.96014643 21.21919234 20.98947295  8.70825457]
498.0;[ 8.88003803 21.20562274 20.87215762  8.64127667]
498.0;[ 8.79632514 21.13474165 20.86032069  8.6633498 ]
498.0;[ 8.90444879 21.19869545 20.77996533  8.7405032 ]
498.0;[ 8.96676166 21.31938511 20.70254679  8.6002985 ]
498.0;[ 8.93728561 21.36197857 20.61983602  8.7415462 ]
494.0;[ 9.04858546 21.26393425 20.48271693  8.75719225]
494.0;[ 9.0375914  21.4271152  20.74035179  8.78311938]
498.0;[ 8.84335722 21.2602322  20.6781892   8.79356493]
498.0;[ 8.91211115 21.22825237 20.69029676  8.73955698]
498.0;[ 8.81582565 21.11945004 20.75866546  8.67018618]
498.0;[ 8.86854731 21.04521034 20.90702663  8.7549767 ]
493.0;[ 8.80610851 20.99588911 20.76075924  8.90286257]
493.0;[ 8.77021478 20.96426423 20.85033822  8.82687558]
493.0;[ 8.81138827 20.90011368 20.95919097  8.81935018]
493.0;[ 8.84796337 20.91623251 20.98006911  8.8397121 ]
498.0;[ 8.74876304 21.07638319 20.87657667  8.72639465]
498.0;[ 8.80949232 21.01771838 20.73100921  8.85619657]
498.0;[ 8.81113502 21.09129041 20.68804978  8.93749653]
498.0;[ 8.70498435 21.22397905 20.73951259  8.97803208]
493.0;[ 8.8518489  21.20432807 20.73057458  9.08694572]
493.0;[ 8.70480476 21.37330572 20.73635499  9.03440505]
498.0;[ 8.81210727 21.2005077  20.70720721  8.96635962]
498.0;[ 8.67111021 21.14993329 20.82587477  8.89055462]
498.0;[ 8.71124755 21.10235208 20.91305922  8.84844416]
498.0;[ 8.61242489 21.23704929 20.82178729  8.80196533]
498.0;[ 8.48055759 21.13916575 20.86661625  8.78915906]
498.0;[ 8.5143538  21.02373199 20.74776715  8.75528212]
498.0;[ 8.55722184 21.04942748 20.88716287  8.71072006]
493.0;[ 8.45339535 20.96484881 20.92394289  8.80109385]
493.0;[ 8.62583082 20.94099405 20.83301025  8.76235796]
498.0;[ 8.68542312 21.17379112 21.0192652   8.58841829]
498.0;[ 8.64185388 21.29505611 21.02845083  8.70550292]
498.0;[ 8.51580975 21.24397198 21.02437327  8.73018006]
498.0;[ 8.39643782 21.13559551 21.01263282  8.80498147]
498.0;[ 8.32053266 21.02946796 20.89431512  8.91274412]
493.0;[ 8.40950528 20.94926893 20.97700344  8.79696692]
498.0;[ 8.32596008 21.16061974 20.99798922  8.9187138 ]
498.0;[ 8.34161238 21.11335404 21.0074253   8.99844051]
498.0;[ 8.43040501 21.06752572 21.06846918  9.13288542]
498.0;[ 8.55128338 21.0190914  21.1877187   9.01400733]
494.0;[ 8.63593452 20.90128664 21.23229841  9.13992224]
498.0;[ 8.46782571 21.10617562 21.08036349  9.12243298]
498.0;[ 8.5597123  21.13333365 21.19399381  9.06508583]
498.0;[ 8.44856672 21.2052454  21.2820622   8.97446093]
498.0;[ 8.56138442 21.10512842 21.21362366  9.11398645]
498.0;[ 8.52492399 21.1708935  21.29739683  8.96482779]
498.0;[ 8.52040653 21.24139794 21.2825711   9.04690534]
498.0;[ 8.60681765 21.14911577 21.42233655  9.17839019]
498.0;[ 8.63313898 21.24572512 21.4282609   9.02922079]
498.0;[ 8.70896264 21.09798218 21.55254117  9.0625989 ]
498.0;[ 8.70286903 21.23655069 21.68161459  9.03309548]
498.0;[ 8.58415796 21.2523423  21.75299322  8.90155228]
498.0;[ 8.59976655 21.30580116 21.73919861  8.8159813 ]
498.0;[ 8.46502584 21.16089512 21.67272767  8.82366496]
498.0;[ 8.57004612 21.03858879 21.71925512  8.90754008]
498.0;[ 8.67120033 20.8970477  21.58150116  8.80699432]
498.0;[ 8.79698947 20.85604934 21.47268898  8.70901448]
498.0;[ 8.93479689 20.84044041 21.43493773  8.76503944]
493.0;[ 9.02364939 20.9262019  21.38844733  8.84382155]
498.0;[ 8.85544624 20.83333206 21.50162089  8.76521959]
498.0;[ 8.98509367 20.90234351 21.50390054  8.76122758]
498.0;[ 8.9639432  21.04217912 21.50665982  8.64373033]
498.0;[ 8.98456081 20.92471977 21.45204712  8.73962227]
493.0;[ 9.07908597 20.90026939 21.54180329  8.70164215]
493.0;[ 9.04613721 20.88538205 21.34419394  8.64329936]
498.0;[ 8.98476529 20.99944163 21.58086828  8.80740512]
498.0;[ 8.85613381 21.13443164 21.49249851  8.79911121]
498.0;[ 8.8263429  20.99488962 21.39137152  8.68915868]
498.0;[ 8.69354042 20.94811388 21.49755889  8.79866507]
498.0;[ 8.62006156 21.08495414 21.64383311  8.80686533]
498.0;[ 8.57879937 21.1881293  21.77391999  8.91736331]
498.0;[ 8.71127556 21.2183962  21.80553502  8.84250007]
498.0;[ 8.78129597 21.3615723  21.67592538  8.704229  ]
498.0;[ 8.69931687 21.44526021 21.58442704  8.81134702]
498.0;[ 8.76716462 21.49077425 21.70273715  8.94812393]
498.0;[ 8.67060181 21.44941624 21.68553058  9.04308608]
498.0;[ 8.74016072 21.59240561 21.62160077  9.00793199]
498.0;[ 8.79989468 21.58775264 21.69225078  8.9532559 ]
498.0;[ 8.67903805 21.58553572 21.7640755   9.01414465]
498.0;[ 8.56672629 21.63945644 21.70294473  8.99275789]
498.0;[ 8.67663604 21.58847275 21.79116485  9.08191589]
498.0;[ 8.79034896 21.59598282 21.67086574  8.96195655]
498.0;[ 8.64255516 21.69097545 21.77503257  8.93238016]
498.0;[ 8.49752638 21.67011957 21.67882307  8.82017006]
498.0;[ 8.53234034 21.64808854 21.70770802  8.80121293]
498.0;[ 8.67016193 21.68921461 21.72922654  8.80527248]
498.0;[ 8.61994489 21.71903959 21.6808348   8.72842909]
498.0;[ 8.59236083 21.6166987  21.54728103  8.72195589]
498.0;[ 8.51767805 21.5444781  21.55610233  8.78869985]
498.0;[ 8.49599315 21.60500353 21.4936433   8.82280088]
498.0;[ 8.36884347 21.53094469 21.46291653  8.82470418]
498.0;[ 8.3765328  21.65157217 21.42730869  8.84407915]
498.0;[ 8.3566033  21.50799845 21.30400447  8.95235542]
498.0;[ 8.41389817 21.42277331 21.32282025  8.97100761]
498.0;[ 8.30531346 21.51371468 21.28296531  8.9563153 ]
498.0;[ 8.34673712 21.5636735  21.40341679  8.82939423]
498.0;[ 8.42795752 21.51601981 21.26165439  8.74629054]
498.0;[ 8.48015348 21.45913171 21.22704462  8.6283006 ]
498.0;[ 8.49205495 21.46981917 21.22037807  8.56257255]
498.0;[ 8.49231645 21.57141909 21.3085595   8.69430328]
498.0;[ 8.366315   21.50662484 21.1897175   8.72048291]
498.0;[ 8.49935859 21.63976097 21.06153639  8.63692954]
498.0;[ 8.51065713 21.53633103 20.97087629  8.72692463]
498.0;[ 8.64406745 21.43891169 21.06518314  8.7910343 ]
498.0;[ 8.75693483 21.40309787 20.91658308  8.91443623]
498.0;[ 8.64409006 21.4864948  21.02386938  8.79500234]
498.0;[ 8.64342331 21.50519698 20.8853729   8.79335793]
498.0;[ 8.69531415 21.40665678 20.89500505  8.74980207]
498.0;[ 8.69622261 21.51826629 20.75520169  8.78999906]
498.0;[ 8.75957361 21.36918505 20.68902309  8.72416679]
498.0;[ 8.75807307 21.41958778 20.83388283  8.80829544]
498.0;[ 8.79653086 21.42786468 20.97550933  8.7561354 ]
498.0;[ 8.9017568  21.41638567 20.92479886  8.62164987]
494.0;[ 9.00133999 21.47599798 20.85853091  8.65688088]
498.0;[ 8.84322573 21.49585675 20.81668851  8.63559047]
498.0;[ 8.80604737 21.35105545 20.90772177  8.56029134]
498.0;[ 8.72824854 21.23229176 20.77756315  8.67864902]
498.0;[ 8.87710864 21.24948597 20.8203132   8.61714565]
498.0;[ 8.80571215 21.3758967  20.84498534  8.64059367]
498.0;[ 8.68227907 21.30037108 20.98910675  8.56852552]
498.0;[ 8.69344696 21.44774208 20.96524828  8.47637153]
498.0;[ 8.83284892 21.32300426 20.83795035  8.57464359]
498.0;[ 8.75179023 21.24853477 20.81026288  8.46758765]
498.0;[ 8.70975105 21.10285979 20.92774044  8.45820916]
498.0;[ 8.79605125 21.11507789 20.85833691  8.46415256]
498.0;[ 8.66108165 21.243002   20.92556462  8.55553185]
498.0;[ 8.62208427 21.24504099 20.83668514  8.50797958]
498.0;[ 8.7662771  21.16240416 20.83253529  8.59344585]
498.0;[ 8.86321693 21.05648382 20.7310223   8.53033062]
493.0;[ 8.9183049  20.98982248 20.64815353  8.4498247 ]
498.0;[ 8.99251226 21.11801321 20.6563385   8.40020185]
498.0;[ 8.99705403 21.18435018 20.71867928  8.47444808]
494.0;[ 9.12161344 21.16294251 20.63620957  8.4444437 ]
494.0;[ 9.12563034 21.21899269 20.79035986  8.40753023]
494.0;[ 9.11229131 21.07273289 20.83574293  8.54756798]
494.0;[ 9.06516216 21.33187736 20.7807326   8.59804635]
498.0;[ 8.87722445 21.24131042 20.6877965   8.54236109]
498.0;[ 8.9455971  21.20833203 20.79463026  8.68158266]
498.0;[ 8.80168063 21.27901676 20.81974805  8.60922428]
498.0;[ 8.91986655 21.37232508 20.74008248  8.52068509]
498.0;[ 8.88275383 21.34257053 20.83958689  8.53916925]
498.0;[ 8.91128966 21.2165664  20.70224217  8.63420551]
494.0;[ 9.01079022 21.33930985 20.7543747   8.62347388]
494.0;[ 9.04366173 21.12899875 20.8370546   8.74013546]
498.0;[ 8.92317996 21.09760456 20.8502447   8.72813309]
498.0;[ 8.86128465 21.02735487 20.81056673  8.62169438]
493.0;[ 8.92685077 20.9282304  20.84346125  8.75855189]
493.0;[ 8.91381826 20.88757853 20.68353785  8.65167168]
498.0;[ 8.76224449 21.03952052 20.93542704  8.51462541]
498.0;[ 8.86024408 21.13975992 20.9933213   8.43696877]
498.0;[ 8.77670409 21.13690097 21.05051728  8.31883596]
498.0;[ 8.91458208 21.26926766 20.90926604  8.22815796]
498.0;[ 8.92635611 21.24210482 20.95271164  8.12193042]
498.0;[ 8.91994182 21.37698557 21.07658711  8.08126968]
489.0;[ 8.87783058 21.23226951 20.97482379  7.94042818]
498.0;[ 8.90818505 21.25982431 20.94958093  8.15911442]
498.0;[ 8.80517485 21.25289322 20.92020733  8.08944379]
489.0;[ 8.68200821 21.28204909 21.00104908  7.98488296]
498.0;[ 8.90988564 21.32474845 21.05881976  8.00248727]
489.0;[ 8.77857691 21.25851174 21.05003746  7.93530791]
498.0;[ 8.98590601 21.44561557 21.20465982  8.12647893]
498.0;[ 8.90618024 21.51409622 21.27980132  8.11508741]
498.0;[ 8.82566822 21.36825686 21.41557188  8.12702659]
498.0;[ 8.84744898 21.25420618 21.3739746   8.01198332]
498.0;[ 8.88301878 21.21180005 21.33986643  8.00151243]
498.0;[ 8.99132929 21.18588096 21.24240838  8.08706236]
498.0;[ 8.92818856 21.11450291 21.15182772  8.17872208]
498.0;[ 8.94066748 21.05411798 21.21627827  8.10195373]
498.0;[ 8.84261761 21.10070966 21.17937576  8.17169054]
498.0;[ 8.88912704 21.15774064 21.08211604  8.18442691]
498.0;[ 9.00308509 21.23007072 21.16225619  8.21640693]
498.0;[ 8.98547561 21.36736817 21.27356731  8.21114001]
498.0;[ 8.98680567 21.32288266 21.40859914  8.08766709]
498.0;[ 8.97013462 21.26309857 21.43982066  8.03265651]
498.0;[ 8.96686964 21.24023611 21.36779479  8.08968497]
498.0;[ 9.0954063  21.20798811 21.3603985   8.15873399]
498.0;[ 9.10706765 21.32077541 21.38818889  8.18732808]
498.0;[ 9.23919797 21.46709653 21.42052924  8.2163499 ]
498.0;[ 9.30565635 21.42263908 21.48964733  8.09901773]
489.0;[ 9.39966686 21.32194136 21.35833071  7.99121098]
498.0;[ 9.32620868 21.34176018 21.39399344  8.05470137]
498.0;[ 9.27960918 21.43508774 21.47889302  8.05945283]
498.0;[ 9.22549353 21.3777502  21.52237962  8.18295934]
498.0;[ 9.2769492  21.28024941 21.38392104  8.10378754]
489.0;[ 9.30732043 21.23908429 21.41470318  7.97695866]
498.0;[ 9.15420146 21.24813376 21.36944323  8.07677219]
498.0;[ 9.27841954 21.1985173  21.39153471  8.14021473]
498.0;[ 9.3046272  21.20292492 21.51136791  8.2264652 ]
498.0;[ 9.40074944 21.20575994 21.52022165  8.17644172]
498.0;[ 9.28710656 21.22079063 21.55076008  8.24558645]
498.0;[ 9.3528301  21.10924925 21.57972955  8.35343848]
498.0;[ 9.27184622 21.2061261  21.47409328  8.25597773]
498.0;[ 9.19360122 21.21267398 21.57165972  8.25271985]
498.0;[ 9.21448445 21.09556133 21.45354119  8.14228338]
498.0;[ 9.09320644 21.1057609  21.41562687  8.04569246]
489.0;[ 8.98542137 21.20330356 21.33265714  7.9300166 ]
498.0;[ 8.96730285 21.02826832 21.45666006  8.16421648]
498.0;[ 8.94594653 21.00221253 21.47046639  8.08519242]
498.0;[ 9.06541598 21.07685434 21.3780041   8.15481522]
498.0;[ 9.10608684 21.02383274 21.28140489  8.09147668]
498.0;[ 9.01476126 21.0115408  21.3975851   8.09052967]
498.0;[ 8.97596135 21.05674053 21.50596049  8.02752423]
498.0;[ 8.8425576  21.18090934 21.61443774  8.02216352]
498.0;[ 8.82765297 21.22612227 21.55252654  8.03250706]
489.0;[ 8.97411063 21.34047823 21.48992075  7.8865168 ]
489.0;[ 8.69017215 21.10541817 21.42233772  7.9141786 ]
498.0;[ 8.73530919 21.16505308 21.63101235  8.09944698]
498.0;[ 8.73463066 21.24356788 21.64900884  8.13663961]
498.0;[ 8.69180597 21.37849137 21.77541688  8.01413284]
489.0;[ 8.81713021 21.36660759 21.91026574  7.98066498]
498.0;[ 8.73265385 21.27629408 21.81906595  8.03948889]
498.0;[ 8.60730621 21.14791187 21.89180014  8.11880688]
498.0;[ 8.46774375 21.2604593  21.78646476  8.07419686]
498.0;[ 8.59260582 21.2963368  21.75996394  8.04632479]
498.0;[ 8.44684533 21.33064244 21.73206905  8.00561993]
489.0;[ 8.44158779 21.3039971  21.58475073  7.94705942]
489.0;[ 8.43366823 21.41410022 21.64340148  7.8667045 ]
489.0;[ 8.51833064 21.19190996 21.72223067  7.86271563]
498.0;[ 8.35037426 21.33693579 21.60045975  8.10895364]
498.0;[ 8.29182091 21.37920911 21.50533687  8.09920948]
498.0;[ 8.18806996 21.46981544 21.55205111  8.14173899]
498.0;[ 8.1826603  21.50774706 21.62070256  8.25915797]
498.0;[ 8.06470579 21.52538157 21.65853065  8.23794623]
498.0;[ 8.0334534  21.40105068 21.71853604  8.34548051]
498.0;[ 8.04122616 21.45512864 21.86427316  8.48636569]
