230.0;[ 0.90269298 24.9890263   1.19715496  2.58422199]
448.0;[21.70397739 15.37883189  9.12691512  5.45565263]
355.0;[18.86186269 22.89690755  8.64206858 24.90065869]
280.0;[21.94129062 27.90030925 17.25976798 22.29849655]
347.0;[ 9.51577274 16.70830786 29.05041925 26.45903588]
167.0;[29.9814221  28.21411477 22.79915776 25.83488513]
230.0;[25.93126367 29.70842197 28.49155893 14.14883629]
398.0;[27.17528422 13.92587569  6.92218019  6.88386258]
405.0;[20.68324553  6.05394514  7.2829665  25.97421202]
349.0;[15.06272413 10.94305407 11.07508633 15.49591719]
386.0;[14.10089886 18.58236296 23.36741951  0.80575653]
373.0;[24.04000414 23.73716754 10.63208091 23.23552975]
320.0;[29.02359017 27.81077192 11.57050869 21.55245451]
391.0;[23.81383098 24.93785149  7.25138765  5.72062023]
208.0;[ 0.41846101 13.24129956  1.64967872  5.55223517]
365.0;[28.94494072  8.3579042  12.9478182   6.60712516]
391.0;[ 6.4876118  27.30484083 17.1103375  14.89223602]
352.0;[13.33989538  8.52585341 29.28864351  4.45831045]
174.0;[28.91210964  3.59473504 28.24817805 10.37113617]
129.0;[25.87886085  1.61060796 27.49955071  3.10959674]
420.0;[24.18164287  3.51882112  9.79554123 17.77614641]
403.0;[ 3.53287499 23.40950083 14.94717415 13.9909372 ]
351.0;[ 4.31661488 17.6753808  28.31671679 10.41410275]
360.0;[18.04274734  3.07242104  5.75373207  7.43561168]
157.0;[ 2.83158581 24.3298085   1.32085559 29.73714496]
191.0;[3.39038518 7.32674184 4.40958885 4.13502819]
377.0;[ 6.151718    1.22565999 22.40318326 12.77454408]
272.0;[ 2.50293925  0.74029893 14.92171647  3.64193396]
389.0;[ 7.75047563 15.07789105 15.52698791 13.31392383]
349.0;[19.09641365 20.95337616 27.78184177  1.94403281]
399.0;[13.6640703  17.06110797  7.20669274 10.60098491]
257.0;[22.0964929  22.46258948 24.16843931 19.85523527]
428.0;[23.46167346 19.84809063 16.13691182  9.72840327]
399.0;[ 8.90667314 17.42515089 27.76402892 18.92227938]
212.0;[25.63199505 18.30687233 28.92861921 26.814329  ]
349.0;[19.9782831  27.25133283  3.96289208  6.41890003]
344.0;[23.77236998 10.91155038 12.59610208  0.93371906]
368.0;[12.74210835 22.29829197  7.33686306 16.50478685]
421.0;[17.70347948 12.84594497  3.09960029  8.99370703]
335.0;[ 3.7480466  24.83507514  2.6312167   6.58025792]
245.0;[24.33279625 28.02592556  9.65260401 28.76221229]
413.0;[25.81830018 19.70822321 10.00508609  5.9171544 ]
314.0;[ 2.27582883 18.05809456  6.20324203  2.13240573]
317.0;[19.69529552  4.32535217 18.95321007 29.73098798]
155.0;[ 0.21008416 15.5080277   1.33190548 17.07177926]
215.0;[27.21236777  1.43354331 24.09959337 29.39423974]
443.0;[18.82349514 25.34547609 21.37324683  9.38989945]
257.0;[29.29379492 23.15730163 19.97888333 22.95215423]
399.0;[ 5.40905008 17.53649567 20.80741992 25.75189691]
305.0;[19.53655847  4.56249899 24.67032177 11.49409234]
365.0;[13.6640703  17.06110797  7.2829665  25.97421202]
419.0;[20.68324553 17.06110797  7.20669274 25.97421202]
342.0;[18.3481742  12.84594497 27.76402892 18.50184237]
332.0;[ 8.90667314 12.84594497  3.09960029 18.92227938]
381.0;[25.81830018 19.70822321 21.37324683  9.38989945]
470.0;[18.82349514 19.70822321 10.00508609  9.38989945]
338.0;[25.96285477  3.51882112 16.13691182  9.72840327]
407.0;[23.46167346  3.51882112  9.79554123  9.72840327]
361.0;[21.70397739 15.37883189 14.94717415 13.9909372 ]
296.0;[ 3.53287499 15.37883189  9.12691512 13.0133839 ]
399.0;[13.6640703  17.06110797  7.20669274 10.60098491]
405.0;[20.68324553  6.05394514  7.2829665  25.97421202]
421.0;[17.70347948 12.84594497  3.09960029  8.99370703]
399.0;[ 8.90667314 17.42515089 27.76402892 18.92227938]
413.0;[25.81830018 19.70822321 10.00508609  5.9171544 ]
443.0;[18.82349514 25.34547609 21.37324683  9.38989945]
420.0;[24.18164287  3.51882112  9.79554123 17.77614641]
428.0;[23.46167346 19.84809063 16.13691182  9.72840327]
448.0;[21.70397739 15.37883189  9.12691512  5.45565263]
403.0;[ 3.53287499 23.40950083 14.94717415 13.9909372 ]
458.0;[20.68324553 17.06110797  9.79554123  9.72840327]
467.0;[23.46167346 17.06110797  7.20669274  9.72840327]
413.0;[17.70347948 12.84594497  9.12691512  5.45565263]
397.0;[21.70397739 12.84594497  3.09960029  5.45565263]
478.0;[23.46167346 19.84809063 10.00508609  8.45733305]
446.0;[18.82349514 19.84809063 14.19370693  9.38989945]
430.0;[18.82349514 25.34547609 10.00508609  5.9171544 ]
375.0;[25.81830018 25.34547609 21.37324683  5.9171544 ]
358.0;[22.64771602  3.51882112  7.2829665  25.97421202]
368.0;[20.68324553  2.65795171  9.79554123 25.97421202]
419.0;[20.68324553 17.06110797  7.20669274 25.97421202]
407.0;[23.46167346  3.51882112  9.79554123  9.72840327]
421.0;[17.70347948 12.84594497  3.09960029  8.99370703]
448.0;[21.70397739 15.37883189  9.12691512  5.45565263]
428.0;[23.46167346 19.84809063 16.13691182  9.72840327]
470.0;[18.82349514 19.70822321 10.00508609  9.38989945]
443.0;[18.82349514 25.34547609 21.37324683  9.38989945]
413.0;[25.81830018 19.70822321 10.00508609  5.9171544 ]
420.0;[24.18164287  3.51882112  9.79554123 17.77614641]
405.0;[20.68324553  6.05394514  7.2829665  25.97421202]
436.0;[18.82349514 25.34547609 16.13691182  9.72840327]
431.0;[23.46167346 25.34547609 10.00508609  9.72840327]
401.0;[17.70347948 12.84594497 10.00508609  9.38989945]
428.0;[18.82349514 12.84594497  3.09960029  9.38989945]
474.0;[18.82349514 19.84809063  7.20669274  9.72840327]
435.0;[23.46167346 19.84809063 14.68565907  9.72840327]
351.0;[20.68324553 17.06110797 21.37324683 11.07716172]
446.0;[18.82349514 17.06110797  9.79554123  9.38989945]
436.0;[23.46167346 21.69984781  9.12691512  5.45565263]
456.0;[21.70397739 19.84809063 10.00508609  5.45565263]
430.0;[18.82349514 25.34547609 10.00508609  5.9171544 ]
428.0;[23.46167346 19.84809063 16.13691182  9.72840327]
421.0;[17.70347948 12.84594497  3.09960029  8.99370703]
470.0;[18.82349514 19.70822321 10.00508609  9.38989945]
446.0;[18.82349514 19.84809063 14.19370693  9.38989945]
467.0;[23.46167346 17.06110797  7.20669274  9.72840327]
458.0;[20.68324553 17.06110797  9.79554123  9.72840327]
443.0;[18.82349514 25.34547609 21.37324683  9.38989945]
478.0;[23.46167346 19.84809063 10.00508609  8.45733305]
448.0;[21.70397739 15.37883189  9.12691512  5.45565263]
465.0;[18.82349514 21.32252705  9.12691512  5.45565263]
456.0;[21.70397739 19.84809063  9.16253723  5.45565263]
470.0;[18.82349514 19.84809063  9.79554123  9.38989945]
461.0;[18.82349514 21.69538133 14.19370693  9.38989945]
445.0;[19.1660919  16.95100016 10.00508609  5.45565263]
451.0;[21.70397739 17.06110797  9.79554123  5.45565263]
369.0;[23.46167346 17.06110797 21.37324683  9.38989945]
464.0;[18.82349514 17.06110797  7.20669274  9.38989945]
478.0;[18.82349514 19.70822321 10.00508609  8.45733305]
478.0;[23.46167346 19.70822321 10.00508609  8.45733305]
474.0;[18.82349514 19.84809063  7.20669274  9.72840327]
448.0;[21.70397739 15.37883189  9.12691512  5.45565263]
446.0;[18.82349514 19.84809063 14.19370693  9.38989945]
446.0;[18.82349514 17.06110797  9.79554123  9.38989945]
458.0;[20.68324553 17.06110797  9.79554123  9.72840327]
456.0;[21.70397739 19.84809063 10.00508609  5.45565263]
467.0;[23.46167346 17.06110797  7.20669274  9.72840327]
443.0;[18.82349514 25.34547609 21.37324683  9.38989945]
470.0;[18.82349514 19.70822321 10.00508609  9.38989945]
478.0;[23.46167346 19.84809063 10.00508609  8.45733305]
477.0;[18.82349514 21.69538133  9.79554123  9.38989945]
449.0;[18.82349514 21.69538133 14.19370693 10.47998898]
469.0;[23.46167346 19.70822321  7.20669274  9.72840327]
454.0;[18.82349514 18.85028924 10.00508609  9.72840327]
482.0;[18.82349514 21.32252705  7.82358015  9.72840327]
478.0;[23.46167346 21.32252705  9.12691512  9.72840327]
479.0;[18.82349514 19.70822321  7.20669274  9.38989945]
470.0;[18.82349514 19.70822321 10.00508609  9.38989945]
478.0;[18.82349514 19.70822321 10.00508609  8.45733305]
478.0;[23.46167346 19.70822321 10.00508609  8.45733305]
461.0;[18.82349514 21.69538133 14.19370693  9.38989945]
470.0;[18.82349514 19.84809063  9.79554123  9.38989945]
478.0;[23.46167346 19.70822321 10.00508609  8.45733305]
474.0;[18.82349514 19.84809063  7.20669274  9.72840327]
465.0;[18.82349514 21.32252705  9.12691512  5.45565263]
467.0;[23.46167346 17.06110797  7.20669274  9.72840327]
478.0;[18.82349514 19.70822321 10.00508609  8.45733305]
464.0;[18.82349514 17.06110797  7.20669274  9.38989945]
470.0;[18.82349514 19.70822321 10.00508609  9.38989945]
478.0;[23.46167346 19.84809063 10.00508609  8.45733305]
478.0;[23.46167346 20.58801327  9.79554123  9.38989945]
470.0;[18.82349514 19.70822321 10.00508609  9.38989945]
476.0;[18.82349514 19.61349175  7.82358015  9.72840327]
470.0;[18.82349514 19.84809063  6.28963275  9.72840327]
462.0;[18.82349514 19.70822321  9.12691512 10.58944017]
469.0;[23.46167346 19.70822321  7.20669274  9.72840327]
478.0;[18.82349514 19.70822321 10.00508609  8.45733305]
478.0;[23.46167346 19.70822321 10.00508609  8.45733305]
478.0;[18.82349514 19.70822321 10.00508609  8.45733305]
469.0;[23.46167346 21.63730484 10.00508609  8.45733305]
478.0;[23.46167346 19.70822321 10.00508609  8.45733305]
477.0;[18.82349514 21.69538133  9.79554123  9.38989945]
474.0;[18.82349514 19.84809063  7.20669274  9.72840327]
482.0;[18.82349514 21.32252705  7.82358015  9.72840327]
479.0;[18.82349514 19.70822321  7.20669274  9.38989945]
478.0;[23.46167346 21.32252705  9.12691512  9.72840327]
478.0;[18.82349514 19.70822321 10.00508609  8.45733305]
478.0;[23.46167346 19.84809063 10.00508609  8.45733305]
478.0;[18.82349514 19.70822321 10.00508609  8.45733305]
478.0;[23.46167346 19.70822321 10.00508609  8.45733305]
478.0;[23.46167346 19.70822321 10.00508609  8.45733305]
478.0;[18.82349514 19.70822321 10.00508609  8.45733305]
479.0;[18.82349514 19.70822321  7.20669274  9.38989945]
470.0;[18.82349514 19.70822321 10.00508609  9.10084303]
478.0;[23.46167346 20.58801327 10.00508609  8.45733305]
478.0;[23.46167346 20.58801327  9.79554123  8.45733305]
475.0;[23.46167346 19.70822321  9.12691512  9.72840327]
476.0;[21.48347462 19.70822321 10.00508609  9.72840327]
486.0;[18.82349514 21.32252705 10.00508609  8.45733305]
494.0;[18.82349514 21.32252705  7.82358015  8.45733305]
478.0;[23.46167346 19.70822321 10.00508609  8.45733305]
478.0;[18.82349514 19.70822321 10.00508609  8.45733305]
478.0;[18.82349514 19.70822321 10.00508609  8.45733305]
479.0;[18.82349514 19.70822321  7.20669274  9.38989945]
478.0;[23.46167346 20.58801327  9.79554123  9.38989945]
478.0;[23.46167346 19.84809063 10.00508609  8.45733305]
478.0;[23.46167346 19.70822321 10.00508609  8.45733305]
478.0;[23.46167346 21.32252705  9.12691512  9.72840327]
482.0;[18.82349514 21.32252705  7.82358015  9.72840327]
478.0;[18.82349514 19.70822321 10.00508609  8.45733305]
486.0;[18.82349514 21.32252705 10.00508609  8.45733305]
478.0;[23.46167346 21.32252705 10.00508609  8.45733305]
484.0;[18.82349514 21.32252705  7.20669274  9.38989945]
488.0;[18.82349514 21.32252705  7.82358015  9.38989945]
486.0;[18.82349514 21.32252705  9.79554123  8.45733305]
478.0;[23.46167346 21.32252705  7.82358015  8.45733305]
465.0;[18.82349514 19.70822321  5.46532459  9.38989945]
470.0;[18.82349514 19.70822321 10.00508609  9.38989945]
469.0;[23.46167346 19.70822321 10.00508609  6.66720458]
478.0;[23.46167346 19.70822321 10.00508609  8.45733305]
486.0;[18.82349514 21.32252705 10.00508609  8.45733305]
478.0;[23.46167346 20.58801327 10.00508609  8.45733305]
494.0;[18.82349514 21.32252705  7.82358015  8.45733305]
479.0;[18.82349514 19.70822321  7.20669274  9.38989945]
482.0;[18.82349514 21.32252705  7.82358015  9.72840327]
478.0;[23.46167346 20.58801327  9.79554123  8.45733305]
478.0;[18.82349514 19.70822321 10.00508609  8.45733305]
479.0;[18.82349514 19.70822321  7.20669274  9.38989945]
478.0;[23.46167346 19.70822321 10.00508609  8.45733305]
478.0;[23.46167346 19.70822321 10.00508609  8.45733305]
484.0;[18.82349514 21.32252705  7.20669274  9.31660359]
484.0;[18.82349514 21.32252705  7.20669274  9.38989945]
484.0;[18.93264422 21.32252705  7.20669274  9.38989945]
476.0;[18.82349514 21.32252705  7.82358015 10.85194777]
486.0;[18.82349514 21.32252705  9.79554123  8.45733305]
486.0;[18.9030603  21.32252705 10.00508609  8.45733305]
482.0;[18.82349514 21.32252705  7.82358015  9.72840327]
482.0;[18.82349514 21.32252705  7.82358015  9.72840327]
465.0;[23.67473589 21.32252705 10.00508609  8.45733305]
486.0;[18.82349514 21.32252705 10.00508609  8.45733305]
484.0;[18.82349514 21.32252705  7.20669274  9.38989945]
479.0;[18.82349514 19.70822321  7.20669274  9.38989945]
494.0;[18.82349514 21.32252705  7.82358015  8.45733305]
479.0;[18.82349514 19.70822321  7.20669274  9.38989945]
486.0;[18.82349514 21.32252705 10.00508609  8.45733305]
486.0;[18.82349514 21.32252705  9.79554123  8.45733305]
488.0;[18.82349514 21.32252705  7.82358015  9.38989945]
482.0;[18.82349514 21.32252705  7.82358015  9.72840327]
478.0;[23.46167346 21.32252705 10.00508609  8.45733305]
486.0;[18.82349514 21.32252705 10.00508609  8.45733305]
488.0;[18.82349514 21.32252705  7.79414955  9.31660359]
488.0;[18.82349514 21.32252705  7.82358015  9.31660359]
486.0;[18.82349514 21.32252705 10.00508609  8.45733305]
489.0;[18.82349514 21.32252705  7.20669274  8.45733305]
486.0;[18.82349514 21.32252705 10.00508609  8.45733305]
478.0;[18.82349514 23.12262705  7.82358015  8.45733305]
470.0;[18.82349514 21.32252705 10.00508609  9.71600897]
486.0;[18.9030603  21.32252705  8.96160747  7.22981381]
486.0;[18.82349514 21.32252705  9.56441509  8.45733305]
486.0;[18.82349514 21.32252705  9.79554123  8.45733305]
488.0;[18.82349514 21.32252705  7.82358015  9.38989945]
484.0;[18.82349514 21.32252705  7.20669274  9.31660359]
484.0;[18.82349514 21.32252705  7.20669274  9.38989945]
486.0;[18.82349514 21.32252705 10.00508609  8.45733305]
494.0;[18.82349514 21.32252705  7.82358015  8.45733305]
486.0;[18.82349514 21.32252705 10.00508609  8.45733305]
486.0;[18.82349514 21.32252705 10.00508609  8.45733305]
486.0;[18.9030603  21.32252705 10.00508609  8.45733305]
486.0;[18.82349514 21.32252705  9.79554123  8.45733305]
486.0;[18.82349514 21.32252705  9.79554123  8.45733305]
486.0;[18.82349514 21.32252705  9.79554123  8.45733305]
486.0;[18.82349514 21.32252705 10.00508609  8.45733305]
474.0;[18.82349514 21.32252705  7.11222799 11.06704707]
486.0;[18.82349514 21.32252705  9.56441509  7.98094871]
486.0;[18.82349514 21.32252705 10.00508609  8.45733305]
494.0;[18.82349514 21.32252705  7.99154978  8.45733305]
469.0;[18.82349514 22.15836933  8.96160747  6.42964132]
469.0;[18.9030603  22.59032372  7.82358015  7.22981381]
493.0;[20.32794112 21.32252705  7.79414955  9.31660359]
488.0;[18.82349514 21.32252705  7.82358015  9.31660359]
486.0;[18.82349514 21.32252705 10.00508609  8.45733305]
486.0;[18.82349514 21.32252705  9.79554123  8.45733305]
486.0;[18.82349514 21.32252705  9.56441509  8.45733305]
488.0;[18.82349514 21.32252705  7.82358015  9.31660359]
489.0;[18.82349514 21.32252705  7.20669274  8.45733305]
486.0;[18.82349514 21.32252705 10.00508609  8.45733305]
488.0;[18.82349514 21.32252705  7.82358015  9.38989945]
486.0;[18.9030603  21.32252705  8.96160747  7.22981381]
494.0;[18.82349514 21.32252705  7.82358015  8.45733305]
488.0;[18.82349514 21.32252705  7.79414955  9.31660359]
486.0;[18.82349514 21.32252705 10.00508609  8.45733305]
494.0;[18.82349514 21.32252705  7.99154978  8.45733305]
486.0;[18.82349514 20.9773154   9.79554123  8.45733305]
494.0;[18.82349514 21.32252705  7.82358015  8.45733305]
488.0;[18.82349514 21.32252705  7.79414955  9.31660359]
488.0;[19.71736251 21.32252705  9.0991621   9.31660359]
488.0;[18.82349514 21.32252705  7.82358015  9.31660359]
488.0;[18.82349514 21.32252705  7.82358015  9.31660359]
488.0;[18.82349514 21.32252705  7.82358015  9.31660359]
488.0;[18.82349514 21.32252705  7.79414955  9.31660359]
494.0;[18.82349514 21.32252705  7.99154978  8.45733305]
486.0;[18.82349514 21.32252705 10.00508609  8.45733305]
494.0;[18.82349514 21.32252705  7.82358015  8.45733305]
486.0;[18.82349514 21.32252705  9.79554123  8.45733305]
489.0;[18.82349514 21.32252705  7.20669274  8.45733305]
493.0;[20.32794112 21.32252705  7.79414955  9.31660359]
488.0;[18.82349514 21.32252705  7.82358015  9.38989945]
488.0;[18.82349514 21.32252705  7.82358015  9.31660359]
488.0;[18.82349514 21.32252705  7.79414955  9.31660359]
488.0;[18.82349514 21.32252705  7.82358015  9.31660359]
488.0;[18.82349514 21.32252705  7.79414955  9.31660359]
493.0;[20.32794112 21.32252705  7.99154978  9.31660359]
493.0;[19.71736251 21.32252705  7.82358015  9.31660359]
488.0;[20.0044116  21.32252705  9.0991621   9.31660359]
494.0;[18.82349514 21.32252705  7.82358015  8.45733305]
494.0;[18.82349514 21.32252705  7.95539021  8.45733305]
484.0;[18.82349514 21.32252705  7.03269205  9.31660359]
488.0;[18.82349514 21.32252705  7.82358015  9.31660359]
498.0;[19.51239942 21.32252705  7.82358015  8.45733305]
489.0;[18.82349514 21.32252705  7.20669274  8.45733305]
494.0;[18.82349514 21.32252705  7.99154978  8.45733305]
493.0;[20.32794112 21.32252705  7.79414955  9.31660359]
488.0;[19.71736251 21.32252705  9.0991621   9.31660359]
488.0;[18.82349514 21.32252705  7.82358015  9.31660359]
494.0;[18.82349514 21.32252705  7.99154978  8.45733305]
494.0;[18.82349514 21.32252705  7.82358015  8.45733305]
488.0;[18.82349514 21.32252705  7.82358015  9.31660359]
488.0;[18.82349514 21.32252705  7.79414955  9.31660359]
489.0;[18.82349514 21.32252705  7.20669274  8.45733305]
494.0;[18.82349514 21.32252705  7.82358015  8.45733305]
478.0;[18.82349514 23.05435253  7.99154978  8.45733305]
494.0;[18.82349514 21.32252705  7.99154978  8.45733305]
498.0;[20.32794112 21.32252705  7.95539021  8.45733305]
494.0;[18.82349514 21.32252705  7.99154978  8.45733305]
493.0;[20.32794112 21.32252705  7.82358015  8.68301478]
494.0;[18.82349514 21.32252705  7.79414955  8.45733305]
498.0;[19.71736251 21.32252705  7.82358015  8.45733305]
498.0;[19.51239942 21.32252705  7.82358015  8.45733305]
494.0;[18.82349514 21.32252705  7.82358015  8.45733305]
494.0;[18.82349514 21.32252705  7.82358015  8.45733305]
494.0;[18.82349514 21.32252705  7.99154978  8.45733305]
494.0;[18.82349514 21.32252705  7.99154978  8.45733305]
493.0;[20.32794112 21.32252705  7.99154978  9.31660359]
494.0;[18.82349514 21.32252705  7.95539021  8.45733305]
493.0;[20.32794112 21.32252705  7.79414955  9.31660359]
494.0;[18.82349514 21.32252705  7.82358015  8.45733305]
493.0;[19.71736251 21.32252705  7.82358015  9.31660359]
498.0;[19.51239942 21.32252705  7.82358015  8.45733305]
494.0;[18.82349514 21.32252705  7.82358015  8.45733305]
494.0;[18.82349514 21.32252705  7.82358015  8.45733305]
494.0;[18.82349514 21.32252705  7.82358015  8.45733305]
478.0;[18.82349514 21.32252705  6.06269684  8.45733305]
494.0;[18.82349514 21.32252705  7.99154978  8.45733305]
494.0;[18.82349514 21.32252705  7.99154978  8.45733305]
494.0;[18.82349514 21.32252705  7.95539021  8.45733305]
498.0;[20.32794112 21.32252705  7.99154978  8.45733305]
489.0;[19.51239942 21.32252705  7.82358015  6.79652786]
498.0;[19.71736251 21.32252705  7.82358015  8.45733305]
498.0;[19.84094531 21.32252705  7.82358015  8.45733305]
498.0;[19.51239942 21.32252705  7.82358015  8.45733305]
494.0;[18.82349514 21.32252705  7.79414955  8.45733305]
494.0;[18.82349514 21.32252705  7.82358015  8.45733305]
494.0;[18.82349514 21.32252705  7.99154978  8.45733305]
494.0;[18.82349514 21.32252705  7.99154978  8.45733305]
494.0;[18.82349514 21.32252705  7.99154978  8.45733305]
498.0;[20.32794112 21.32252705  7.95539021  8.45733305]
498.0;[19.51239942 21.32252705  7.82358015  8.45733305]
498.0;[19.71736251 21.32252705  7.82358015  8.45733305]
494.0;[18.82349514 21.32252705  7.82358015  8.45733305]
498.0;[19.51239942 21.32252705  7.82358015  8.45733305]
498.0;[19.71736251 21.32252705  7.82358015  8.45733305]
498.0;[19.84094531 21.32252705  7.82358015  8.45733305]
498.0;[19.71736251 21.32252705  7.82358015  8.45733305]
494.0;[19.51239942 21.32252705  8.71973969  8.45733305]
498.0;[20.32794112 21.32252705  7.99154978  8.45733305]
489.0;[18.82349514 22.37237457  7.99154978  8.45733305]
480.0;[19.51239942 22.04533098  6.57709103  8.45733305]
498.0;[20.32794112 21.32252705  7.82358015  8.45733305]
494.0;[18.82349514 21.32252705  7.82358015  8.45733305]
498.0;[19.51239942 21.32252705  7.82358015  8.45733305]
498.0;[19.71736251 21.32252705  7.82358015  8.45733305]
498.0;[19.84094531 21.32252705  7.82358015  8.45733305]
498.0;[19.71736251 21.32252705  7.82358015  8.45733305]
498.0;[19.51239942 21.32252705  7.82358015  8.45733305]
498.0;[20.32794112 21.32252705  7.99154978  8.45733305]
494.0;[18.82349514 21.32252705  7.99154978  8.45733305]
498.0;[19.51239942 21.32252705  7.82358015  8.45733305]
498.0;[20.32794112 21.32252705  7.95539021  8.45733305]
494.0;[18.82349514 21.32252705  7.82358015  8.45733305]
498.0;[19.51239942 21.32252705  7.82358015  8.45733305]
498.0;[19.84094531 21.32252705  7.82358015  8.45733305]
498.0;[19.71736251 21.32252705  7.82358015  8.45733305]
498.0;[21.03334541 21.32252705  7.82358015  8.45733305]
494.0;[19.47572528 21.32252705  7.82358015  8.45733305]
498.0;[20.32794112 21.32252705  8.49787016  8.45733305]
494.0;[18.75550929 21.32252705  7.82358015  8.45733305]
498.0;[19.84094531 21.32252705  7.99154978  8.45733305]
498.0;[20.32794112 21.32252705  7.82358015  8.45733305]
498.0;[19.71736251 21.32252705  7.82358015  8.45733305]
498.0;[19.71736251 21.32252705  7.82358015  8.45733305]
498.0;[19.84094531 21.32252705  7.82358015  8.45733305]
498.0;[19.71736251 21.32252705  7.82358015  8.45733305]
498.0;[19.51239942 21.32252705  7.82358015  8.45733305]
498.0;[19.51239942 21.32252705  7.82358015  8.45733305]
498.0;[20.32794112 21.32252705  7.82358015  8.45733305]
498.0;[19.71736251 21.32252705  7.82358015  8.45733305]
498.0;[19.84094531 21.32252705  7.82358015  8.45733305]
498.0;[20.32794112 21.32252705  7.99154978  8.45733305]
498.0;[19.71736251 21.32252705  7.82358015  8.45733305]
498.0;[19.71736251 21.32252705  7.82358015  8.45733305]
498.0;[20.32794112 21.32252705  7.99154978  8.45733305]
494.0;[19.84094531 21.32252705  9.19722439  8.45733305]
498.0;[19.71736251 21.32252705  7.82358015  8.45733305]
498.0;[19.71736251 21.32252705  7.82358015  8.45733305]
494.0;[19.20086046 21.32252705  7.82358015  8.45733305]
498.0;[19.84094531 21.32252705  7.82358015  8.45733305]
498.0;[21.03334541 19.58405165  7.82358015  8.45733305]
498.0;[19.84094531 21.32252705  7.82358015  8.45733305]
498.0;[19.71736251 21.32252705  7.82358015  8.45733305]
498.0;[19.71736251 21.32252705  7.82358015  8.45733305]
498.0;[20.32794112 21.32252705  8.49787016  8.45733305]
498.0;[19.84094531 21.32252705  7.99154978  8.45733305]
498.0;[19.71736251 21.32252705  7.82358015  8.45733305]
498.0;[19.71736251 21.32252705  7.82358015  8.45733305]
498.0;[20.32794112 21.32252705  7.82358015  8.45733305]
498.0;[19.84094531 21.32252705  7.82358015  8.45733305]
498.0;[21.03334541 21.32252705  7.82358015  8.45733305]
498.0;[19.84094531 21.32252705  7.82358015  8.45733305]
498.0;[19.71736251 21.32252705  7.82358015  8.45733305]
498.0;[19.71736251 21.32252705  7.82358015  8.45733305]
498.0;[20.32794112 21.32252705  7.82358015  8.45733305]
490.0;[17.75497788 21.32252705  8.49787016  8.45733305]
498.0;[20.32794112 21.32252705  7.82358015  8.45733305]
498.0;[19.84094531 21.32252705  7.9834341   8.45733305]
498.0;[19.71736251 21.32252705  7.82358015  8.45733305]
498.0;[19.71736251 21.32252705  7.82358015  8.45733305]
498.0;[21.03334541 19.58405165  7.82358015  8.45733305]
488.0;[19.71736251 18.75667315  7.82358015  8.45733305]
498.0;[19.84094531 21.32252705  7.82358015  8.45733305]
498.0;[19.84094531 21.32252705  8.09147743  8.45733305]
498.0;[20.32794112 21.32252705  8.49787016  8.45733305]
498.0;[19.71736251 21.32252705  7.82358015  8.45733305]
498.0;[20.32794112 21.32252705  7.99154978  8.45733305]
498.0;[19.84094531 21.32252705  7.82358015  8.45733305]
498.0;[19.71736251 21.32252705  7.82358015  8.45733305]
498.0;[19.71736251 21.32252705  7.82358015  8.45733305]
498.0;[21.03334541 19.58405165  7.82358015  8.45733305]
498.0;[19.71736251 21.32252705  7.82358015  8.45733305]
498.0;[19.84094531 21.32252705  7.99154978  8.45733305]
498.0;[19.84094531 21.32252705  7.82358015  8.45733305]
498.0;[19.84094531 21.32252705  7.82358015  8.45733305]
478.0;[20.32794112 22.77516766  7.9834341   8.45733305]
493.0;[19.84094531 19.94828793  7.82358015  8.45733305]
493.0;[19.71736251 21.32252705  8.09147743  9.01642279]
498.0;[20.32794112 21.32252705  7.82358015  8.45733305]
489.0;[19.45897431 21.32252705  8.49787016  6.54375634]
498.0;[21.03334541 19.58405165  7.82358015  8.45733305]
493.0;[19.84094531 19.58405165  7.63629773  8.45733305]
498.0;[20.32794112 21.32252705  7.82358015  8.45733305]
498.0;[19.71736251 21.32252705  7.82358015  8.45733305]
498.0;[19.84094531 21.32252705  7.9834341   8.45733305]
498.0;[20.32794112 21.32252705  7.82358015  8.45733305]
498.0;[19.84094531 21.32252705  8.09147743  8.45733305]
498.0;[19.71736251 21.32252705  7.82358015  8.45733305]
498.0;[20.32794112 21.32252705  8.49787016  8.45733305]
498.0;[19.71736251 21.32252705  7.82358015  8.45733305]
498.0;[21.03334541 19.58405165  7.82358015  8.45733305]
498.0;[19.84094531 21.32252705  7.82358015  8.45733305]
498.0;[20.32794112 21.32252705  7.82358015  8.45733305]
498.0;[19.71736251 21.32252705  7.82358015  8.45733305]
478.0;[19.84094531 23.2722059   7.82358015  8.45733305]
498.0;[20.32794112 21.32252705  8.09147743  8.45733305]
498.0;[20.02662566 21.32252705  7.82358015  8.45733305]
498.0;[21.03334541 21.32252705  8.49787016  8.45733305]
494.0;[20.32794112 21.32252705  8.7761644   8.45733305]
494.0;[18.61672827 21.32252705  7.82358015  8.45733305]
498.0;[19.71736251 21.32252705  7.82358015  8.45733305]
498.0;[19.84094531 21.32252705  7.82358015  8.45733305]
498.0;[20.32794112 21.32252705  7.82358015  8.45733305]
498.0;[19.71736251 21.32252705  7.82358015  8.45733305]
498.0;[19.84094531 21.32252705  8.09147743  8.45733305]
498.0;[20.32794112 21.32252705  7.82358015  8.45733305]
498.0;[20.32794112 21.32252705  8.49787016  8.45733305]
498.0;[21.03334541 19.58405165  7.82358015  8.45733305]
498.0;[20.32794112 21.32252705  7.82358015  8.45733305]
498.0;[19.84094531 21.32252705  7.9834341   8.45733305]
498.0;[19.71736251 21.32252705  7.82358015  8.45733305]
498.0;[19.84094531 21.32252705  7.82358015  8.45733305]
498.0;[20.32794112 21.32252705  7.82358015  8.45733305]
498.0;[19.71736251 21.32252705  7.82358015  8.45733305]
489.0;[19.71736251 22.16902964  7.82358015  8.45733305]
490.0;[18.00180823 21.32252705  7.82358015  8.45733305]
498.0;[20.02662566 21.32252705  8.49787016  8.45733305]
498.0;[21.03334541 21.32252705  7.82358015  8.45733305]
498.0;[20.32794112 21.32252705  8.14257739  8.45733305]
489.0;[20.32794112 21.32252705  6.87709378  8.45733305]
498.0;[19.84094531 21.32252705  8.09147743  8.45733305]
498.0;[19.84094531 21.32252705  7.82358015  8.45733305]
489.0;[21.59648842 21.32252705  7.82358015  8.45733305]
498.0;[20.32794112 21.32252705  8.49787016  8.45733305]
498.0;[19.71736251 21.32252705  7.82358015  8.45733305]
498.0;[19.71736251 21.32252705  7.82358015  8.45733305]
498.0;[20.02662566 21.32252705  7.82358015  8.45733305]
498.0;[21.03334541 21.32252705  8.49787016  8.45733305]
498.0;[20.32794112 21.32252705  8.09147743  8.45733305]
498.0;[20.32794112 21.32252705  7.82358015  8.45733305]
498.0;[19.84094531 21.32252705  7.82358015  8.45733305]
498.0;[19.84094531 21.32252705  8.09147743  8.45733305]
498.0;[20.32794112 21.32252705  8.49787016  8.45733305]
498.0;[20.32794112 21.32252705  7.82358015  8.45733305]
498.0;[20.02662566 21.32252705  7.82358015  8.45733305]
478.0;[19.84094531 21.32252705  6.09423442  8.45733305]
493.0;[20.32794112 20.3946542   7.82358015  8.45733305]
478.0;[19.71736251 21.32252705  6.35784571  8.45733305]
498.0;[19.84094531 21.32252705  8.49787016  8.45733305]
498.0;[21.22160942 21.32252705  8.09147743  8.45733305]
478.0;[21.03334541 21.32252705  6.12084243  8.45733305]
498.0;[19.71736251 20.61448171  7.82358015  8.45733305]
498.0;[21.48510939 21.32252705  8.49787016  8.45733305]
489.0;[21.03334541 19.49143667  7.33461345  8.45733305]
498.0;[20.02662566 21.32252705  7.82358015  8.45733305]
498.0;[19.84094531 21.32252705  7.82358015  8.45733305]
498.0;[20.32794112 21.32252705  8.14257739  8.45733305]
498.0;[19.71736251 21.32252705  7.82358015  8.45733305]
498.0;[19.84094531 21.32252705  8.09147743  8.45733305]
498.0;[20.32794112 21.32252705  8.49787016  8.45733305]
498.0;[21.03334541 21.32252705  7.82358015  8.45733305]
498.0;[19.71736251 21.32252705  7.82358015  8.45733305]
498.0;[20.02662566 21.32252705  8.49787016  8.45733305]
498.0;[21.03334541 21.32252705  8.49787016  8.45733305]
498.0;[19.71736251 20.61448171  8.49787016  8.45733305]
498.0;[20.09191505 20.61448171  7.82358015  8.45733305]
498.0;[20.32794112 21.32252705  7.82358015  8.45733305]
488.0;[20.02662566 21.32252705  8.14257739  9.78120052]
498.0;[21.22160942 21.32252705  8.09147743  8.45733305]
489.0;[19.84094531 22.48430259  8.09147743  8.45733305]
498.0;[19.84094531 21.32252705  7.82358015  8.45733305]
498.0;[20.02662566 21.32252705  8.49787016  8.45733305]
489.0;[19.71736251 21.32252705  6.62052186  8.45733305]
498.0;[19.84094531 21.32252705  7.82358015  8.45733305]
498.0;[19.71736251 20.61448171  7.82358015  8.45733305]
498.0;[21.48510939 21.32252705  8.49787016  8.45733305]
498.0;[20.32794112 21.32252705  8.14257739  8.45733305]
498.0;[20.02662566 21.32252705  7.82358015  8.45733305]
498.0;[21.22160942 21.32252705  8.09147743  8.45733305]
498.0;[19.84094531 21.32252705  8.09147743  8.45733305]
498.0;[19.84094531 21.32252705  8.49787016  8.45733305]
498.0;[20.02662566 21.32252705  7.82358015  8.45733305]
498.0;[19.71736251 21.32252705  7.82358015  8.45733305]
498.0;[19.84094531 21.32252705  7.82358015  8.45733305]
498.0;[19.84094531 21.32252705  8.14257739  8.45733305]
498.0;[20.32794112 21.32252705  7.82358015  8.45733305]
488.0;[19.84094531 21.32252705  7.82358015 10.1053632 ]
494.0;[18.66468951 21.32252705  7.82358015  8.45733305]
498.0;[21.48510939 21.32252705  7.82358015  8.45733305]
498.0;[20.09191505 21.32252705  8.49787016  8.45733305]
498.0;[19.71736251 21.47622153  8.49787016  8.45733305]
498.0;[20.02662566 21.21464173  8.49787016  8.45733305]
478.0;[21.22160942 22.85037914  7.82358015  8.45733305]
498.0;[20.32794112 21.32252705  8.09147743  8.45733305]
498.0;[19.84094531 21.32252705  7.82358015  8.45733305]
498.0;[20.32794112 21.32252705  8.14257739  8.45733305]
498.0;[19.84094531 21.32252705  7.82358015  8.45733305]
498.0;[19.71736251 20.61448171  7.82358015  8.45733305]
498.0;[21.48510939 21.32252705  8.49787016  8.45733305]
498.0;[20.09191505 20.61448171  7.82358015  8.45733305]
498.0;[19.71736251 20.61448171  8.49787016  8.45733305]
498.0;[20.02662566 21.32252705  8.49787016  8.45733305]
498.0;[21.22160942 21.32252705  8.09147743  8.45733305]
498.0;[20.32794112 21.32252705  7.82358015  8.45733305]
498.0;[20.02662566 21.21464173  8.49787016  8.45733305]
498.0;[20.09191505 21.21464173  8.49787016  8.45733305]
498.0;[19.71736251 21.47622153  7.82358015  8.45733305]
488.0;[19.84094531 21.47622153  8.49787016  9.87986024]
498.0;[19.84094531 21.32252705  8.14257739  8.45733305]
498.0;[20.32794112 21.32252705  8.14257739  8.45733305]
489.0;[20.32794112 21.32252705  7.82358015  7.28929622]
498.0;[20.32794112 21.32252705  8.09147743  8.45733305]
498.0;[19.84094531 21.32252705  7.82358015  8.45733305]
498.0;[21.48510939 21.32252705  7.82358015  8.45733305]
498.0;[20.02662566 21.21464173  8.49787016  8.45733305]
498.0;[20.09191505 21.32252705  8.49787016  8.45733305]
498.0;[19.71736251 21.47622153  8.49787016  8.45733305]
498.0;[19.84094531 21.32252705  7.82358015  8.45733305]
498.0;[19.84094531 21.32252705  8.14257739  8.45733305]
498.0;[20.32794112 21.32252705  8.14257739  8.45733305]
498.0;[20.32794112 21.32252705  8.09147743  8.45733305]
498.0;[20.32794112 21.32252705  7.82358015  8.45733305]
498.0;[19.84094531 21.32252705  7.82358015  8.45733305]
498.0;[21.48510939 21.32252705  7.82358015  8.45733305]
498.0;[19.84094531 21.32252705  8.49787016  8.45733305]
498.0;[20.09191505 21.32252705  8.14257739  8.45733305]
498.0;[19.84094531 21.32252705  7.5090709   8.45733305]
498.0;[20.02662566 21.32252705  7.82358015  8.45733305]
498.0;[20.32794112 21.32252705  8.49787016  8.45733305]
494.0;[18.9972883  21.32252705  8.14257739  8.45733305]
498.0;[19.71736251 21.47622153  8.09147743  8.45733305]
498.0;[20.32794112 21.47622153  7.82358015  8.45733305]
488.0;[20.02662566 21.21464173  7.82358015 10.25723029]
498.0;[21.48510939 21.21464173  8.49787016  8.45733305]
498.0;[19.84094531 21.32252705  8.14257739  8.45733305]
498.0;[20.09191505 21.21464173  8.49787016  8.45733305]
498.0;[19.84094531 21.32252705  7.82358015  8.45733305]
498.0;[20.02662566 21.21464173  8.49787016  8.45733305]
498.0;[20.32794112 21.32252705  8.14257739  8.45733305]
498.0;[20.09191505 21.32252705  8.49787016  8.45733305]
498.0;[19.71736251 21.47622153  7.82358015  8.45733305]
498.0;[20.32794112 21.32252705  8.09147743  8.45733305]
498.0;[20.02662566 21.21464173  8.49787016  8.45733305]
498.0;[21.48510939 21.32252705  7.82358015  8.45733305]
498.0;[20.02662566 21.32252705  8.49787016  8.45733305]
498.0;[21.48510939 21.32252705  7.82358015  8.45733305]
498.0;[19.84094531 21.32252705  7.5090709   8.45733305]
498.0;[19.84094531 21.32252705  8.14257739  8.45733305]
498.0;[19.61093162 21.41623554  7.82358015  8.45733305]
498.0;[20.32794112 21.32252705  8.49787016  8.45733305]
493.0;[19.71736251 21.47622153  8.14257739  8.58852147]
498.0;[20.09191505 21.47622153  8.09147743  8.45733305]
498.0;[20.09191505 21.21464173  8.49787016  8.45733305]
494.0;[18.5638225  21.21464173  8.49787016  8.45733305]
498.0;[20.02662566 21.32252705  7.82358015  8.45733305]
498.0;[21.48510939 21.21464173  8.49787016  8.45733305]
498.0;[19.84094531 21.32252705  8.14257739  8.45733305]
498.0;[19.84094531 21.32252705  7.5090709   8.45733305]
498.0;[20.32794112 21.32252705  8.49787016  8.45733305]
498.0;[20.32794112 21.47622153  7.82358015  8.45733305]
498.0;[19.71736251 21.47622153  8.09147743  8.45733305]
498.0;[20.09191505 21.32252705  8.14257739  8.45733305]
498.0;[20.09191505 21.21464173  8.49787016  8.45733305]
498.0;[19.84094531 21.32252705  8.49787016  8.45733305]
498.0;[19.84094531 21.32252705  7.82358015  8.45733305]
498.0;[21.48510939 21.32252705  8.14257739  8.45733305]
498.0;[20.09191505 21.47622153  8.49787016  8.45733305]
498.0;[20.32794112 21.47622153  8.09147743  8.45733305]
498.0;[20.23795802 21.21464173  8.49787016  8.45733305]
489.0;[20.02662566 21.99637411  8.49787016  8.45733305]
498.0;[21.48510939 20.43591784  7.82358015  8.45733305]
498.0;[19.61093162 21.21464173  8.49787016  8.45733305]
498.0;[19.84094531 21.32252705  7.82358015  8.45733305]
498.0;[20.02662566 21.32252705  7.5090709   8.45733305]
498.0;[19.84094531 21.32252705  8.14257739  8.45733305]
498.0;[21.48510939 21.32252705  7.82358015  8.45733305]
498.0;[20.09191505 21.47622153  8.09147743  8.45733305]
498.0;[20.32794112 21.32252705  8.49787016  8.45733305]
498.0;[20.09191505 21.21464173  8.49787016  8.45733305]
498.0;[20.02662566 21.32252705  8.49787016  8.45733305]
498.0;[21.48510939 21.21464173  8.49787016  8.45733305]
498.0;[19.61093162 21.41623554  7.82358015  8.45733305]
498.0;[19.84094531 21.32252705  7.5090709   8.45733305]
498.0;[20.02662566 21.32252705  7.82358015  8.45733305]
498.0;[20.09191505 21.47622153  7.82358015  8.45733305]
498.0;[21.48510939 21.47622153  8.49787016  7.74347367]
498.0;[21.48510939 21.32252705  7.5090709   8.45733305]
498.0;[20.02662566 21.32252705  8.14257739  8.45733305]
498.0;[20.23795802 21.21464173  8.49787016  8.45733305]
498.0;[19.61093162 21.21464173  8.49787016  8.45733305]
498.0;[19.84094531 21.32252705  8.09147743  8.45733305]
493.0;[20.32794112 21.32252705  7.82358015  8.53416482]
498.0;[19.84094531 21.32252705  8.14257739  8.45733305]
498.0;[19.84094531 21.32252705  7.82358015  8.45733305]
498.0;[20.09191505 21.47622153  8.49787016  8.45733305]
498.0;[21.48510939 20.43591784  7.82358015  8.45733305]
498.0;[21.48510939 21.32252705  8.14257739  8.45733305]
498.0;[20.02662566 21.32252705  7.5090709   8.45733305]
498.0;[20.23795802 21.21464173  8.49787016  8.45733305]
498.0;[19.61093162 21.21464173  8.49787016  8.45733305]
498.0;[19.84094531 21.32252705  7.82358015  8.45733305]
498.0;[20.32794112 21.47622153  8.09147743  8.45733305]
498.0;[19.84094531 21.32252705  7.82358015  8.45733305]
498.0;[19.84094531 21.32252705  8.14257739  8.45733305]
498.0;[20.23795802 21.21464173  7.82358015  8.45733305]
498.0;[19.84094531 21.21464173  8.49787016  8.45733305]
498.0;[19.84094531 21.32252705  7.5090709   8.45733305]
498.0;[21.48510939 21.32252705  8.14257739  8.45733305]
489.0;[20.02662566 22.30177196  8.09147743  8.45733305]
498.0;[19.84094531 21.32252705  8.14257739  8.45733305]
489.0;[20.3407158  22.43690324  8.49787016  8.45733305]
498.0;[20.09191505 21.47622153  7.82358015  7.89407521]
490.0;[18.19907433 21.21464173  8.49787016  7.74347367]
498.0;[21.48510939 21.21464173  8.49787016  7.74347367]
498.0;[20.23795802 21.21464173  8.49787016  8.45733305]
498.0;[19.84094531 21.32252705  7.82358015  8.45733305]
498.0;[19.84094531 21.32252705  8.14257739  8.45733305]
498.0;[21.48510939 21.32252705  7.5090709   8.45733305]
498.0;[20.02662566 21.32252705  8.14257739  8.45733305]
498.0;[19.84094531 21.32252705  8.09147743  8.45733305]
498.0;[20.09191505 21.47622153  7.82358015  8.45733305]
498.0;[20.09191505 21.47622153  8.49787016  8.45733305]
498.0;[19.61093162 21.21464173  8.49787016  8.45733305]
498.0;[21.48510939 21.47622153  8.49787016  7.74347367]
493.0;[19.84094531 19.88572483  8.14257739  8.45733305]
498.0;[21.48510939 21.32252705  8.14257739  8.45733305]
489.0;[20.23795802 21.21464173  7.82358015  6.51070354]
498.0;[20.09191505 21.21464173  8.49787016  7.89407521]
498.0;[21.48510939 21.21464173  8.49787016  8.45733305]
498.0;[19.84094531 21.21464173  8.49787016  8.45733305]
498.0;[19.84094531 21.32252705  8.14257739  8.45733305]
489.0;[19.84094531 21.60795055  7.5090709   8.45733305]
498.0;[19.84094531 21.32252705  7.82358015  8.45733305]
498.0;[20.23795802 21.32252705  7.82358015  8.45733305]
498.0;[19.84094531 21.32252705  8.14257739  8.45733305]
498.0;[21.48510939 21.32252705  8.14257739  8.45733305]
498.0;[20.23795802 21.21464173  8.49787016  8.45733305]
498.0;[20.09191505 21.47622153  7.82358015  7.89407521]
498.0;[21.48510939 21.21464173  8.49787016  7.74347367]
498.0;[19.84094531 21.21464173  8.49787016  8.45733305]
498.0;[19.84094531 21.32252705  7.5090709   8.45733305]
498.0;[19.84094531 21.32252705  8.14257739  8.45733305]
498.0;[19.84094531 21.32252705  7.82358015  8.45733305]
498.0;[20.23795802 21.21464173  7.82358015  8.45733305]
494.0;[20.23795802 21.32252705  9.13327092  7.89407521]
498.0;[20.09191505 21.32252705  7.82358015  7.89407521]
498.0;[20.23795802 21.21464173  8.49787016  8.45733305]
498.0;[19.84094531 21.21464173  8.49787016  8.45733305]
498.0;[19.84094531 21.32252705  8.14257739  8.45733305]
498.0;[21.48510939 21.32252705  7.82358015  8.45733305]
498.0;[20.79566815 21.21464173  8.14257739  8.45733305]
498.0;[21.48510939 21.21464173  8.49787016  8.45733305]
498.0;[19.64869995 21.32252705  8.14257739  8.45733305]
498.0;[19.84094531 21.32252705  8.14257739  8.45733305]
498.0;[20.23795802 21.32252705  7.82358015  8.45733305]
498.0;[20.09191505 21.21464173  8.49787016  7.89407521]
498.0;[20.23795802 21.21464173  8.49787016  8.45733305]
498.0;[19.84094531 21.21464173  8.49787016  8.45733305]
498.0;[19.84094531 21.32252705  7.82358015  8.45733305]
498.0;[21.48510939 21.32252705  8.14257739  8.45733305]
498.0;[21.48510939 21.21464173  8.49787016  8.45733305]
498.0;[21.48510939 21.32252705  8.14257739  8.45733305]
498.0;[19.84094531 21.32252705  8.14257739  8.45733305]
498.0;[19.84094531 21.32252705  8.14257739  8.45733305]
493.0;[19.64869995 19.5968474   8.49787016  8.45733305]
498.0;[21.48510939 21.32252705  8.14257739  8.45733305]
498.0;[20.79566815 21.21464173  8.49787016  8.45733305]
488.0;[18.88348651 21.21464173  8.14257739  8.68538664]
489.0;[21.50316065 21.32252705  7.82358015  7.89407521]
498.0;[20.09191505 21.32252705  8.14257739  7.89407521]
498.0;[20.23795802 21.21464173  7.82358015  8.45733305]
498.0;[21.48510939 21.21464173  8.49787016  8.45733305]
498.0;[20.23795802 21.32252705  8.14257739  8.45733305]
489.0;[19.84094531 21.71400849  7.82358015  8.45733305]
498.0;[19.64869995 21.32252705  8.14257739  8.45733305]
498.0;[21.48510939 21.21464173  8.49787016  8.45733305]
498.0;[20.79566815 21.21464173  8.14257739  8.45733305]
498.0;[19.84094531 21.21464173  8.49787016  8.45733305]
498.0;[19.84094531 21.32252705  8.14257739  8.45733305]
498.0;[20.09191505 21.32252705  7.82358015  7.89407521]
498.0;[20.23795802 21.21464173  8.49787016  8.45733305]
498.0;[21.48510939 21.32252705  7.82358015  8.45733305]
498.0;[20.23795802 21.32252705  7.82358015  8.45733305]
498.0;[19.84094531 21.32252705  8.14257739  8.45733305]
498.0;[20.79566815 21.21464173  8.14257739  7.89407521]
498.0;[20.09191505 21.21464173  8.14257739  7.89407521]
498.0;[20.23795802 21.32252705  7.82358015  8.45733305]
498.0;[20.23795802 21.32252705  8.14257739  8.45733305]
490.0;[19.84094531 21.09881006 10.10744689  8.45733305]
498.0;[21.48510939 21.21464173  8.49787016  8.45733305]
478.0;[22.60266307 21.21464173  8.14257739  8.45733305]
498.0;[21.48510939 21.21464173  8.49787016  8.45733305]
498.0;[19.64869995 21.32252705  8.49787016  8.45733305]
498.0;[20.79566815 21.32252705  8.14257739  8.45733305]
498.0;[20.79566815 21.21464173  8.14257739  8.45733305]
498.0;[20.09191505 21.32252705  8.14257739  7.89407521]
498.0;[20.23795802 21.32252705  8.14257739  8.45733305]
498.0;[20.23795802 21.21464173  7.82358015  8.45733305]
498.0;[19.84094531 21.21464173  8.49787016  8.45733305]
498.0;[21.48510939 21.21464173  8.49787016  8.45733305]
498.0;[21.48510939 21.21464173  8.49787016  8.45733305]
498.0;[21.48510939 21.32252705  8.14257739  8.45733305]
498.0;[19.64869995 21.32252705  8.14257739  8.45733305]
498.0;[20.79566815 21.21464173  8.49787016  8.45733305]
498.0;[20.79566815 21.32252705  8.14257739  7.89407521]
498.0;[20.09191505 21.32252705  8.14257739  7.89407521]
478.0;[20.79566815 22.97992694  8.14257739  8.45733305]
498.0;[20.79566815 21.21464173  8.14257739  8.45733305]
498.0;[20.79839242 21.21464173  8.14257739  8.45733305]
498.0;[20.23795802 21.21464173  8.49787016  8.45733305]
498.0;[20.09191505 21.21464173  8.49787016  8.45733305]
498.0;[21.48510939 21.21464173  8.14257739  8.45733305]
488.0;[19.64869995 21.32252705  7.82358015  9.82417749]
498.0;[20.23795802 21.32252705  8.49787016  8.45733305]
498.0;[20.79566815 21.32252705  8.14257739  8.45733305]
498.0;[20.09191505 21.32252705  8.14257739  7.89407521]
498.0;[20.79566815 21.21464173  8.14257739  7.89407521]
498.0;[20.79566815 21.21464173  8.14257739  8.45733305]
498.0;[21.48510939 21.21464173  8.49787016  8.45733305]
498.0;[20.23795802 21.32252705  8.14257739  8.45733305]
498.0;[20.09191505 21.21464173  8.14257739  7.89407521]
498.0;[21.48510939 21.21464173  8.49787016  8.45733305]
498.0;[19.64869995 21.32252705  8.49787016  8.45733305]
498.0;[20.23795802 21.32252705  7.82358015  8.45733305]
498.0;[20.09191505 21.32252705  8.14257739  8.45733305]
498.0;[20.7482372  21.32252705  8.14257739  8.68870667]
498.0;[20.23795802 21.21464173  8.49787016  8.45733305]
498.0;[20.23795802 21.21464173  8.49787016  8.45733305]
498.0;[21.48510939 21.21464173  8.49787016  8.45733305]
498.0;[20.09191505 21.21464173  8.14257739  8.45733305]
489.0;[22.31611498 21.32252705  8.14257739  8.45733305]
498.0;[20.79566815 21.32252705  8.14257739  8.45733305]
498.0;[20.79566815 21.32252705  8.14257739  7.89407521]
498.0;[20.09191505 21.32252705  8.14257739  7.89407521]
498.0;[20.09191505 21.32252705  8.14257739  7.89407521]
498.0;[20.79839242 21.21464173  8.14257739  8.45733305]
498.0;[20.23795802 21.21464173  8.49787016  8.45733305]
498.0;[20.23795802 21.32252705  8.49787016  8.45733305]
498.0;[21.48510939 21.21464173  8.14257739  8.45733305]
498.0;[20.09191505 21.21464173  8.49787016  8.45733305]
498.0;[20.79566815 21.32252705  8.14257739  7.89407521]
498.0;[20.79566815 21.21464173  8.14257739  8.45733305]
498.0;[20.79566815 21.32252705  8.14257739  8.45733305]
498.0;[20.09191505 21.32252705  8.14257739  7.89407521]
498.0;[20.79566815 20.65028207  8.14257739  7.89407521]
498.0;[20.09191505 21.32252705  8.14257739  7.89407521]
498.0;[20.79566815 21.32252705  8.49787016  8.45733305]
489.0;[21.48510939 21.75430128  8.14257739  8.45733305]
493.0;[20.23795802 21.21464173  8.14257739  8.68870667]
494.0;[20.58682536 21.21464173  8.49787016 10.43404186]
498.0;[20.09191505 21.21464173  8.49787016  8.45733305]
498.0;[19.91415099 21.21464173  8.14257739  8.45733305]
498.0;[20.09191505 21.32252705  8.14257739  7.89407521]
498.0;[20.09191505 21.32252705  8.14257739  7.89407521]
498.0;[20.79566815 21.32252705  8.14257739  8.45733305]
498.0;[20.09191505 21.32252705  8.14257739  7.89407521]
498.0;[20.79566815 21.32252705  8.14257739  7.89407521]
498.0;[21.48510939 21.21464173  8.49787016  8.45733305]
498.0;[20.23795802 21.21464173  8.49787016  8.45733305]
498.0;[20.7482372  21.32252705  8.14257739  8.68870667]
498.0;[20.09191505 21.21464173  8.14257739  8.45733305]
498.0;[20.23795802 21.21464173  8.49787016  8.45733305]
498.0;[20.09191505 21.32252705  8.14257739  8.45733305]
498.0;[20.09191505 21.32252705  8.14257739  7.89407521]
498.0;[20.77063614 21.32252705  8.14257739  7.89407521]
498.0;[20.09191505 21.32252705  8.14257739  7.89407521]
498.0;[20.79566815 21.32252705  8.14257739  7.89407521]
498.0;[20.79566815 21.32252705  8.49787016  7.89407521]
498.0;[20.09191505 21.21464173  8.14257739  7.89407521]
498.0;[20.79566815 21.21464173  8.49787016  7.89407521]
498.0;[20.79566815 21.32252705  8.14257739  7.89407521]
489.0;[21.87291287 21.40502764  8.14257739  7.89407521]
498.0;[19.91415099 20.92149665  8.14257739  7.89407521]
498.0;[20.09191505 21.21464173  8.14257739  7.89407521]
498.0;[20.09191505 21.32252705  8.14257739  7.89407521]
498.0;[20.09191505 21.32252705  8.14257739  7.89407521]
498.0;[20.79566815 21.32252705  8.49787016  8.45733305]
498.0;[20.79566815 21.32252705  8.14257739  7.89407521]
498.0;[20.09191505 21.21464173  8.49787016  8.45733305]
498.0;[20.79566815 20.65028207  8.14257739  7.89407521]
498.0;[20.79566815 21.32252705  8.14257739  8.45733305]
498.0;[20.09191505 21.32252705  8.14257739  7.89407521]
498.0;[19.91415099 21.21464173  8.14257739  8.45733305]
498.0;[20.09191505 21.32252705  8.14257739  7.89407521]
498.0;[20.79566815 21.21464173  8.14257739  7.89407521]
498.0;[20.79566815 21.21464173  8.49787016  7.89407521]
498.0;[20.79566815 21.32252705  8.14257739  7.89407521]
498.0;[20.09191505 20.68923823  8.14257739  7.89407521]
498.0;[20.79566815 21.32252705  9.43362201  7.89407521]
498.0;[20.09191505 21.32252705  8.49787016  7.89407521]
498.0;[20.09191505 21.32252705  8.14257739  7.89407521]
498.0;[19.91415099 21.32252705  8.14257739  7.89407521]
498.0;[20.09191505 21.32252705  8.35831695  7.89407521]
489.0;[21.57019166 21.32252705  8.14257739  7.89407521]
498.0;[20.79566815 21.21464173  8.49787016  7.89407521]
498.0;[20.79566815 21.32252705  8.14257739  7.89407521]
498.0;[20.79566815 21.32252705  8.14257739  7.89407521]
498.0;[20.09191505 21.21464173  8.14257739  7.89407521]
498.0;[20.79566815 21.32252705  8.49787016  7.89407521]
498.0;[20.09191505 21.21464173  8.14257739  7.89407521]
498.0;[20.09191505 21.32252705  8.14257739  7.89407521]
498.0;[19.91415099 20.92149665  8.14257739  7.89407521]
498.0;[20.09191505 21.32252705  8.14257739  7.89407521]
498.0;[20.77063614 21.32252705  8.14257739  7.89407521]
494.0;[20.09191505 21.32252705  9.43362201  7.89407521]
494.0;[20.79566815 21.32252705  9.62152542  7.89407521]
498.0;[20.09191505 21.32252705  8.49787016  7.89407521]
498.0;[20.79566815 21.32252705  8.35831695  7.89407521]
498.0;[20.79566815 21.32252705  8.14257739  7.89407521]
498.0;[20.79566815 21.32252705  8.14257739  7.89407521]
498.0;[20.09191505 21.32252705  8.49787016  7.89407521]
498.0;[20.79566815 21.32252705  8.49787016  7.89407521]
498.0;[20.09191505 20.68923823  8.14257739  7.89407521]
478.0;[19.91415099 20.68923823  6.1784315   7.89407521]
498.0;[20.09191505 21.32252705  8.14257739  7.89407521]
498.0;[20.79566815 21.32252705  9.43362201  7.89407521]
498.0;[20.09191505 21.32252705  8.35831695  7.89407521]
498.0;[20.79566815 21.21464173  8.49787016  7.89407521]
498.0;[20.79566815 21.32252705  8.14257739  7.89407521]
498.0;[20.79566815 21.21464173  8.14257739  7.89407521]
498.0;[20.09191505 21.32252705  8.49787016  7.89407521]
498.0;[20.79566815 21.21464173  8.49787016  7.89407521]
498.0;[20.09191505 20.68923823  8.14257739  7.89407521]
498.0;[19.91415099 21.32252705  8.14257739  7.89407521]
494.0;[20.09191505 21.32252705  9.43362201  7.89407521]
498.0;[20.79566815 21.32252705  8.14257739  7.89407521]
498.0;[20.09191505 21.32252705  8.49787016  7.89407521]
498.0;[20.79566815 21.32252705  8.49787016  7.89407521]
498.0;[20.09191505 20.68923823  8.14257739  7.89407521]
498.0;[20.79566815 20.68923823  8.14257739  7.89407521]
498.0;[20.79566815 21.32252705  8.35831695  7.89407521]
498.0;[20.09191505 21.32252705  8.35831695  7.89407521]
498.0;[20.09191505 21.32252705  8.14257739  7.89407521]
498.0;[20.86995722 21.32252705  7.88329721  7.89407521]
498.0;[20.09191505 21.32252705  8.14257739  7.89407521]
498.0;[20.79566815 21.32252705  9.43362201  7.89407521]
498.0;[20.09191505 21.32252705  8.49787016  7.89407521]
498.0;[20.79566815 21.32252705  8.49787016  7.89407521]
498.0;[20.09191505 20.68923823  8.14257739  7.89407521]
498.0;[20.79566815 21.32252705  8.14257739  7.89407521]
498.0;[20.79566815 21.32252705  8.35831695  7.89407521]
498.0;[20.09191505 21.32252705  8.35831695  7.89407521]
498.0;[20.09191505 21.32252705  8.49787016  7.89407521]
498.0;[20.79566815 21.32252705  8.14257739  7.89407521]
498.0;[20.86995722 21.32252705  8.49787016  7.89407521]
498.0;[20.79566815 20.67996961  7.88329721  7.89407521]
494.0;[20.09191505 20.68923823  8.53458883  7.89407521]
478.0;[20.79566815 22.56942132 10.08190612  7.89407521]
494.0;[19.2383269  21.32252705  8.14257739  7.89407521]
488.0;[20.09191505 21.32252705  8.35831695  9.55797211]
493.0;[20.09191505 19.64131706  8.14257739  7.89407521]
498.0;[20.79566815 21.32252705  8.14257739  7.89407521]
498.0;[20.09191505 21.32252705  8.49787016  7.89407521]
494.0;[20.09191505 21.32252705  9.08595498  7.89407521]
498.0;[20.86995722 21.32252705  7.88329721  7.89407521]
498.0;[20.79566815 21.32252705  8.49787016  7.89407521]
498.0;[20.09191505 20.68923823  8.14257739  7.89407521]
498.0;[20.79566815 20.68923823  8.14257739  7.89407521]
498.0;[20.79566815 21.32252705  8.35831695  7.89407521]
498.0;[20.09191505 21.32252705  8.14257739  7.89407521]
498.0;[20.09191505 21.32252705  8.14257739  7.89407521]
498.0;[20.79566815 21.32252705  8.14257739  7.89407521]
498.0;[20.09191505 21.32252705  8.35831695  7.89407521]
498.0;[20.09191505 21.32252705  8.49787016  7.89407521]
489.0;[20.79566815 21.32252705  8.14257739  6.83270337]
490.0;[20.09191505 21.32252705  9.75127251  7.89407521]
498.0;[20.79566815 21.32252705  7.88329721  7.89407521]
498.0;[20.86995722 21.32252705  8.49787016  7.89407521]
498.0;[20.86995722 21.32252705  8.49787016  7.89407521]
498.0;[20.09191505 21.32252705  8.49787016  7.89407521]
498.0;[20.79566815 20.68923823  7.88329721  7.89407521]
498.0;[20.79566815 20.68923823  8.14257739  7.89407521]
498.0;[20.09191505 21.32252705  8.35831695  7.89407521]
498.0;[20.79566815 21.32252705  8.14257739  7.89407521]
498.0;[20.79566815 21.32252705  8.14257739  7.89407521]
498.0;[20.09191505 20.68923823  8.14257739  7.89407521]
498.0;[20.79566815 21.32252705  8.49787016  7.89407521]
498.0;[20.86995722 21.32252705  7.88329721  7.89407521]
498.0;[20.86995722 21.32252705  8.49787016  7.89407521]
498.0;[20.09191505 21.32252705  8.49787016  7.89407521]
498.0;[20.79566815 20.68923823  8.14257739  7.89407521]
498.0;[20.79566815 20.67996961  7.88329721  7.89407521]
498.0;[20.09191505 21.32252705  8.14257739  7.89407521]
498.0;[20.79566815 21.32252705  8.35831695  7.89407521]
498.0;[20.79566815 21.32252705  8.49787016  7.89407521]
489.0;[20.09191505 21.32252705  7.02178745  7.89407521]
498.0;[20.79566815 20.68923823  8.14257739  7.89407521]
498.0;[20.09191505 20.68923823  8.14257739  7.89407521]
488.0;[18.94505284 20.26087685  8.35831695  7.89407521]
489.0;[20.09191505 21.32252705  7.29786529  7.89407521]
498.0;[20.66333427 21.32252705  8.14257739  7.89407521]
489.0;[21.6117876  21.32252705  8.49787016  7.89407521]
498.0;[20.79566815 20.68923823  8.49787016  7.89407521]
498.0;[20.86995722 20.68923823  8.37113977  7.89407521]
498.0;[20.79566815 21.32252705  8.14257739  7.89407521]
498.0;[20.09191505 21.32252705  8.49787016  7.89407521]
498.0;[20.79566815 20.68923823  8.14257739  7.89407521]
498.0;[20.09191505 20.68923823  8.14257739  7.89407521]
498.0;[20.79566815 21.32252705  7.88329721  7.89407521]
498.0;[20.09191505 21.32252705  8.35831695  7.89407521]
498.0;[20.86995722 21.32252705  8.49787016  7.89407521]
498.0;[20.79566815 21.32252705  8.14257739  7.89407521]
498.0;[20.79566815 20.68923823  7.88329721  7.89407521]
498.0;[20.86995722 21.32252705  8.49787016  7.89407521]
498.0;[20.66333427 21.32252705  8.37113977  7.89407521]
498.0;[20.86995722 21.32252705  8.14257739  7.89407521]
498.0;[20.09191505 21.32252705  8.14257739  7.89407521]
498.0;[20.79566815 20.28852205  8.49787016  7.89407521]
498.0;[20.79566815 20.68923823  8.14257739  7.89407521]
498.0;[20.79566815 20.68923823  8.49787016  7.89407521]
498.0;[21.38171205 21.32252705  9.44138206  7.89407521]
489.0;[22.23917322 21.32252705  8.49787016  7.89407521]
498.0;[20.09191505 20.68923823  8.14257739  7.89407521]
498.0;[20.09191505 20.68923823  8.14257739  7.89407521]
498.0;[20.66333427 21.32252705  8.14257739  7.89407521]
498.0;[20.86995722 20.68923823  8.37113977  7.89407521]
498.0;[20.09191505 21.32252705  8.49787016  7.89407521]
498.0;[20.79566815 20.68923823  8.14257739  7.89407521]
498.0;[20.79566815 20.68923823  8.49787016  7.89407521]
498.0;[20.79566815 20.68923823  8.14257739  7.89407521]
498.0;[20.79566815 21.32252705  8.49787016  7.89407521]
498.0;[20.79566815 21.32252705  8.14257739  7.89407521]
498.0;[20.09191505 20.68923823  8.14257739  7.89407521]
498.0;[20.09191505 20.68923823  8.14257739  7.89407521]
498.0;[20.86995722 21.32252705  8.14257739  7.89407521]
498.0;[20.79566815 21.48654436  8.14257739  7.89407521]
498.0;[20.52673825 20.68923823  8.49787016  8.62616995]
498.0;[20.79566815 20.68923823  9.12582699  7.89407521]
494.0;[20.79566815 20.68923823 10.26849476  7.89407521]
498.0;[20.66333427 20.68923823  8.49787016  7.94484517]
498.0;[20.09191505 21.32252705  8.14257739  7.89407521]
498.0;[20.66333427 21.32252705  9.17048652  7.89407521]
494.0;[20.09191505 20.68923823  9.44138206  7.89407521]
498.0;[19.71041762 20.68923823  8.14257739  7.89407521]
498.0;[20.86995722 21.32252705  8.14257739  7.89407521]
498.0;[20.79566815 20.68923823  8.14257739  7.89407521]
498.0;[20.09191505 20.68923823  8.14257739  7.89407521]
498.0;[20.79566815 20.28852205  8.49787016  7.89407521]
498.0;[20.79566815 20.68923823  8.49787016  7.89407521]
498.0;[20.66333427 21.32252705  8.37113977  7.89407521]
498.0;[20.09191505 21.32252705  8.14257739  7.89407521]
498.0;[20.66333427 21.32252705  8.14257739  7.89407521]
498.0;[20.09191505 20.68923823  8.14257739  7.89407521]
498.0;[21.38171205 21.32252705  9.44138206  7.89407521]
498.0;[20.79566815 20.68923823  8.14257739  7.89407521]
498.0;[20.28404479 20.68923823  8.14257739  7.89407521]
498.0;[19.57235161 21.32252705  8.49787016  7.94484517]
498.0;[20.66333427 21.32252705  8.14257739  8.1465822 ]
498.0;[20.86995722 21.32252705  8.49787016  8.62616995]
498.0;[20.52673825 21.32252705  8.14257739  8.62616995]
498.0;[20.66333427 21.32252705  9.12582699  7.89407521]
498.0;[20.79566815 21.32252705  7.85485503  7.89407521]
498.0;[20.79566815 21.48654436  8.14257739  7.89407521]
498.0;[20.09191505 21.48654436  8.14257739  7.89407521]
498.0;[20.79566815 20.68923823  8.14257739  7.89407521]
498.0;[19.71041762 20.68923823  8.14257739  7.89407521]
498.0;[20.86995722 21.32252705  8.14257739  7.89407521]
498.0;[20.66333427 20.68923823  8.49787016  7.94484517]
498.0;[20.86995722 21.32252705  8.14257739  7.89407521]
498.0;[20.52673825 20.68923823  8.49787016  8.62616995]
498.0;[20.66333427 21.32252705  9.17048652  7.89407521]
498.0;[20.79566815 20.68923823  9.12582699  7.89407521]
498.0;[20.79566815 21.48654436  8.14257739  7.89407521]
498.0;[20.09191505 21.32252705  8.14257739  7.89407521]
478.0;[20.79566815 20.39907132  9.055311    6.29605266]
498.0;[20.79566815 21.48654436  8.74515252  7.89407521]
498.0;[20.28404479 20.68923823  8.14257739  8.1465822 ]
478.0;[20.66333427 20.68923823  8.14257739  6.38461048]
498.0;[20.86995722 21.32252705  8.14257739  7.89407521]
498.0;[20.09191505 21.32252705  8.49787016  7.89407521]
498.0;[20.66333427 21.32252705  8.14257739  7.89407521]
493.0;[20.79566815 20.37741934  9.12582699  7.89407521]
498.0;[20.52673825 21.32252705  8.49787016  7.94484517]
489.0;[19.57235161 21.32252705  8.14257739  7.18565812]
498.0;[20.79566815 21.48654436  8.14257739  7.89407521]
498.0;[20.79566815 21.32252705  7.85485503  7.89407521]
498.0;[20.28404479 20.68923823  8.14257739  7.89407521]
498.0;[20.66333427 21.32252705  8.14257739  8.1465822 ]
498.0;[20.86995722 21.32252705  8.49787016  8.62616995]
498.0;[20.09191505 21.48654436  8.14257739  7.89407521]
498.0;[20.66333427 21.32252705  9.12582699  7.89407521]
498.0;[20.79566815 20.68923823  8.14257739  7.89407521]
498.0;[20.52673825 21.32252705  8.14257739  8.62616995]
498.0;[19.57235161 21.32252705  8.49787016  7.94484517]
498.0;[20.52673825 21.32252705  8.14257739  7.89407521]
498.0;[20.28404479 21.32252705  8.49787016  7.89407521]
498.0;[20.79566815 21.32252705  8.14257739  8.1465822 ]
478.0;[19.95193745 22.90425244  7.85485503  8.1465822 ]
498.0;[20.66333427 21.32252705  8.14257739  8.1465822 ]
498.0;[20.28404479 21.32252705  8.14257739  8.1465822 ]
494.0;[19.81400032 21.48654436  8.74515252  7.89407521]
498.0;[20.79566815 21.48654436  8.14257739  7.89407521]
498.0;[20.86995722 21.32252705  8.49787016  7.89407521]
493.0;[20.09191505 21.32252705  8.14257739  9.10599834]
498.0;[20.52673825 21.32252705  8.49787016  7.94484517]
498.0;[20.28404479 20.68923823  8.14257739  7.89407521]
498.0;[20.79566815 21.32252705  7.85485503  7.89407521]
498.0;[20.66333427 21.32252705  8.14257739  8.1465822 ]
498.0;[20.66333427 21.32252705  8.14257739  7.89407521]
498.0;[20.28404479 20.68923823  8.14257739  8.1465822 ]
498.0;[20.79566815 21.48654436  8.14257739  7.89407521]
498.0;[20.79566815 21.48654436  8.74515252  7.89407521]
498.0;[20.86995722 21.32252705  8.14257739  7.89407521]
498.0;[20.09191505 21.32252705  8.49787016  7.89407521]
498.0;[20.28404479 20.9110797   8.49787016  7.89407521]
498.0;[20.86995722 20.68923823  8.14257739  7.89407521]
498.0;[20.79566815 21.48654436  7.85485503  7.89407521]
498.0;[20.79566815 21.48654436  9.10480611  7.89407521]
498.0;[20.66333427 21.32252705  8.14257739  8.1465822 ]
498.0;[20.28404479 21.32252705  8.14257739  8.1465822 ]
498.0;[20.52673825 21.32252705  8.49787016  7.89407521]
498.0;[20.28404479 21.32252705  8.49787016  7.89407521]
498.0;[20.02361411 21.32252705  8.14257739  7.89407521]
498.0;[20.52673825 21.32252705  8.14257739  7.89407521]
498.0;[20.28404479 20.68923823  8.14257739  7.89407521]
498.0;[20.86995722 21.32252705  8.49787016  7.89407521]
498.0;[20.79566815 21.48654436  8.14257739  7.89407521]
498.0;[20.79566815 21.32252705  7.85485503  7.89407521]
498.0;[20.66333427 21.32252705  8.14257739  8.1465822 ]
498.0;[20.28404479 21.32252705  8.14257739  8.1465822 ]
498.0;[20.52673825 21.32252705  8.49787016  7.94484517]
498.0;[20.28404479 21.32252705  8.49787016  7.89407521]
498.0;[20.79566815 21.32252705  8.14257739  8.1465822 ]
498.0;[20.52673825 21.32252705  8.14257739  7.89407521]
494.0;[19.32474479 21.32252705  8.14257739  7.89407521]
498.0;[20.86995722 21.32252705  8.14257739  7.89407521]
498.0;[21.27003146 21.48654436  8.49787016  7.89407521]
498.0;[20.28404479 21.48654436  7.85485503  7.89407521]
498.0;[20.52673825 21.32252705  8.49787016  7.89407521]
488.0;[20.28404479 21.32252705  8.84325376  8.51119141]
478.0;[20.28404479 22.56885303  8.14257739  7.89407521]
498.0;[20.02361411 21.32252705  8.14257739  7.89407521]
498.0;[20.79566815 21.48654436  8.14257739  8.1465822 ]
498.0;[20.66333427 21.48654436  9.10480611  8.1465822 ]
498.0;[20.52673825 21.32252705  8.14257739  7.89407521]
498.0;[20.86995722 20.68923823  8.14257739  7.89407521]
498.0;[20.79566815 21.48654436  7.85485503  7.89407521]
498.0;[20.28404479 20.9110797   8.49787016  7.89407521]
498.0;[20.52673825 21.32252705  8.49787016  7.89407521]
498.0;[20.28404479 21.32252705  8.49787016  7.89407521]
498.0;[20.28404479 21.32252705  8.14257739  8.1465822 ]
498.0;[20.02361411 21.32252705  8.14257739  7.89407521]
498.0;[20.79566815 21.48654436  9.10480611  7.89407521]
498.0;[20.66333427 21.32252705  8.14257739  8.1465822 ]
498.0;[20.66333427 21.48654436  7.85485503  7.89407521]
498.0;[20.79566815 21.48654436  9.10480611  7.89407521]
493.0;[20.79566815 21.48654436  8.79970489  8.53981062]
493.0;[20.02361411 21.48654436  8.14257739  9.01326315]
498.0;[21.27003146 21.48654436  8.14257739  7.89407521]
498.0;[20.86995722 20.35885688  8.49787016  7.89407521]
498.0;[20.86995722 20.68923823  7.85485503  7.89407521]
498.0;[20.28404479 20.68923823  8.14257739  7.89407521]
489.0;[21.98313266 21.32252705  8.14257739  7.89407521]
498.0;[20.52673825 21.32252705  8.14016738  7.89407521]
498.0;[20.66333427 21.48654436  9.10480611  8.1465822 ]
498.0;[20.79566815 21.48654436  7.85485503  7.89407521]
498.0;[20.79566815 21.48654436  8.14257739  8.1465822 ]
498.0;[20.02361411 21.32252705  8.14257739  7.89407521]
498.0;[21.27003146 21.48654436  8.49787016  7.89407521]
498.0;[20.86995722 21.32252705  8.14257739  7.89407521]
498.0;[20.86995722 20.68923823  8.14257739  7.89407521]
498.0;[20.28404479 21.48654436  7.85485503  7.89407521]
498.0;[20.52673825 21.32252705  8.49787016  7.89407521]
498.0;[20.52673825 21.32252705  8.14257739  7.89407521]
489.0;[20.86995722 21.73586507  8.14257739  7.89407521]
489.0;[20.28404479 20.35885688  7.23582368  7.89407521]
478.0;[20.79566815 21.48654436  6.34528134  7.89407521]
498.0;[20.86995722 21.48654436  7.85485503  7.89407521]
498.0;[20.79566815 21.48654436  8.14257739  8.1465822 ]
498.0;[20.79566815 21.48654436  9.10480611  8.1465822 ]
498.0;[20.66333427 21.48654436  8.14016738  7.89407521]
498.0;[20.52673825 21.48654436  9.10480611  7.89407521]
498.0;[20.66333427 21.48654436  8.14257739  9.1909747 ]
498.0;[21.27003146 21.48654436  7.85485503  7.89407521]
498.0;[20.86995722 20.35885688  8.49787016  7.89407521]
498.0;[20.28404479 20.68923823  8.14257739  7.89407521]
498.0;[20.79566815 21.48654436  7.85485503  7.89407521]
498.0;[20.86995722 20.68923823  7.85485503  7.89407521]
498.0;[20.79566815 21.48654436  9.10480611  7.89407521]
498.0;[20.79566815 21.48654436  8.14257739  8.1465822 ]
498.0;[20.66333427 21.48654436  9.10480611  8.1465822 ]
498.0;[20.52673825 21.32252705  8.14016738  7.89407521]
498.0;[20.66333427 21.48654436  7.85485503  7.89407521]
498.0;[21.27003146 21.48654436  8.14257739  7.89407521]
493.0;[21.27003146 19.8067154   9.23692234  8.1465822 ]
489.0;[20.79566815 22.06291597  7.85485503  8.1465822 ]
493.0;[20.86995722 20.35885688  9.10480611  8.1465822 ]
498.0;[20.79566815 20.35885688  8.49787016  8.1465822 ]
486.0;[18.7032733  21.81784039  9.10480611  7.89407521]
498.0;[20.52673825 21.48654436  8.14257739  7.89407521]
498.0;[20.79566815 21.48654436  8.14257739  7.89407521]
494.0;[19.23668065 21.48654436  7.85485503  7.89407521]
498.0;[20.66333427 21.48654436  7.85485503  8.97843324]
498.0;[20.86995722 21.48654436  8.14016738  7.89407521]
498.0;[21.27003146 21.48654436  7.85485503  7.89407521]
498.0;[20.79566815 21.48654436  8.14257739  8.1465822 ]
498.0;[20.86995722 20.35885688  8.49787016  7.89407521]
498.0;[20.79566815 21.48654436  9.10480611  8.1465822 ]
498.0;[20.66333427 21.48654436  8.14257739  9.1909747 ]
498.0;[20.52673825 21.48654436  9.10480611  7.89407521]
498.0;[20.79566815 21.48654436  7.85485503  7.89407521]
498.0;[20.28404479 20.68923823  8.14257739  7.89407521]
498.0;[20.66333427 21.48654436  8.14016738  7.89407521]
498.0;[20.86995722 21.48654436  7.85485503  7.89407521]
498.0;[20.52673825 21.48654436  8.14016738  7.89407521]
498.0;[20.86995722 21.48654436  8.14257739  7.89407521]
498.0;[20.79566815 20.76057896  9.10480611  8.1465822 ]
498.0;[20.79566815 21.48654436  8.14257739  8.1465822 ]
498.0;[20.79566815 21.48654436  8.49787016  7.89407521]
498.0;[20.86995722 21.48654436  8.14257739  7.89407521]
498.0;[20.66333427 21.48654436  8.49787016  8.1465822 ]
478.0;[20.79566815 22.78273947  7.85485503  8.1465822 ]
489.0;[22.26538441 21.48654436  7.85485503  7.89407521]
498.0;[21.27003146 21.48654436  8.14257739  7.89407521]
498.0;[20.52673825 21.48654436  8.14257739  7.89407521]
498.0;[20.86995722 21.48654436  8.14016738  7.89407521]
498.0;[20.79566815 21.48654436  8.14257739  7.89407521]
498.0;[20.79566815 21.48654436  9.10480611  8.1465822 ]
498.0;[20.79566815 21.48654436  8.14257739  8.1465822 ]
498.0;[20.86995722 20.35885688  8.49787016  7.89407521]
498.0;[20.66333427 21.48654436  7.85485503  8.97843324]
498.0;[20.79566815 20.35885688  8.49787016  8.1465822 ]
498.0;[20.66333427 21.48654436  8.14257739  9.1909747 ]
498.0;[21.27003146 21.48654436  7.85485503  7.89407521]
498.0;[20.66333427 21.48654436  8.14257739  7.89407521]
498.0;[21.27003146 21.48654436  8.49787016  7.89407521]
489.0;[20.79566815 21.48654436  7.13279341  7.89407521]
498.0;[20.86995722 21.48654436  8.14257739  7.89407521]
498.0;[20.79566815 20.99526966  9.29128609  7.89407521]
498.0;[20.86995722 20.76057896  9.10480611  7.89407521]
498.0;[20.52673825 21.48654436  8.14016738  7.89407521]
498.0;[20.52673825 21.48654436  8.14257739  7.89407521]
498.0;[20.79566815 21.48654436  8.14257739  7.89407521]
498.0;[20.86995722 21.48654436  8.49787016  7.89407521]
498.0;[20.66333427 21.48654436  8.49787016  8.1465822 ]
498.0;[21.27003146 21.48654436  8.14257739  7.89407521]
498.0;[20.79566815 21.48654436  8.14257739  8.1465822 ]
498.0;[20.86995722 21.48654436  8.14016738  7.89407521]
498.0;[20.79566815 20.76057896  9.10480611  8.1465822 ]
498.0;[20.86995722 21.48654436  8.14257739  7.89407521]
498.0;[20.52673825 21.48654436  8.14257739  7.89407521]
498.0;[20.52673825 21.48654436  8.14016738  7.89407521]
498.0;[20.79566815 21.48654436  8.49787016  7.89407521]
498.0;[20.86995722 21.48654436  8.14257739  7.89407521]
498.0;[20.86995722 20.76057896  8.14257739  7.89407521]
494.0;[20.52673825 20.76057896  9.84747944  7.89407521]
498.0;[20.86995722 21.48654436  8.14257739  7.89407521]
478.0;[20.79566815 22.50884263  8.14257739  7.89407521]
494.0;[20.66333427 21.48654436  9.98280508  7.89407521]
498.0;[20.52673825 21.48654436  8.03954708  7.89407521]
489.0;[20.86995722 21.48654436  9.29128609  7.3763589 ]
489.0;[20.67910988 21.48654436  8.49787016  7.43590495]
498.0;[21.27003146 21.48654436  8.14257739  7.89407521]
498.0;[20.66333427 21.48654436  8.49787016  7.89407521]
498.0;[20.86995722 20.76057896  9.10480611  7.89407521]
498.0;[20.52673825 21.48654436  8.14257739  7.89407521]
498.0;[20.86995722 21.48654436  8.14257739  7.89407521]
498.0;[20.79566815 21.48654436  8.14257739  7.89407521]
498.0;[20.66333427 21.48654436  8.49787016  8.1465822 ]
498.0;[20.52673825 21.48654436  8.14016738  7.89407521]
498.0;[20.86995722 21.48654436  8.49787016  7.89407521]
498.0;[20.79566815 20.99526966  9.29128609  7.89407521]
498.0;[21.27003146 21.48654436  8.49787016  7.89407521]
498.0;[20.66333427 21.48654436  8.14257739  7.89407521]
498.0;[20.86995722 21.48654436  8.14257739  8.98843621]
498.0;[20.86995722 21.48654436  8.14257739  7.89407521]
498.0;[20.86995722 20.76057896  8.03954708  7.89407521]
498.0;[20.52673825 20.76057896  9.10480611  7.89407521]
498.0;[21.09275616 20.76057896  8.49787016  7.89407521]
489.0;[20.66333427 20.76057896  8.14257739  6.65213365]
498.0;[20.52673825 21.48654436  8.14257739  7.89407521]
498.0;[20.79566815 21.48654436  8.14257739  7.89407521]
498.0;[21.27003146 21.48654436  8.49787016  8.1465822 ]
478.0;[20.66333427 22.8080248   8.14257739  8.1465822 ]
498.0;[20.86995722 21.48654436  8.14257739  7.89407521]
498.0;[20.86995722 21.48654436  8.14257739  7.89407521]
498.0;[20.86995722 20.76057896  9.10480611  7.89407521]
498.0;[20.52673825 21.48654436  8.03954708  7.89407521]
498.0;[20.86995722 20.76057896  8.14257739  7.89407521]
498.0;[20.66333427 21.48654436  8.49787016  7.89407521]
498.0;[20.52673825 21.48654436  8.14257739  7.89407521]
498.0;[20.79566815 21.48654436  8.14257739  7.89407521]
498.0;[21.27003146 21.48654436  8.14257739  7.89407521]
498.0;[20.66333427 21.48654436  8.49787016  8.1465822 ]
493.0;[19.91408914 20.76057896  8.14257739  8.98843621]
493.0;[20.86995722 20.76057896  8.89263946  8.98843621]
489.0;[21.53376919 21.48654436  8.49787016  8.1465822 ]
498.0;[21.27003146 21.48654436  8.14257739  8.1465822 ]
498.0;[20.86995722 21.48654436  8.49787016  7.89407521]
498.0;[21.09275616 21.48654436  8.14257739  7.89407521]
498.0;[20.86995722 21.48654436  8.14257739  7.89407521]
498.0;[20.86995722 21.48654436  8.14257739  7.89407521]
498.0;[20.79566815 21.48654436  7.92638018  7.89407521]
489.0;[20.52673825 21.86517557  8.14257739  7.89407521]
498.0;[20.86995722 20.76057896  8.03954708  7.89407521]
498.0;[20.86995722 21.48654436  8.14257739  8.98843621]
498.0;[20.52673825 21.48654436  8.14257739  7.89407521]
498.0;[21.27003146 21.48654436  8.49787016  8.1465822 ]
498.0;[20.86995722 21.48654436  8.14257739  7.89407521]
498.0;[21.09275616 20.76057896  8.49787016  7.89407521]
498.0;[20.86995722 21.48654436  8.14257739  7.89407521]
498.0;[20.86995722 21.48654436  8.14257739  7.89407521]
498.0;[20.79566815 21.48654436  8.14257739  7.89407521]
498.0;[20.52673825 20.76057896  9.10480611  7.89407521]
498.0;[20.86995722 21.48654436  8.14257739  8.1465822 ]
498.0;[21.27003146 21.48654436  8.14257739  8.1465822 ]
498.0;[20.86995722 21.48654436  8.14257739  7.89407521]
498.0;[21.09275616 21.48654436  8.49787016  7.89407521]
489.0;[20.86995722 21.48654436  8.14257739  7.00345172]
498.0;[20.86995722 21.48654436  8.14257739  8.98843621]
498.0;[20.86995722 20.76057896  7.92638018  7.89407521]
498.0;[20.79566815 20.76057896  8.03954708  7.89407521]
498.0;[20.08958241 21.48654436  8.49787016  8.1465822 ]
489.0;[21.27003146 21.48654436  6.84985078  8.1465822 ]
498.0;[20.86995722 21.48654436  8.14257739  7.89407521]
498.0;[21.27003146 21.48654436  8.14257739  8.1465822 ]
498.0;[20.86995722 21.48654436  8.49787016  7.89407521]
498.0;[21.09275616 21.48654436  8.14257739  7.89407521]
498.0;[20.86995722 21.48654436  8.14257739  7.89407521]
498.0;[20.86995722 21.48654436  8.14257739  8.98843621]
498.0;[20.86995722 20.76057896  8.03954708  7.89407521]
498.0;[20.79566815 21.48654436  7.92638018  7.89407521]
498.0;[20.52673825 21.48654436  8.14257739  7.89407521]
498.0;[21.27003146 21.48654436  8.49787016  8.1465822 ]
