257.0;[26.20288208 29.05621988 26.07583621 15.92567075]
336.0;[ 6.98184984  0.34196413 12.91406455 12.0705408 ]
290.0;[15.68024014 14.35175387 16.66069421 16.30158053]
405.0;[22.82686727 21.37123722 18.59046288 12.78275311]
362.0;[ 8.67225084 29.21565724 10.01322137  6.56403182]
264.0;[ 1.97425163 29.4861164   3.83567139  9.6639238 ]
336.0;[ 2.12828534  6.74309817 11.80904745 26.88435015]
266.0;[10.36384836 29.54248312  0.86196147 10.55054209]
390.0;[11.42876668 22.92480394 28.1641174   9.59069389]
455.0;[12.97427798  8.10437225 24.03167659 19.14716418]
289.0;[ 2.060704   18.10933429 23.86723675  0.96024469]
359.0;[13.66343466 23.70517624 29.65789554 17.51893631]
257.0;[ 1.16736893 13.39268723  5.64517546 18.81166941]
298.0;[ 6.45953398  4.52910323 16.0843292   3.01160383]
300.0;[21.93475296 28.18953118 28.29954553 11.24215515]
344.0;[17.87250738 19.85948137 15.31741366 14.12677745]
330.0;[ 0.26616857  2.03689211 13.04448685 12.94480893]
430.0;[ 5.57651057 15.8911595  17.97258759 21.627734  ]
455.0;[ 9.1918757  12.13186394 24.68347261 17.61391054]
333.0;[21.1954663  15.3174674  24.90184983 21.62034034]
431.0;[25.98785049  6.10229316  8.95604554 14.27412066]
389.0;[14.80813494 18.23028392 24.56806731 15.83171515]
366.0;[28.17612408 21.70150245  5.36271047 18.5917625 ]
447.0;[16.86850152 22.90213844 24.19939006  8.95875608]
216.0;[ 4.1515412  19.06193743  0.24925123 23.65749793]
255.0;[15.06232178 29.91355985 29.52121942  6.8123588 ]
411.0;[25.49871871 24.38452607  7.08403111 19.70559883]
300.0;[29.31513005 21.94705544  2.86885084 15.01818318]
231.0;[1.38708024e+01 2.23166833e-02 2.96681682e+01 2.63285982e+01]
417.0;[ 6.51633459 18.16132504 14.15859362 10.77326744]
369.0;[15.87877357 16.94469332 25.00647004  1.88439967]
408.0;[18.19099869 15.10838235  4.80896078  4.36336436]
317.0;[19.13522586 26.48718421  0.98597433 12.84065704]
418.0;[26.3367922  14.29521238 11.02711613  7.21950756]
378.0;[ 1.44695331  5.25500338 16.70326298 15.90256449]
408.0;[16.32664652  8.97158246 25.96272094 25.40839631]
447.0;[13.971011   22.5407459  23.50712018 11.04290546]
285.0;[ 5.31939302  7.58611511  7.11273179 11.75686686]
377.0;[ 0.21619229  8.4267255  16.11210351 12.69177911]
407.0;[15.95478974 22.20232079 27.93646318  9.77991157]
429.0;[ 8.11720566 14.28671736 18.28848631  5.61751303]
288.0;[ 0.83986096  6.1198065   7.35313683 13.08991687]
347.0;[18.92787726  9.04270849 29.2652014  26.13445024]
453.0;[18.62196094 10.13661223  5.09194815 19.79190454]
317.0;[21.46347209  1.9830215  23.25348631 26.65886433]
289.0;[18.96671319 21.1005756  25.90332669 28.4617173 ]
223.0;[10.55629266  1.77605414  9.32865274  5.12552926]
386.0;[11.2214622  15.11913096 23.71475709 28.574457  ]
352.0;[ 8.69462502 28.56042283  5.52132795 13.2018406 ]
208.0;[5.47498438 7.81952902 0.51620693 7.38838849]
355.0;[11.59535675 14.91504155  9.10624446  0.39123173]
298.0;[26.30550384  7.082852    6.56704427  0.12495596]
439.0;[ 7.80092807  8.24977497 17.20264375 15.61219779]
290.0;[23.97689267 23.35033532 27.90236206 15.77129786]
345.0;[28.04871778 24.49094884  5.67449359 20.92485408]
226.0;[27.44914806 27.09154318 25.85103106 19.42909188]
236.0;[28.80127877  7.50050306 20.9212199   3.7089541 ]
370.0;[19.88302551 21.28922464 20.15953152 14.94451158]
433.0;[12.34203117 26.00037584 14.09246086  9.53465297]
390.0;[ 1.41411443 19.77369505 22.66703502 15.11619149]
450.0;[21.88400777 19.1906612  15.06551205  5.64877262]
393.0;[10.71634938 21.89167072 22.5169278   1.59381873]
438.0;[12.84407541 18.27211228 21.96842551 11.97502829]
359.0;[16.33271828 11.35633362 10.2024499   9.78670482]
293.0;[24.61878821  2.32097407  1.0909788  20.55204683]
362.0;[10.88981552 28.21111019  5.11553968 12.34998098]
344.0;[11.95705686 15.3172037   4.70727841 29.47998635]
304.0;[18.98257723 27.89006584 19.19116467 19.07694391]
378.0;[18.02997082  7.38647151  8.60040451  5.00498246]
338.0;[21.22559426 25.68414654  6.58337824  1.86249891]
326.0;[12.10375354 28.97131306  4.33883264 16.66421742]
385.0;[23.29782765  5.84728263 10.46221518  6.68020307]
334.0;[14.00785249 28.05413689 18.93657545  3.3160354 ]
382.0;[10.28318256 21.11258422 29.83585283 10.86004512]
283.0;[15.56865689  6.7149078  10.42410073  3.98757223]
218.0;[5.53296536 8.96733941 1.45744662 8.33396372]
239.0;[ 2.49328849  0.87440478 28.93867746  9.79191654]
463.0;[20.65517278  8.39146085 13.20837962 24.57848201]
454.0;[23.80401793 15.78083176 10.61494633  9.75613539]
271.0;[26.49220252  3.35865198 11.4843752   1.22279301]
399.0;[19.0252547  28.26541843 17.06701338 10.89677094]
286.0;[ 9.38710739 21.09227711  4.42547332 21.63308776]
334.0;[ 4.88856596  8.38087105 29.16537332  9.93492841]
239.0;[28.83404074 26.97607763  5.66698837  1.05473953]
399.0;[11.22180407 20.78116383 28.51476539 10.73555673]
419.0;[11.05866338  4.15977289 22.695377   14.04967683]
366.0;[14.44728593  5.63563416  1.63266504 20.59597402]
302.0;[14.49067771 24.82053166  0.83328199 24.9788236 ]
450.0;[25.18256485  8.31932866  9.91266469 21.77697186]
387.0;[22.14353319 23.83977701  2.51947109 13.68651897]
217.0;[25.52336369 29.67606287 21.7090173  24.24573876]
314.0;[ 3.37005718 29.39681569  9.762684    5.34344467]
382.0;[20.10646165  0.1978573  12.65331586 20.89278759]
190.0;[0.13647253 9.72300546 4.27934847 3.58691063]
340.0;[28.17917053  2.23429804 14.23873097 10.09648018]
306.0;[27.98550349 17.47913167 20.39138718 13.86987904]
334.0;[19.97518725  1.92814966 15.74815616 26.06701911]
396.0;[15.86711479 12.04368599  2.69898118 19.58329492]
473.0;[20.52671905 20.95167592  7.39614993 12.23322312]
281.0;[14.31539866  8.47250391 11.75408274  1.72246945]
341.0;[14.98138992 12.53027162 12.07363674  5.79296738]
327.0;[14.93419812 19.44045081 18.99338138 25.63110852]
289.0;[ 0.56668479  6.03454439 17.56134433 27.87381336]
230.0;[26.01222254 13.51859197 29.70348913  4.2867394 ]
243.0;[ 9.38716407  0.02783384 11.08066837  6.98481707]
277.0;[ 7.79461844 28.91919776 10.38873104  0.14474222]
302.0;[19.49325883 28.24110782 15.18012914 20.25490651]
235.0;[29.36633389 12.84381866 23.00862154  2.11276424]
324.0;[18.46216568 11.55798176 26.87948435  9.29013913]
269.0;[ 8.12484499 10.89126597  0.93220882 10.43595235]
294.0;[ 6.01402313 24.47343355  3.03352804  0.94486972]
422.0;[15.18789318 18.17884647 14.44676677  4.20804228]
292.0;[15.99797046 24.15957933 25.53175447 26.71851455]
353.0;[23.63000063 28.3206563   9.78199115  5.2656839 ]
347.0;[21.67757396 18.45100625  0.54980214 26.42483237]
299.0;[21.88101971 11.32922348 19.33195033 13.39828528]
329.0;[ 5.23643884 13.06931942 12.376599    0.54590186]
357.0;[ 0.03535394 22.53322017 23.10016506 20.69444707]
226.0;[ 5.59227176 20.37399658  0.95497455 26.45621488]
155.0;[ 0.79710104 17.76221713  1.08069607 18.54355546]
382.0;[ 0.6832961  20.06103155 17.33515651 14.29621936]
458.0;[ 8.88293896 13.78004514 24.65391141 11.15339978]
429.0;[ 4.62568014 20.49252899 18.06913797 16.40036166]
453.0;[14.95122473  6.07027443 22.82096266 19.6205648 ]
343.0;[26.17767329 18.54233992 20.04817459 11.23346449]
379.0;[10.74505852 13.14643967 16.02360665 29.91309788]
398.0;[ 9.72488377  5.41156997  4.08589648 23.32925836]
211.0;[ 3.47759126  2.78653867 29.89951097 27.00698389]
436.0;[23.7216715   7.41398688  5.57780743 20.33730028]
317.0;[ 1.72886673 14.1420757  27.53246208 18.7297364 ]
295.0;[10.53774595 25.4503699   3.09740715 19.15470568]
351.0;[19.09919001 26.64432828 26.62590086  6.87346783]
418.0;[12.45216913 10.45159047 25.03445173 14.98135575]
413.0;[21.4504548   3.27977365 10.15672456 23.11822913]
299.0;[ 0.13231863  9.2844439   4.0363846  22.50919571]
369.0;[ 1.77069565  4.23253897 15.34428045 19.96989943]
357.0;[ 7.82410803 23.68273252 28.11258736 23.92386305]
307.0;[ 2.73825394 21.38553639 10.22977337 19.84620699]
369.0;[15.55196256 20.81767361  5.8508472  23.26626824]
268.0;[23.45100261 26.89953801 29.42433957 14.71338591]
362.0;[13.89483223 14.46799731  8.40152755 18.2230532 ]
355.0;[24.65289667  0.26208723  7.36147383 18.02079395]
385.0;[18.60150676 14.1687893  15.0863144  22.5534655 ]
361.0;[24.72598065  9.55439448 16.40878035 12.89714249]
349.0;[ 5.59901438  8.56335194 29.82534378 10.02181202]
379.0;[ 1.57451459 16.81300382 23.317123    8.14977271]
343.0;[ 2.15629846 14.18437234 26.13552177 22.1997051 ]
424.0;[10.65069662 26.78066882 22.76428696  9.70747626]
411.0;[27.19207516 13.08367142 11.01485954  9.59774667]
249.0;[27.29361871 22.65906485 23.43250737 19.22990462]
357.0;[22.03744117  0.31975879 12.85646246 23.54615497]
297.0;[27.53550325 15.67443602 20.65700392 28.55804917]
408.0;[16.73768992 17.81400186 13.03039949  8.87341849]
393.0;[20.93010993 13.98014476  1.1275952   7.03211774]
377.0;[29.19406335 22.19905317 17.30443247  8.49821057]
281.0;[ 2.43485008 19.83819427 10.15772091 26.34743125]
386.0;[28.62580887 23.42670048 11.69210581 10.56303289]
294.0;[11.46710441 22.82156525 15.96908779 24.4531339 ]
418.0;[12.66294376 12.487414   22.50700686 16.98567084]
246.0;[ 1.07951668 11.12237447  7.95051641  2.15541026]
253.0;[ 1.03649119 14.23118036  4.16314951  7.83022369]
366.0;[ 5.76006376 13.49709168 28.0298553  11.4160807 ]
281.0;[ 4.34733614 17.08212902  1.95226572  0.50634059]
386.0;[19.83033627 18.11349183 18.09990019 10.76919223]
453.0;[ 9.24070008 24.70005271 16.82435711 10.41123115]
266.0;[20.21265867 21.00428914 20.22595266 20.19144243]
378.0;[25.59911918 15.81911647 16.94822345 23.62261161]
423.0;[18.44555575 13.26172004  4.83374311 15.31696094]
313.0;[20.15529224 18.85645569 23.73551763 24.32720609]
309.0;[10.55577784 21.18462011  1.70435434 18.28983693]
237.0;[ 1.0553255  27.26863498 14.66399644 27.04244666]
418.0;[15.55557533 17.66566451  8.39504452 10.73717481]
344.0;[16.7526875  16.82764615 14.6174772  29.33798895]
388.0;[10.85984312 26.25255132 14.85816256 14.60269381]
282.0;[28.72536721 11.5371488  25.13670481 20.55812393]
349.0;[ 9.49627673  6.11881734 28.47183799 25.22481538]
313.0;[26.24637237  9.60154532  1.71809852  5.95277115]
433.0;[11.85869838  9.70045152 11.38236988 26.49068276]
367.0;[10.15424022  0.23070748  7.54137556 16.67471905]
328.0;[22.39141294 17.91388711 21.25606267 24.10091852]
361.0;[25.92821766 22.99756873 18.23383889 15.82816772]
294.0;[22.28719666 29.79913843 15.32223356 22.36755633]
290.0;[ 3.30974139  5.34678429 15.92689044 29.68782556]
297.0;[19.77089861  4.68822742  4.43428686  0.16568433]
232.0;[25.7811496  12.56481252 28.12996952  8.46541039]
271.0;[ 7.61558789 24.2488561   7.21016001 20.58385211]
317.0;[ 3.87956856 18.73493884 29.99590418 21.65384127]
385.0;[16.13217066  5.31275201  9.73245005 12.0460807 ]
369.0;[10.46666742  9.42885215  4.95902143 28.91918836]
330.0;[ 7.17054247 15.26985742  3.28210019  2.11415477]
246.0;[22.84585055  1.82741153 16.06862896  4.69932216]
440.0;[10.67438587 21.39780724 25.40524491 16.67569824]
349.0;[ 1.05770434  4.66562365 23.54336534 17.05910783]
400.0;[ 7.0548541  21.27263421 17.43631504 22.15379813]
338.0;[15.31550658 16.95049392  2.03118907 29.65275578]
393.0;[17.68902573 20.17144623  2.13131812 22.30670016]
334.0;[25.40501716 21.15662787 17.50827037  0.70043148]
382.0;[ 0.94261766 19.6036582  17.48043856 18.77195285]
373.0;[17.41525417  9.40283844 26.03450527 16.03878203]
294.0;[ 1.39622381 21.95671446 22.8535532  28.15785514]
285.0;[ 4.59184538  6.00182703  5.28106645 13.32247719]
339.0;[23.76189928 13.95377694 21.04783335 19.72218799]
375.0;[ 2.47906899 11.63889213 15.8152611   7.89961063]
322.0;[16.85283534 17.57518487 20.73157741 18.92215527]
319.0;[19.12881733 27.18458924  2.47656101 23.40907657]
413.0;[ 7.9673418  19.81282582 10.49389937  9.00383622]
408.0;[16.42038984  8.44098478 25.62501399 25.10987733]
205.0;[11.83662199  0.86008834  0.52334564  5.08061061]
412.0;[19.07269687 12.79883522 19.59321173 23.17592467]
386.0;[13.2844383  22.9680656  26.74924775  4.11906041]
239.0;[28.93798723 22.34373471 19.27759219 27.02385717]
266.0;[29.05277362 18.34843324  9.40604089 29.8165348 ]
318.0;[ 6.51638534 18.00809446 11.84575079 19.82645164]
367.0;[ 3.73882459 23.64474217  5.41875537  7.02456372]
398.0;[ 9.89624136  2.41845463 22.35042582 22.16662202]
354.0;[16.75166939 14.77306447 28.52961448 10.90127865]
366.0;[28.03538925 18.58100202 11.26291174  5.12452527]
358.0;[15.50896559  5.00914114 27.36875643 13.25296315]
321.0;[26.71068731 13.25371426 18.87453323 14.91915376]
325.0;[27.92713031 12.52367602 17.2792786   4.12081238]
374.0;[14.14885567 15.95981622 17.77367245 25.00852817]
276.0;[25.47918197 12.41003047 29.27167556 28.35209239]
300.0;[ 8.59970933  6.30953349 29.26191464 29.8978781 ]
271.0;[ 5.26770327 27.37716513 21.28389719 29.91792853]
342.0;[25.14457053 13.62604212 17.61087943  3.76331398]
382.0;[29.00801762  9.65653979  9.28554473 20.09929125]
441.0;[ 4.95300728  7.07014082 19.83336361 17.46046467]
317.0;[27.0508798  20.49709267  9.76651683 28.36286326]
407.0;[ 4.62135636 11.28856161 14.88227747 19.39956384]
240.0;[ 0.50764568 25.1185012  29.55980034 12.90979675]
326.0;[ 3.56393896  7.2987438  28.94348371 16.75286556]
368.0;[24.69139021 12.81771551 16.75935475  7.49968615]
402.0;[17.04411087 25.21585442 17.98553802  4.80609494]
316.0;[21.86489666  5.07761453  1.79463942  2.22054105]
205.0;[11.54530615  0.28430763  0.84184084  5.73570441]
324.0;[29.22914045 24.59981111 18.46375893 17.6302316 ]
327.0;[ 9.23033114  3.33353163 24.74052689 27.10926774]
316.0;[25.00958815  6.29537418  3.98632908 26.98796857]
272.0;[ 5.43951675 27.17999339 28.03583537 24.7632681 ]
392.0;[24.45227416  2.24102214  9.85011806 18.4086995 ]
389.0;[18.73030614 17.28641445 16.12695243  9.78750627]
310.0;[10.39193448  2.21376189 27.33577547 24.83189864]
232.0;[ 1.22716171 26.96732562 23.12217925 29.55934908]
379.0;[23.81289654  8.88587226 17.00582571 28.11540411]
434.0;[19.70152666 15.94783573  8.66145733  4.8835802 ]
402.0;[13.73296257 11.06735517  5.23634819 26.8242889 ]
389.0;[ 7.59978774 14.45746364 13.5373704  26.9483427 ]
307.0;[ 5.46952277 11.32903952  2.87390652 20.55893442]
350.0;[ 7.86443261 20.39859617 28.05985695  3.16992755]
244.0;[ 1.57171182 17.46301246  2.07373722  1.83678595]
221.0;[ 9.32704982 25.23919473 11.70355557 26.86598209]
295.0;[ 2.95414716 27.31680809 21.86563572  3.81555003]
297.0;[21.54175836 27.21180652 25.48390944 17.47298102]
416.0;[ 8.51362648 13.78835286 27.86073521 13.33174544]
432.0;[13.81215179  5.26290327  8.4326538  24.08074074]
307.0;[ 1.56901688 12.44946598 26.56192194 24.01803793]
428.0;[11.49683796 10.16551949 18.71127643 18.02428051]
396.0;[27.30322305 16.14483801  6.28973345 11.26384144]
457.0;[20.39814244 14.91578805  7.11730877 23.66758276]
425.0;[19.4413637  20.90430408  3.44535837 19.4197769 ]
239.0;[18.81762692  4.00152067 20.28542803  5.94488895]
392.0;[ 5.33164968 27.84437603 10.33893719  8.67040972]
442.0;[14.41478807 20.69730433 13.23636701  4.06729669]
350.0;[22.79331235 24.84053086  5.41609374 27.79774067]
261.0;[ 1.31334413 28.38095483 25.47227105  5.83475574]
339.0;[11.44429601 23.4561548  26.04109921  1.08062375]
281.0;[12.73150851  8.50391428 10.08241678  5.06757635]
376.0;[20.86929918  0.24546241 13.99045786 15.25063337]
352.0;[21.06542532 16.87215028 16.80150959 19.36410871]
366.0;[15.92917087  5.49472092  1.50235122 16.92235328]
336.0;[16.59706109  9.45530296  5.20378477  0.53100696]
309.0;[ 1.3958974   0.75689844  8.28076556 23.99680099]
386.0;[14.63531141 15.76571304  8.60219631 20.24137868]
299.0;[20.19086873  1.64606829 15.45257471  8.19318458]
404.0;[16.42531173  9.54465311 24.70385563 17.78467359]
256.0;[23.37524458  3.86506257 29.47749222 27.05417913]
276.0;[14.79814039  4.53964246  6.63722847  3.01057437]
338.0;[ 6.82655115 12.43563115  3.6879669  23.83071816]
325.0;[29.70115691 11.10954695 16.8354109   5.83047383]
476.0;[11.74981053 22.73925649 19.12233194  7.08812812]
238.0;[28.18637613 10.42290852 24.03857319 13.76569774]
409.0;[11.1967797  17.98339998 14.27927205  3.26329176]
274.0;[15.68346839 23.58541158 18.00907194 23.09422698]
330.0;[ 8.49123278 16.67209145  5.75852175 26.14009892]
341.0;[ 4.87457101  8.32224149 14.37263816  5.10943746]
400.0;[14.20812581 24.98371838  8.95922683  3.50552418]
383.0;[11.10585545  4.54282031 23.32332259 25.55947915]
324.0;[15.66427354 28.89350047  3.92353311 17.49295983]
399.0;[11.37463953 20.49826675 28.40042405 12.04605392]
389.0;[16.06701325 12.60956412  2.87688997 10.88068263]
278.0;[27.88571525 21.38201002  2.6202906  27.19585388]
277.0;[23.51800993 16.56689684 29.86110449 25.34833249]
247.0;[ 3.94673683  6.43430857 28.90996774  0.67042275]
447.0;[16.70086493  9.38769152 18.39819206 21.87956581]
417.0;[10.01095935  8.15385613 20.40522584  8.89230106]
413.0;[13.57237001 23.72049716  8.01941329  3.41777958]
374.0;[17.801407    6.76619157 20.62684542 14.59729716]
383.0;[20.74621564  2.29393638 16.52264724 24.13116486]
427.0;[22.27026901 10.33434397 19.51375348 25.03522614]
284.0;[11.12425706  2.30607819  8.62829273  8.24647505]
309.0;[24.09434805 24.61192423 19.82525289 19.53110359]
453.0;[ 7.19139011 15.22879024 20.87099971 23.67485879]
278.0;[ 4.12621042  0.83051196 24.3971509   4.59516347]
347.0;[22.68844294 22.54700069 26.98104885 12.71284772]
400.0;[13.37327655 12.0804536  11.86040188 27.68110948]
324.0;[17.67236783 25.61563987 29.80540555 14.6136899 ]
448.0;[23.17517331  7.0127829  19.4515016  22.71616171]
359.0;[26.63067123  1.3998342   9.33587413 19.9612513 ]
356.0;[21.40282492 27.05024817 12.05691288 20.9937692 ]
190.0;[12.05381802 26.25341718 13.12946555 28.9346134 ]
277.0;[25.24933039 28.0043579   3.74714841  5.42621739]
389.0;[27.54754584  7.32951586 10.96263382  6.99537189]
222.0;[18.24540103  5.81151017 19.81266575  0.81297977]
272.0;[29.21279194  0.62524559 12.58309881  4.50742129]
213.0;[ 2.56715613  4.81634688  1.5827477  29.38372111]
313.0;[22.2864053  27.55102047 21.09889634 18.59772439]
350.0;[16.73122186 15.21211397 23.39011177 14.66277046]
390.0;[13.28515973 12.14129872  3.04618545 20.47928902]
425.0;[ 7.20043123 26.5886616  19.77161149 10.06588046]
196.0;[23.89288143  2.99501271 19.48024708  2.97340717]
301.0;[26.3452802   3.48025767  2.43375415 19.26242617]
333.0;[15.75467115  3.41993687  8.37295891  8.02802593]
298.0;[29.91864174 15.14935911 20.46139817 25.85928131]
377.0;[12.91083214 20.44022656  0.50252696  8.13683135]
320.0;[10.32293244 11.14359328 12.66899652  7.23137926]
320.0;[ 7.71758359 11.27094449 29.79581187  1.44571511]
194.0;[22.53503602 25.43537874 24.75273357 26.77271043]
305.0;[10.91017841 11.33414702  1.00556921  2.8157211 ]
389.0;[ 8.23029258 21.78622027  5.90520806 11.93294153]
445.0;[ 6.62392863 15.49952269 24.20534674 20.47602245]
338.0;[18.58657852  9.47647442  2.0176997  29.44898291]
312.0;[21.33194229 28.1171483  12.14813442 23.33085917]
239.0;[17.6180773   5.59965941 19.71154149  4.91953363]
312.0;[ 2.09162814 16.52219205 14.99244706 28.35823011]
258.0;[21.08163903  4.80351227 20.55095372  7.31424607]
405.0;[ 3.72124695 24.83310457 19.97470192 16.37419089]
364.0;[19.20906106 11.96028903  5.13776575  0.03727141]
290.0;[24.81425549 18.32536839 21.03927415 28.4152223 ]
329.0;[ 1.1490741  11.89771299  9.58811216 18.86971656]
346.0;[15.57208516 19.15149312 23.64871055 26.76449452]
311.0;[11.92738881 24.84232513 17.28016865 23.26707602]
334.0;[ 0.17688928 14.70287976 12.71639144 17.44442027]
333.0;[11.37919603  3.17112786 22.25927954  5.78465566]
212.0;[ 6.64261414  3.43655121 12.50090472  0.05010608]
276.0;[ 6.5757033  13.21303877  0.29086878 19.41546862]
465.0;[ 5.07406694  8.12653442 19.41031567 19.13695727]
385.0;[ 9.22236562 21.103976    9.50019974 13.74642595]
373.0;[29.92238881  8.03969579 13.33304534  8.76463943]
366.0;[14.40445439  5.64623388 14.17110177 28.88557517]
351.0;[15.21604488  3.07773982  8.518853   27.92030069]
441.0;[ 7.3167164  10.44148323 25.53905112 20.34367552]
238.0;[7.71014198 3.48597941 2.48285948 9.10244178]
265.0;[26.84070947  0.77830532 27.89244752 20.78687326]
398.0;[13.08179847 12.31822268 14.01441009 27.88630723]
334.0;[ 1.65691642 10.06480589 10.75229042 26.80112821]
447.0;[18.02698154 24.35997073 19.81164081  9.48079245]
407.0;[26.63076444  7.56323046 11.47325244  8.90131386]
389.0;[17.68951716 21.3614535  22.83207638 14.84823486]
432.0;[24.28705853  9.41331428  5.08558203  8.27395109]
280.0;[22.61032712  5.46339297 21.96703062  9.08167185]
189.0;[16.92744517  0.72862239 15.94845757  3.63977284]
416.0;[ 2.49095838 14.84430365 20.83275188 20.55158451]
411.0;[17.0223205  25.70114161 24.04825709 10.74199964]
320.0;[22.91170408  6.92085773 16.41497     7.5604389 ]
299.0;[24.69293745  0.23966066  3.35396177 18.80275661]
398.0;[23.12326966 25.02728919 24.33762806  8.02990594]
348.0;[15.94475471 11.34632819 21.13289713  2.24226537]
377.0;[ 7.04186247 29.26053706 17.76930047 14.97594146]
278.0;[25.10455963 21.25891303 24.47151445 16.58149801]
381.0;[ 9.18837356 21.84637498  5.23463924 12.28114123]
364.0;[15.24714629 16.85626428 27.90212168 17.26159951]
314.0;[13.88084837 20.08247634 16.6970098  18.88237799]
332.0;[18.84506067 12.01904394 22.62552515  0.61165378]
361.0;[ 2.73816477 22.50209278 21.49937246 25.12329752]
329.0;[29.74794673  1.16290421 10.99367301 16.07017945]
427.0;[22.62715885 22.95775935  6.87496009  5.5598207 ]
177.0;[28.55826439  9.36681486 27.33150764  2.03034674]
270.0;[ 0.59766917 13.52791341  5.29932686 25.81479529]
382.0;[17.78940661 12.82858988  0.26070071 20.54903916]
276.0;[12.74779859 26.22452455  2.9381297  22.70326829]
362.0;[16.98058317 12.14535678 21.41353632 16.52576591]
293.0;[28.00112561 15.39612129 22.58661441 24.90801142]
198.0;[1.27564856 5.70209951 8.86072376 2.10617935]
289.0;[ 2.24496041 26.31680853  2.65822189  8.93685483]
388.0;[26.95403282 13.8816009  14.38404077 17.14657582]
349.0;[18.8793923  13.92532425  1.93429465 27.48332305]
235.0;[ 2.48566427 11.71926037  3.79474086 16.73919958]
388.0;[19.67352592 13.29685326 13.94686977  6.95615103]
274.0;[16.89715878 17.14472063 15.88578881 16.62260426]
223.0;[ 6.92823741  2.74538448 29.61865119 29.42427073]
202.0;[ 2.12695686  3.24257314 28.99076269 29.88800724]
391.0;[24.92169105  7.14244211  3.37010223  9.63745583]
350.0;[17.56641776 13.61269884 19.9285754   7.98483889]
421.0;[23.44313903  7.09287532 13.6535985  25.51241446]
361.0;[24.0464933  21.17690794 21.136133   13.05473797]
295.0;[ 3.07035353  9.9303578  27.1485111  27.95751285]
125.0;[23.946248   29.66690235 28.56475683 29.84807663]
416.0;[ 2.7191471  13.46569315 19.21000305 14.61324527]
340.0;[17.9350934  17.97825946 23.24897224 28.2552734 ]
422.0;[18.44490359  8.00418439 15.99147967 18.18826516]
373.0;[17.27634644 22.51298515  0.41849629 15.26110162]
426.0;[25.29861671 21.75276504 11.59820864 18.22925812]
314.0;[12.607436    9.28752259 18.29791746  0.06903229]
445.0;[ 8.66948281 16.03255972 20.43688946 16.88104898]
334.0;[20.33114651 11.55066792 20.20680148 16.4515141 ]
382.0;[ 9.43889117 17.72200251 29.66479536 12.0195376 ]
279.0;[21.93463738 15.63915013 23.16396365 13.54652568]
306.0;[ 0.18780381 16.96547796  9.60824416 21.99053218]
383.0;[20.04436436  2.91032323 12.54003478 24.09560001]
313.0;[26.00765964  6.72144637  3.56073888 25.13900312]
256.0;[23.96853563  0.24199436 18.92606516  6.68209015]
355.0;[15.46647837  6.12727968 19.49245493 12.67773705]
306.0;[ 9.06335999  4.11431396  0.57604431 15.86445466]
466.0;[21.49084118 20.45625586 14.57676963  6.68940327]
380.0;[ 8.54470145 17.89629135 15.13330436 25.95780427]
317.0;[26.56256921 29.97327099 19.73034795 17.11244009]
388.0;[14.53225289 21.97353182 21.68526611 17.20131245]
381.0;[16.52225772 14.87775299  1.19179554 13.77798998]
281.0;[10.30223331  7.37444838  5.35364068  6.55383537]
257.0;[17.51174141 29.69399386  7.92873769 26.91485695]
254.0;[ 1.22729547 19.94493024  1.01143406  3.27746045]
336.0;[ 6.33415842 10.60532077  4.02750511 29.6766093 ]
334.0;[28.41427445 19.00639457 18.5896449   3.58819094]
313.0;[10.31500872  2.99998186 17.47823538  7.07724589]
345.0;[24.6734488   1.46318409  5.03723411 18.50239989]
311.0;[17.26632376  9.23371564 26.5496454   2.65945634]
294.0;[12.80480523  6.85482152  4.27174743  5.50007459]
324.0;[23.31244955 26.46992984 26.14056642  5.54930768]
251.0;[27.62655755 13.93714531 28.47077204 25.81741948]
362.0;[16.16082133 26.53810425 20.75674479 16.94566297]
286.0;[18.0313994   7.10791158 27.21653156  4.41217793]
339.0;[ 3.34905768 28.60817999 23.13478257 13.51065198]
276.0;[ 0.58174424  1.81176409  4.39647389 17.78976936]
254.0;[27.37723955  2.05133203  2.6153758  24.68667416]
441.0;[16.05645919  4.80293398 15.9933459  22.90406622]
433.0;[ 3.42526278  8.47732848 21.40034244 10.73087787]
417.0;[25.6103109  11.73622218  8.49418354 24.21226792]
408.0;[12.43169475 18.85275381 15.33403058  9.87984826]
339.0;[ 6.60309947 21.88986207 17.37701706 28.6042172 ]
229.0;[15.25274995  0.57868286  0.39169698  4.16922025]
385.0;[15.04347363  4.68365953 18.83974628 26.65865542]
222.0;[29.53619419  2.00892315 29.65125193 19.22934741]
282.0;[25.58682015 21.76625828 16.31918939 29.27089024]
295.0;[ 2.29599889 24.98945064  2.83975418  6.47439208]
329.0;[19.10866946 12.0498439  22.627198    8.67621159]
324.0;[ 8.28648848 13.64445601 11.69328418 16.23738672]
327.0;[ 6.29862462 19.52986544 26.27694567 29.45224494]
368.0;[13.37101549 15.65754971 16.55861682 27.74436638]
220.0;[26.86166932  0.31019258 29.65433039 15.78305874]
316.0;[16.81306472  6.16430003 26.8737825   6.95890214]
277.0;[10.92022507 21.85704784  7.31906713 27.67321331]
445.0;[ 6.530718   11.89215186 24.2938275   9.19520886]
360.0;[ 5.57843598 13.24031597 28.48539907 22.89152578]
310.0;[19.52433914 19.41177381 22.06926865 24.2829656 ]
305.0;[20.64125531 18.59225381 25.4396014  22.32768207]
321.0;[20.42276186  3.7445943  27.35365036 15.84704796]
398.0;[ 5.02295314 25.7869061  16.16389577 15.493538  ]
318.0;[ 8.24307788  5.59521311  8.06941409 11.8055713 ]
317.0;[11.75460102 28.98790524 27.98719188 17.00768969]
329.0;[ 1.26323175 29.78816437 17.71274168 15.21716639]
311.0;[26.11744896  1.99740361 21.61314654 25.44376068]
305.0;[ 5.05772083 15.43981006 27.31669485  0.79519488]
271.0;[ 3.12825481 26.17401119 23.50154305 28.78513009]
300.0;[ 3.77662803 10.69000138 10.27475665  5.73467655]
284.0;[18.25548702  3.04629994 14.20411952  7.93137638]
463.0;[20.56725519 16.13747993  8.45259868 10.14723265]
257.0;[15.55428783 26.34649701 20.44034773 25.21383289]
382.0;[ 2.41768929  4.18976643 15.13399045 17.20993413]
316.0;[ 9.23263499 23.95017731  2.32583383 16.67119247]
317.0;[26.32237869 20.86720928 10.59754488 29.15837433]
382.0;[ 0.88071294 10.78561826 17.10465638 20.47376371]
317.0;[ 0.81889963 18.02166407 26.80376781 10.73055447]
413.0;[20.52821062  6.86962728  3.38851502 18.37963576]
366.0;[ 6.32939405  7.62489439 26.33705824 25.41722131]
260.0;[27.79524513 28.03555386  2.29590128 22.81362215]
369.0;[19.97222783 19.45464787  1.63898215  4.44779678]
320.0;[ 0.93285528 29.28155734 19.67268767 10.58429152]
316.0;[10.87659008 28.81002517  2.29178374 12.77842895]
232.0;[ 2.37428254 19.16332792  5.79071021 17.98135774]
267.0;[ 6.07060416  3.4635336  28.79985376  2.99291378]
436.0;[ 5.80099778 20.1725994  23.80216013  7.5341403 ]
368.0;[27.58336215  8.46732683 10.66929885  4.12816688]
350.0;[ 1.33396233  3.64459104 21.39014135 22.47794277]
380.0;[ 0.09690778  9.34730257 15.34682045 18.04438506]
422.0;[10.10706898 13.30951192 26.84552351  7.64283409]
360.0;[ 7.35335704 10.35925827 28.21448224 25.74224267]
456.0;[24.1431267  17.64972222  7.92969379 15.66864177]
317.0;[29.14455318 12.27724981 17.04172813 26.6231311 ]
451.0;[21.57161644  5.81061324 18.94999232 20.67843066]
345.0;[28.86057859  5.85367437  5.30868273 21.15200497]
380.0;[24.01554399 13.00368092 15.65575783  5.51439364]
302.0;[ 1.98251549 19.85126277  4.34745979  6.45383946]
349.0;[ 4.46611862 27.30445291 24.71489457 17.51937983]
444.0;[12.75670004 22.98089005 16.30614361 10.45564033]
267.0;[14.73756905  1.38193395  6.53285904  5.6714882 ]
458.0;[ 6.67339487  8.42848475 23.16649835  9.7988877 ]
379.0;[23.21284261  8.6034122  21.2510053  28.86745513]
370.0;[ 5.18162429 22.18254317 19.97009165 26.84259999]
391.0;[17.1013092  20.31150544  1.92532076 21.29544028]
342.0;[16.12134086  6.31785418 21.94777404 10.1222056 ]
352.0;[27.0465116  15.32783843 18.68719244  6.26620756]
298.0;[16.4131719   6.57413945 29.19343105  4.05097825]
461.0;[ 7.80170308 16.62533499 23.65447743 17.36076827]
361.0;[14.72106498 16.35615461 17.53773935 24.46953256]
388.0;[ 7.52060021 14.67584632 13.49243998  8.00628169]
416.0;[20.27036471 27.42747639 11.30556028 11.22226962]
346.0;[22.10668251 10.29290115 28.21877592 21.07598533]
304.0;[ 5.91435816 19.07507426  4.96587105 12.30210754]
269.0;[ 1.67143186 12.21197217  3.82272687 24.53251933]
399.0;[20.22566823  9.16446784  1.5771145  15.60877861]
425.0;[22.82838025  3.3094495   8.70560157 21.23254384]
415.0;[ 3.56106119 22.47651018 15.37942779 11.29977136]
428.0;[24.94747666  8.16189615 10.54818148  7.93202251]
382.0;[19.49943462  0.71056018 14.26209104 19.00693645]
476.0;[21.52138679 19.55618327 11.57215314  8.04531248]
320.0;[28.28932986 20.67891761 20.25872152 14.97776584]
376.0;[15.225603   19.2227039   2.69101024 18.22248067]
342.0;[ 2.19181908  6.37799863  7.26786767 17.35593755]
382.0;[ 6.53755182 28.40740191 19.94822911 17.41824693]
407.0;[ 2.60717623  9.91357612 17.79007546 22.96188085]
253.0;[25.5738467   2.6961911   1.39245742  4.65736997]
375.0;[17.5843989  14.74447168 24.29711112 20.93053795]
360.0;[ 7.81890448 10.51448934 25.34319095 28.14275669]
328.0;[ 4.64905253  8.23140428  7.76189581 15.5619409 ]
366.0;[22.67023293 23.654271    4.59406731  3.90914944]
360.0;[ 2.87743003  2.82407988 15.07803533 18.08117146]
270.0;[28.52021075  4.97405991  1.16489012 15.77193728]
143.0;[2.62867201 5.17095123 1.62935575 0.63001115]
314.0;[ 4.57352907 29.47409569 24.8946496   7.4462174 ]
182.0;[ 0.15134672  5.72770007  1.59139942 11.06670131]
255.0;[ 5.51471646 14.47682613  6.38363525 16.36887959]
436.0;[ 6.73327513  5.02126595 22.97935805 15.26580352]
357.0;[19.54457502  1.01394864  5.82996838  9.8417784 ]
357.0;[ 4.24090316 27.43414642 16.00538949 19.0002183 ]
462.0;[18.10511561  6.48938597 20.99388466 21.17737056]
317.0;[14.3250634   0.4995011   8.31177604 26.35468082]
355.0;[18.22215529  6.34093273 12.64392746 10.22443991]
386.0;[17.96401491 19.90185589  9.80463982 20.17507742]
314.0;[14.85005591 26.20785529  1.18755772 19.92801595]
425.0;[ 7.68659414  3.59993259 19.98719874 19.80041615]
406.0;[15.96400253 16.40424998 23.1936481   4.47008278]
351.0;[27.22568656 15.27489849  3.3071688  20.95279158]
272.0;[11.14125542  8.94212873 10.09001173  2.59852397]
344.0;[16.86030501 20.75295194 29.91021874 18.23201059]
285.0;[ 6.96157273 12.8171948   0.6205137  19.52264444]
289.0;[21.8282698   6.50722062 23.66705494 10.68926802]
362.0;[23.19603437 19.03099033 14.09026358 25.72577064]
394.0;[ 1.33610285 21.38136179 17.80566773 17.08383466]
361.0;[16.53096633 22.79442051  9.98858081 21.5616013 ]
347.0;[29.67946702  3.37191418  8.04153364 13.11869374]
269.0;[ 8.68275698 21.49177228  8.83371221 28.60433485]
237.0;[28.03819482 12.50406278 26.9188825  18.04011646]
123.0;[28.85602858  3.95422252 26.48568231  1.51077394]
265.0;[ 1.28339984 10.39560906 29.78826075  5.55923744]
278.0;[ 2.84255649  2.2656577  27.5990973  11.5730457 ]
317.0;[19.3422164  28.05975209 10.42134505  2.71479927]
448.0;[ 7.46661195 22.69819067 20.58950012 18.78622404]
176.0;[ 6.47146513 29.85816563  5.765595   25.36702185]
474.0;[ 6.9816123   8.15170916 19.1720479  19.3920405 ]
326.0;[ 9.03420796 14.49200768  4.49994708 19.07174517]
466.0;[ 8.05517416 15.8901525  21.58992018 19.65824357]
447.0;[10.94199237  5.39179324  7.01613017 22.61647382]
326.0;[26.54145068  7.62601248  1.47734755 17.68836502]
353.0;[23.64760802  1.4486146  16.02135259 24.50971292]
195.0;[ 0.70708685  7.43732727  1.47280434 13.11328915]
201.0;[ 2.82801412 26.37501493  3.15344759 20.37230324]
333.0;[26.87065141  9.65202982 21.4323344  16.44509506]
358.0;[22.93770361 23.65664963 12.52562816 24.08291955]
356.0;[25.89539285  0.16875893 12.55290711 15.33075729]
317.0;[ 1.10273721 14.56937848 14.44868026  2.91186697]
428.0;[13.04109511  5.26889112 22.41839562 16.05553061]
400.0;[21.41395608  5.97735341  3.30892232 16.00020508]
378.0;[13.06197913 18.10938503  6.10431709 13.55470871]
351.0;[11.94863645 27.3516589   3.6839449   8.92199237]
382.0;[13.46969714 19.03122523 11.48983083  0.79537178]
306.0;[27.24922682 29.20849813 23.05308644 14.75807006]
310.0;[15.09028234  4.48727201  6.29767149  5.51080026]
351.0;[29.20724366  6.86362316 20.99699994 18.77281245]
309.0;[ 7.65718063 25.86340564 23.45700733 29.69479737]
444.0;[12.33019019 18.13484887 21.17810829  4.87277749]
344.0;[ 0.74128055 10.04978376 13.8753842   8.9378124 ]
379.0;[ 4.2692037  20.1213114  14.73827365 16.4043404 ]
216.0;[7.643912   2.89122644 3.4122098  7.56882462]
347.0;[28.47340572  9.4544265  16.53416573  8.18491221]
349.0;[25.37897231 22.37917668 26.28188593  5.94860135]
400.0;[18.51367295 11.48309378 25.06034093 21.46235493]
431.0;[21.96372618 20.90073823 23.78772589  6.78638594]
368.0;[23.25350744  2.43010432  5.22737965 16.7801466 ]
252.0;[ 1.44341346  4.81228882  4.04519581 13.20577791]
362.0;[ 7.92254535  8.33123746 29.59154578 23.00798824]
244.0;[16.72948646  3.68972313 11.44697864  3.29347226]
327.0;[16.06355895 25.22025209 20.11498968 19.20587091]
379.0;[21.78741651 28.87402896 17.41711843  6.54547563]
350.0;[ 4.0334338  18.37374439  9.69386608 11.80878409]
433.0;[21.54339038 10.77720798  9.18135588  6.43416025]
399.0;[27.1283312   8.71671778 11.26874162  7.6900815 ]
430.0;[11.30827407  8.25260854 23.89540797 11.7911732 ]
287.0;[27.43324768 17.3262491   4.54038604 28.01844312]
439.0;[21.64962047 20.67216036  5.66468836 23.50737566]
253.0;[ 8.64586089  0.4934932   1.26544056 25.20527184]
226.0;[21.88009675  4.10237494 27.56281625  6.88706734]
351.0;[20.11723714 23.51436271  2.05936335  3.09062436]
390.0;[18.29950397  4.89712255  6.07869007  9.55248245]
341.0;[ 3.74632953 24.49619264 16.53524366  3.5722911 ]
402.0;[25.74187758 20.0772477   4.77249688 14.29055336]
127.0;[28.95857174 25.83373891 27.81183468 27.42905398]
292.0;[ 0.4838741  14.27861804 10.09195616 27.16741094]
386.0;[ 9.38480456 16.0867385  28.42705743 23.91931135]
386.0;[ 9.6341898  13.04595907 14.48467837 19.20495232]
400.0;[20.65710818  5.0693753  17.96070673 26.43534785]
396.0;[16.24131782 23.08745012  2.440896   12.04647195]
265.0;[15.70049338  2.68473773  0.03547509 26.83242597]
266.0;[29.249702   13.29435701 21.96805816  2.31507178]
453.0;[13.85980455  9.59516141 16.55665917 22.17385635]
373.0;[12.29771254  7.84336755 29.68549886 15.31177357]
278.0;[21.41149286 28.21000027  0.59652574 22.75507794]
362.0;[23.7644181  17.78012999  4.61415303 27.37088445]
388.0;[10.66869663 23.55886801  2.19884451  7.13255843]
424.0;[ 7.7582489  21.62014748  8.01761757  3.48038245]
416.0;[27.78985209 15.20796306  8.8152012  13.28458978]
382.0;[29.31978429 15.7006017   9.75950381 14.0695358 ]
399.0;[21.05533101 28.39324765 17.97876152  9.36461402]
251.0;[22.1921098   7.83987936 20.04878704  1.13620625]
346.0;[ 5.68887819 13.80202598 11.66244563 29.09538826]
336.0;[ 6.47941189 11.46895615  4.02153167 29.53643684]
366.0;[24.74169916 22.34787435 17.49586659 16.76124102]
315.0;[1.83918485e+01 1.22448316e-02 2.24779595e+01 1.10900523e+01]
285.0;[ 8.53876436 10.7602894   6.26262948  7.57568782]
408.0;[ 4.82440281 11.89805918 22.26896276  5.94266185]
333.0;[17.91899978 10.61614652 28.85787269 10.48523134]
429.0;[10.40833081 20.85530943 26.38142454 15.73735225]
373.0;[ 9.58828663  0.47603055 14.41651485 22.713962  ]
266.0;[ 2.38299865  8.07389549  6.23971859 12.14875047]
343.0;[20.18609619  2.23822736 22.46547362 26.07056144]
395.0;[ 4.08217564 26.89011161 14.2852332  11.81160373]
363.0;[10.67862001 26.38380804 18.39971812 19.31797534]
401.0;[ 8.17630225  9.29103312 12.40176121 17.6116927 ]
231.0;[28.78561866  5.37125611 19.93185988  3.65634124]
310.0;[24.80038957 19.5570201  19.62887656 22.13706125]
272.0;[23.83600721  0.20663073 13.66149682 28.0239529 ]
290.0;[21.08687618 11.15097169 19.26148657 12.18681228]
326.0;[28.78488664 26.32059478  5.70398803 15.85552079]
349.0;[20.58600534  5.35089756 11.65278015 29.55694895]
342.0;[ 9.67092267 16.13687852  9.74340085 29.44894507]
350.0;[ 1.8721346  26.30249943 21.13287811 22.02299803]
396.0;[16.01521293  2.67763602 21.2734531  23.70357916]
400.0;[15.59113569 17.00354614 13.87676766  2.65942093]
322.0;[19.41753743  0.27253944 12.67402235  9.1155716 ]
401.0;[10.58604614 20.26508231  6.67282448  2.05168706]
448.0;[20.5594975  18.97194705 13.81026434  6.74515996]
438.0;[13.00874342 10.2707475  12.45392058 23.86039547]
352.0;[12.49152798 15.37306744  2.85521934  2.32729598]
315.0;[ 0.81523991 11.01669435  9.21264399 26.67543742]
399.0;[ 9.26044003 28.53530732 15.18202119 10.3233462 ]
425.0;[ 5.21152274 16.39528684 18.15346989 23.55078755]
395.0;[ 4.3625417  26.68197001 20.62255312 16.5471677 ]
226.0;[ 0.83489287 26.72742481 22.57344359  0.70872483]
349.0;[11.46645691 24.2638277   4.17757258  2.61870794]
425.0;[19.28701245 14.87152612  3.67105149 13.77110341]
451.0;[ 9.07337814  9.20386736 24.13993442 12.52012255]
332.0;[ 1.05615407 15.37579616 23.85844728  4.55800058]
396.0;[21.16650372  6.58283692  2.41926974 11.46167364]
400.0;[ 5.20011999 20.97244598 26.26701247 14.16642196]
441.0;[13.91283253 22.94139945 20.89100895  4.19810093]
381.0;[27.84474841  7.29094634 11.67762876  6.85023103]
404.0;[14.43765765 17.9435292  10.90786179  2.28806303]
351.0;[23.89216972  9.87284869 23.44628883 29.98017905]
323.0;[ 0.25983291  6.9343221  25.97483132  8.54694905]
304.0;[ 4.11979782 11.51508396  2.44023433 21.88887037]
334.0;[ 2.53359273 21.61372205  8.09959195  2.02944096]
471.0;[22.82959072 16.75261688  8.19269654 21.13495695]
429.0;[14.72715176  9.10315539  7.62949346 18.86348798]
425.0;[20.29626017  6.13496038 23.70852091 24.36571668]
334.0;[13.00084887  0.63489781  9.78864343 25.02420692]
336.0;[25.2758188  29.59049422  6.29100975 17.41199612]
475.0;[ 6.76650008  9.22456368 20.60822891 19.03653435]
385.0;[ 4.00339058 18.80896564 20.2124746   3.17599133]
277.0;[ 7.30920216  1.06216287 29.45157562 19.91941983]
363.0;[19.26805167 14.9122725  25.83961757 24.57705501]
341.0;[ 1.75623143  7.20096712  9.19802528 16.90807754]
171.0;[25.93969505 24.01578458 29.16091285 24.01712261]
388.0;[14.63990947 15.05150099 17.77599166  6.14923009]
382.0;[10.77033888 14.51387806 29.01428093  8.90550643]
380.0;[23.28166222  6.42640956  4.34398605 24.36680597]
351.0;[ 4.9807984  13.94185263 11.82023649  7.02014634]
225.0;[16.33521015 28.64802957  6.72559877 29.15941643]
385.0;[18.63712701  9.98383692 28.07619855 22.90760701]
412.0;[22.05769219 12.16780942 15.95120707 26.75165534]
214.0;[ 4.52988441 19.51265026  4.04284651 18.36711553]
265.0;[ 5.36707178 27.73299708 23.9970319   0.21756042]
305.0;[24.76002735  4.3301513  11.01702235  2.95880567]
296.0;[24.82660109  2.63492679 27.36743623 17.26219578]
290.0;[27.43706879 21.93757816 28.31014771  5.02021086]
357.0;[28.93118741 16.93681604 14.70884243 24.27474652]
214.0;[21.31883934  3.61525745 23.36383842  5.74532987]
396.0;[23.72664483 21.68979825  2.11447249 17.57789306]
363.0;[15.29602094 12.2212536  27.90402088 12.82610438]
382.0;[ 9.00025926 13.87966757 29.98219003 18.97454172]
406.0;[26.59511282 17.68113351 12.20198722 19.55245192]
318.0;[20.06228954 19.41981796 17.44911385 23.73513449]
329.0;[27.92094236 29.35077792 21.50439767  7.59831123]
467.0;[ 6.7320238  10.4475546  22.45834238 17.05896931]
211.0;[29.82124     2.42742939  6.03243117  0.17583549]
208.0;[ 2.56530619 19.30887252  3.40142449 24.27933007]
176.0;[ 0.98684933 23.18305566  5.93768637 26.17836562]
333.0;[ 9.79752057 10.54306904 14.53648661  3.13268229]
373.0;[14.62297917 24.59055137  3.33953339  5.05157934]
353.0;[ 5.69616994 27.48947645 21.08577681 24.97120246]
372.0;[26.07967254  8.96937549 18.41795368 16.48495288]
367.0;[ 9.62226787  3.03925353  9.66431227 14.11301348]
290.0;[16.12086835 18.96486775 15.52160291 20.52438538]
336.0;[23.71025214 17.67935972  4.12076239  0.66503434]
293.0;[16.19785821  7.38548686 23.84961894  1.13998083]
437.0;[14.98263415  9.20281039  5.24227969 20.92180139]
406.0;[ 5.49520522  3.86317609 19.31093493 18.776536  ]
417.0;[19.13094378  5.49812226 15.03954085 25.30612361]
330.0;[ 0.14504022  9.53174446  6.19580097 22.86438973]
418.0;[ 9.32392589 11.96416823  7.36111316 24.3530546 ]
353.0;[18.90498384 19.63363746 22.49792722 14.36355652]
378.0;[14.98948669 23.58088104 26.24056922 17.96222458]
416.0;[ 8.47066027  2.49561206 20.58933352 18.68597524]
266.0;[ 9.36256147 25.91008086  4.86897847 21.83280947]
320.0;[12.97121581 22.28581157 17.86607601 22.74340005]
417.0;[ 4.65395683 10.75327492 24.60035221 16.19231438]
200.0;[16.49693874 27.74248974 19.21191798 27.41753151]
299.0;[17.04423222 22.14180544 10.42054594 29.07241868]
401.0;[12.31434285 21.47636799  7.5835528  13.77256057]
321.0;[11.89223976 11.86590672  3.48761529 10.05200197]
424.0;[21.56702835 26.64827831 19.60640086  7.74692516]
326.0;[27.22826321 19.53091202 20.6127159  13.84083691]
373.0;[25.6708497  26.58327638 15.1181482  15.97100625]
366.0;[ 1.80116377 14.58661059 24.27040759 10.36852237]
366.0;[10.80216896  1.9316318  17.23036034 24.08705971]
382.0;[ 4.41765511 24.66505495 19.54047478 23.36760631]
349.0;[16.27094341 12.21141807 20.75567016  8.98360249]
399.0;[14.33113386 22.56903905  8.80255882 15.23881264]
364.0;[21.82260591 10.30709823  0.35329188 24.97235194]
408.0;[14.95355824 25.03072626  5.28358421  7.64580378]
185.0;[28.93935346 29.14085825 21.32381916 26.57845157]
401.0;[10.89554631 18.51801467 14.61737407 10.39633321]
409.0;[ 9.65652132  7.21468086 10.06601237 17.2349886 ]
367.0;[ 3.71472023 18.8460324  14.26642736 19.07937417]
223.0;[ 3.0269114  20.69457183  5.49699395 26.64035676]
287.0;[28.0847234   9.44588974 24.20166367 17.55123851]
304.0;[13.58288695  0.76065263  5.68100814 25.21614941]
386.0;[19.32276301  9.53820218 11.05648295 10.43324978]
298.0;[ 2.01970304 11.47049221  9.93953127  8.29223917]
413.0;[26.86508334 22.6071579  11.30625839 18.58306412]
168.0;[24.92359695 26.83585511 22.03523429 29.85236616]
386.0;[14.55786725 19.61270565 23.40322157  1.57097443]
332.0;[12.82709627  6.03185769  0.8565858  13.82808288]
450.0;[ 4.41469331 11.28503555 21.70206148 13.90128735]
316.0;[24.10598287  0.75378362 16.09171829 25.50352013]
455.0;[ 7.93743159 19.43340743 15.86397203  7.02750275]
430.0;[20.83519501 23.30004551  4.28025395 13.22434146]
409.0;[12.52256367 10.5453869   7.45901175 27.09530193]
399.0;[16.88083938 13.63478458  7.64684591 10.28921217]
326.0;[22.98498901 26.7196294  28.31465762  8.10386911]
388.0;[13.30177998 15.32781996  9.51621109  3.66983721]
226.0;[24.79867744  9.11231398 29.58690169  4.26752723]
407.0;[11.05064958 27.24349181 19.46802296 13.24684802]
272.0;[ 0.08681675  5.35133981 24.87380485 26.55311843]
423.0;[ 6.81158203 11.0945659  12.57417435 23.12599972]
227.0;[7.53701373 6.68537417 0.54515314 6.79706487]
301.0;[13.84106052 29.62125626 26.21899827 21.9109353 ]
408.0;[11.97027953  6.48601063 19.71536592 13.70959922]
345.0;[26.43515636 15.12988215 18.95795738 10.54341476]
351.0;[ 2.10773873  3.30301656 15.85666705 23.04172409]
329.0;[ 0.46931133  1.49922339 15.97857719 21.69676966]
420.0;[25.16329542 24.79530643  8.73618682  8.20204692]
402.0;[11.21189897 19.47953426 20.09516697 18.87074151]
322.0;[26.57279668  0.24128968 18.89040686 12.16085768]
275.0;[ 1.91853676  7.66729628  8.85697706 10.91526336]
458.0;[ 6.90304253 20.8881544  19.26407196  6.96769588]
425.0;[22.46720284 16.8015719  12.04135515 11.00898979]
248.0;[25.05376055  4.35540811  0.93750036  2.77165724]
339.0;[20.44668475  3.77685996 27.53590812 17.36345038]
300.0;[ 1.27595632 15.60322354 28.64349978 21.16719693]
255.0;[ 6.73212642  2.25847031  2.87527378 12.74527196]
382.0;[29.39399714 11.71573062 10.63258752 15.75018353]
304.0;[ 1.03564687  4.19730432 21.43473404 26.04507454]
396.0;[21.07698266  6.62733448 19.19083497 27.11164814]
251.0;[29.05467149 22.73854927 26.79531473 13.61039317]
183.0;[ 1.21408201 25.5395895   2.72500265 20.38724732]
368.0;[26.45070308 11.51906747 15.44951819 26.93784291]
424.0;[26.06702604  8.18770644  7.69783457 11.93080834]
301.0;[ 2.45569738 25.19700194  7.82039662 16.57087591]
430.0;[22.63009125  4.62351548  7.89222628 13.01813065]
292.0;[ 2.79981223  0.8007719   8.73457945 11.7926574 ]
180.0;[ 2.01484355  1.58296986 29.44551099 28.0800283 ]
282.0;[24.28639566 29.80472254 11.89213535  2.75812934]
410.0;[11.67305598  9.13314091 19.9180652  14.84370349]
366.0;[ 5.94317176 17.63034285 21.41653592  1.36712392]
244.0;[29.14889495 23.67716645  2.26642007  3.30990594]
339.0;[ 1.08361158 28.84046636 19.31108242 19.30279418]
338.0;[18.21395072 17.30460669 19.2718926  12.61268396]
379.0;[ 1.2502173  21.2231962  23.44300949 19.95504576]
285.0;[27.16884721 23.66114164 21.17437054  0.16092646]
283.0;[29.7458777  15.44719442 16.01292609 28.49627032]
283.0;[11.70247488 28.28250382 29.77716539 10.40613679]
267.0;[17.40521374 22.05735124 20.10183579 28.10707563]
374.0;[21.44030845  7.78067732 26.88230865 26.73759705]
379.0;[27.12082004  6.87220138 22.31520229 22.78252043]
341.0;[24.6407548  29.30541222  8.53750778 23.14057304]
357.0;[ 4.6115453  27.39091626 20.93765236 23.4345621 ]
257.0;[ 4.21087163 29.17650449 28.41186294 20.27481192]
369.0;[16.94559156 12.22958769 28.73777036 19.45089212]
436.0;[16.18918538  5.41379934  7.03739916 23.26596781]
262.0;[25.05179276  8.2769891  28.19901803 15.92705965]
417.0;[15.40285333  5.11053344 25.74140877 20.00970048]
425.0;[11.15093723 18.93793837 10.69249261  5.63713904]
139.0;[26.68959178  3.9491144  29.17031644  4.64814135]
345.0;[ 5.99031867  1.04651909 15.83295005 24.1329156 ]
241.0;[18.00661863  6.45904925 17.20306789  3.09379858]
342.0;[29.8563324  15.45362972 17.32214164 10.19709863]
352.0;[23.03461873 16.74857497 23.30320825  2.48849751]
381.0;[28.95961399 13.8764432  14.78431247  8.9169885 ]
281.0;[21.04287708  8.81233368 24.88449275 10.47089968]
266.0;[23.75760285  1.02896067  1.18325561 24.5509073 ]
307.0;[ 0.50979888 20.81708316  5.09171583  5.60802344]
317.0;[26.07390143 21.10261664 20.59533951  0.75400047]
283.0;[28.26770816 13.672946   15.52871572  0.32717081]
445.0;[24.55921133 20.9767178   6.3935696  19.97169373]
433.0;[26.72550095 16.28342001  9.6402353  12.02891537]
305.0;[18.02774426  3.66172782  9.62957417  4.9921489 ]
403.0;[ 5.77637774  7.54517703  6.1044586  24.95617862]
278.0;[25.8165455   8.73628824 18.20336575  2.41846143]
398.0;[15.49538596 24.35485805 23.92478673  4.25636497]
392.0;[12.00443638 24.12938842  3.56901964  7.6766442 ]
362.0;[26.41832916  2.77116158  7.59778758  9.82557644]
341.0;[17.09621855 18.13894379 26.76741996 22.77805582]
382.0;[23.89061543 23.36074176 14.97786875 18.71149275]
351.0;[12.46717316  3.36645446 27.93444352 13.41307221]
396.0;[27.20582977 17.00346047  6.68632946 10.73589694]
317.0;[ 0.61106697 12.49005921  7.10085977 21.2115383 ]
365.0;[26.22673639 13.05836004 14.31308293  4.26775878]
313.0;[26.99652231  4.92327779 18.24602107 27.22343713]
154.0;[ 8.58686803 28.90147472  7.34718579 28.08452065]
374.0;[11.95495001 29.25817307 10.98870821 13.77028227]
289.0;[ 9.36635765 18.59006949  3.74453947 17.25468336]
252.0;[17.29928819  3.91967162 29.18205418  5.45641916]
390.0;[ 7.42743049 21.15634156 13.58244581  1.10718678]
424.0;[ 7.81509223 20.11097289  8.60615491  3.24907942]
362.0;[ 3.9961081   2.36989786 11.79483501 22.12732171]
160.0;[28.10764956 19.35337809 28.17480521 18.63854384]
392.0;[19.82934621  7.85050344  6.06956567 27.30722431]
368.0;[13.74173845 26.06422285  3.73432419 11.88638455]
151.0;[23.76924945  1.60862587 29.46551743  3.48367136]
291.0;[19.32133562 22.93658591 19.1618941  19.08872746]
433.0;[10.97602175 20.41147019 12.50055438  3.29596855]
378.0;[17.72046279 29.9173402  12.55451117 13.21600873]
278.0;[ 7.35217277 29.35512268 28.64883292 21.84610555]
430.0;[20.85515068  4.45380913 15.06168223 23.90824698]
276.0;[10.80644482 27.40507248 23.23316508 28.97540572]
305.0;[25.71444267 18.87047412 26.66443936  9.9730873 ]
430.0;[11.63120862 23.41861953 12.69501803  4.37994272]
98.0;[27.89858643 29.0008046  26.36311423 29.06823941]
416.0;[ 2.40439665  9.69893861 21.73608285 18.83825345]
276.0;[ 0.70543308 28.63507435  5.71351918  6.20088627]
374.0;[20.56336587 18.5040625  13.59709559 16.08371806]
410.0;[ 3.19099516 12.437201   19.00919127  6.85845799]
430.0;[25.19870667 21.20517195  6.07586473 15.45018705]
353.0;[25.08232705 12.94171041 17.37629869  7.7052269 ]
329.0;[17.69325087  8.44998453 13.66500592 10.37786081]
336.0;[24.70365496 22.6297711   5.93286233 28.14168094]
400.0;[21.922367    5.19371417  3.27142636  8.51337813]
433.0;[20.39750182  8.73507867 12.18023955 26.05053373]
239.0;[ 1.97430416 11.31735621 29.81153429 27.87123329]
287.0;[ 3.92834489  6.26403184  4.0633716  28.66948617]
294.0;[13.70808471  1.997369   28.54166394 22.91623066]
396.0;[23.65216549  8.73735445  3.90059236 23.39695204]
371.0;[20.53049192  8.86957177 26.25183786 27.82943959]
196.0;[10.11597318  3.64053867  9.6235284   3.95061787]
317.0;[ 2.20978669 20.83135356 28.84335235 13.27553967]
365.0;[25.2912929  23.87582073 25.48063493  7.10764787]
268.0;[25.79955004 26.90925648  3.87289966 27.32093856]
424.0;[16.15310347 17.33859958  8.9287515   3.11489905]
390.0;[11.33239493  1.64615687 12.1531789  22.81083008]
233.0;[28.85029559 27.61057574 29.09016878 10.28892024]
265.0;[27.93087185 29.90814999  3.28777479  7.91546408]
347.0;[11.1217342  19.62309572  0.08316108  3.84356998]
409.0;[11.27313504 14.83641375 27.99868603 16.85109796]
385.0;[10.94893785 10.87147163 10.89493721 18.29211615]
284.0;[13.04896545  3.34891469  9.28620952  7.49480972]
303.0;[25.81465562 22.60716203  2.66405906  2.18610607]
283.0;[29.80568718  8.86939447 10.84504984  1.05043312]
446.0;[ 7.9960629   5.05513609 19.49420101 16.11003834]
405.0;[16.49017585 26.92416834  6.56754059 13.73062969]
214.0;[16.33620204 28.24208769 14.15345697 25.29003388]
250.0;[ 0.06584312 22.6559046  26.30740302  2.27792034]
345.0;[24.38135603 15.96630738 16.99626348  0.81176788]
287.0;[ 8.49248074  2.92836277  1.7137869  14.1622062 ]
279.0;[ 2.11804323 13.51604708  6.57025607  7.33189597]
411.0;[16.86522574 26.97590837 23.021727   10.24359497]
405.0;[23.95199524 20.708647    8.35479978 26.02878319]
382.0;[ 0.4193544  15.53262885 21.6904965  20.13348629]
178.0;[ 0.50365302 12.66997628  0.81427267  5.02662384]
300.0;[17.1869256  27.90258506 10.08068376  0.48288352]
380.0;[ 6.15096173  3.87991403  9.78069326 16.55179079]
306.0;[ 7.11742894 15.44557354  1.28752658 26.97019042]
344.0;[ 4.9238079  22.05219815 23.44604792  2.41352994]
354.0;[ 3.46656246  3.08862714  7.04868851 23.53653237]
339.0;[28.90316882  3.7024605  20.99921821 23.53148158]
362.0;[ 2.87538029 26.43406479 18.52432752  7.73773919]
277.0;[17.30805754 27.93893607 15.85752653 21.62179556]
356.0;[ 1.3322882  10.36468322 11.89540541 18.49737064]
251.0;[ 3.14621323  6.29274301  3.18672595 13.17582213]
362.0;[25.06603509 27.69396264 23.41899033 10.89147015]
265.0;[26.75389138  0.91601154  6.68274803 26.78885727]
379.0;[ 7.30076937  9.00251461 11.14521649 16.84886837]
318.0;[19.77045097 13.92699813 23.98565658 16.41378875]
418.0;[26.13033276  8.34387765 16.57795718 20.70320912]
381.0;[24.45245338 18.11379214  9.948995   27.72306973]
301.0;[ 2.64173368 16.40247385  7.87577667  1.24804127]
361.0;[11.64684053 25.48800493  2.895712    7.38178223]
406.0;[22.56936701  2.14870537 12.56923491 16.54619175]
233.0;[26.23225145  2.16176291 27.55619161 27.3764449 ]
343.0;[26.82681623  8.35827048  4.54309206 25.85837017]
320.0;[ 0.74434093  0.54738747 14.56220851 15.51843837]
334.0;[11.45569437  4.51687062  0.301026   19.96030142]
214.0;[18.13923528  4.40431636 20.54854536  1.97070697]
300.0;[ 2.49618481 13.88499802 29.32933756 15.45087938]
371.0;[16.82721096 28.20517992 21.44401372 15.24506333]
423.0;[ 3.22297259 15.70192108 19.89409745  7.08190619]
282.0;[ 5.41131498  2.90153725  4.69223956 13.39337053]
401.0;[ 7.60148319 23.81476499 13.21595381 14.35634321]
329.0;[29.21322415 28.37254569 19.46543742 13.85322679]
392.0;[ 5.08831145 13.73582179 22.87926508 26.70904212]
373.0;[ 7.32520386 11.72420333 29.07425143 20.34551381]
264.0;[14.42049989  3.88328374 28.68445834 29.52433629]
349.0;[12.50478351 15.84602954  1.14062316  3.22798094]
309.0;[ 1.3056781  14.88543578  8.73269769 20.37251682]
397.0;[ 5.40672471 24.46108177 19.89685586 22.67712308]
260.0;[29.14263793  2.97949739  4.22611491  5.3001447 ]
388.0;[ 7.54161103  2.63596967 23.34813613 10.23033289]
180.0;[27.43706869  1.16711995  0.23475295  1.18208127]
287.0;[ 9.76957374 21.99913296  1.66963226 20.5488866 ]
360.0;[10.09966796  5.12317214  7.9199791  28.62938764]
143.0;[ 0.71947286 23.66949094  3.65897372 29.9602758 ]
449.0;[19.70225315 14.98462511  7.91881543  9.43044672]
372.0;[22.28725724  3.10535035 10.59658115  7.64561499]
365.0;[ 4.97905447 10.62409744 14.52154554  7.18771837]
385.0;[26.18109676 24.38728585 12.35710242 20.21661185]
270.0;[11.85779871  1.04334366 25.47912774 28.36261846]
287.0;[ 4.20906672  1.37909889 27.37936406  9.08515746]
368.0;[ 3.86302754 18.45462555 13.98474021  3.14818186]
453.0;[11.86828828  9.6122358  15.92090727 24.01084262]
314.0;[21.20007017  8.01082144 25.3059043  13.56151887]
240.0;[28.69749651 28.607658   10.4413333   1.05309412]
321.0;[20.95712217  4.49737739  4.67307563 28.58846013]
341.0;[16.15091352  5.01946685 29.78219408 15.29036977]
460.0;[ 7.12398916 11.28985567 21.47220639 11.5703357 ]
401.0;[17.19277267 23.004232    3.91715871 16.57428943]
285.0;[ 7.18520434 13.51184505  0.30586932  7.56885505]
255.0;[ 8.24739264 29.49796704  0.61703524  6.82524699]
375.0;[14.3824958  24.37795962  6.70323335 17.75477231]
314.0;[12.32625982  9.66246902  9.02401543 11.57430333]
347.0;[ 0.99650056 26.04635756 18.46620238 19.83794343]
369.0;[15.01359378 26.38578934 13.28853168 15.11962641]
466.0;[ 8.15757772 22.02392146 14.59530804  6.06871693]
385.0;[25.55889314 14.26808189  9.19314944  3.91186033]
362.0;[23.57735164 29.26663634 13.03318917  7.64750604]
449.0;[13.88596773 21.82923167  5.75669064  8.65697525]
319.0;[10.03457457 23.92773603  1.1073825   1.7800103 ]
238.0;[ 1.41840177 12.08821339  5.21134889  3.84244337]
317.0;[ 0.25136687  8.48558847 18.30780858  3.93522661]
347.0;[ 9.93903833 17.6139222  15.77809422 29.65193925]
399.0;[20.40171754 21.24541285 18.43341414  1.14905067]
382.0;[29.37277041 20.91818489 10.38423163  8.91509559]
277.0;[28.97283918 22.19052888  0.38565445 14.53168624]
363.0;[ 2.13094688 14.59489791 14.99039383 14.55394914]
395.0;[20.59015176 10.08438179  3.52817944 25.69075267]
283.0;[15.5138358  13.3009094  15.79192255 11.20910632]
329.0;[ 0.12521656  1.04135489 13.37846594 21.47670755]
449.0;[ 8.1228316   7.72083122 23.25699464 23.56181344]
342.0;[22.71769487 10.09615762 29.6657977  23.67105637]
281.0;[13.30857779  4.96561988 11.68982975  8.88863938]
350.0;[15.19653417  6.12643643  0.6240351  10.13883986]
382.0;[10.71746952 18.75437174 13.09295306  0.39246754]
306.0;[16.34687826 27.02620112 23.47423329 21.04676851]
383.0;[ 8.6891314   5.72546818 11.57824782 27.40442781]
360.0;[19.0125474  11.89980764  2.39156479  2.88649191]
359.0;[28.78937729  3.04198048 11.55481537 21.42760699]
197.0;[27.96451516 18.69710692 29.57171213 27.92880601]
317.0;[17.36731141  3.03752973  8.1010627  29.85166808]
336.0;[11.26974011 13.19831151  0.26920413 19.55451575]
394.0;[ 8.18000204 23.71714707  6.47739514 12.87261489]
368.0;[ 3.47480281 12.76535627 24.47611486  5.96623373]
285.0;[ 0.43335669  7.23104716 24.56459842  3.3767865 ]
371.0;[14.25936952 21.33464729  5.44303426 19.9562771 ]
363.0;[ 4.66024854 11.72298999  8.92676146 27.27940579]
377.0;[ 6.58541989  1.88032743 22.64142526 10.09904902]
313.0;[28.32809134  5.28752265  3.41600914 11.83156911]
398.0;[13.75381475 16.75972628 25.20355353 17.08982456]
194.0;[11.36215207 27.85242347  6.86236621 29.21941988]
400.0;[24.78948928 18.9765268  20.75316242  5.34860243]
290.0;[11.62837047 18.08363729 13.0642806  19.38096236]
416.0;[18.76459225 27.22440907 11.94769514 10.55875067]
296.0;[ 0.65993744 28.60587835 19.01816424 24.46942955]
416.0;[ 2.56116704 12.38127953 19.80433368 20.54098128]
253.0;[19.34281767  1.58080162 24.83320832  7.50842929]
397.0;[15.02489245 14.77539609  9.15350397  5.09110955]
350.0;[ 7.15616164 17.2200118  26.83555916 28.93759091]
280.0;[ 4.37070022 15.8543285   2.29913843  5.01555631]
375.0;[ 6.04823979  1.84227242 22.01169906  8.28085721]
100.0;[29.26465687  0.81413677 28.26125589  2.28176728]
441.0;[21.62423145 22.23709045  4.28340734 15.81470054]
373.0;[ 4.88395032 12.95785043 11.06762715 26.98292715]
329.0;[29.19109314 14.13986829  6.06126774 24.56207594]
263.0;[21.27724204 27.24033048 26.02877101 19.4591801 ]
364.0;[ 0.540965    5.20885285 18.19891564 11.13500077]
385.0;[13.9223115  10.49104258 27.23330871  7.50943473]
295.0;[ 9.23414184 26.23987166 15.65498259 23.99531336]
426.0;[14.94568672 26.35959929 16.33813308 10.91705878]
347.0;[15.4550136  16.36725054  3.24635591  0.13644093]
375.0;[15.4022726  13.64703674 13.3056964  29.82688764]
313.0;[ 4.26628881  3.05875155 27.66347388 17.33018391]
428.0;[10.33953641  7.96259974 18.82882879 15.41107247]
366.0;[13.88405044  0.06166756 15.88145123 15.12481293]
349.0;[ 8.6332093  23.84635264 25.62818903  1.78217327]
247.0;[ 1.77935317  6.56372125 26.79192544 28.54322581]
386.0;[23.46694423 28.07787249  8.45010536 17.32241575]
427.0;[12.03637967 11.26116238 14.60471632 24.81156401]
375.0;[22.16385307  1.098809   17.59716351 15.62432243]
310.0;[18.51809753 26.69156469 14.60023783 20.68573431]
421.0;[ 9.47792638 24.62334958 23.83009095 21.08654531]
290.0;[26.34210383 29.62243893  7.17003431 25.53487425]
347.0;[12.08253267 11.08498946  5.69600545  8.37090273]
256.0;[27.88657752  0.54626524 14.22464267 27.31590185]
393.0;[21.86192438 26.4676412  10.42892422 19.01139328]
244.0;[ 2.91616893  1.73868762  7.41318898 28.46078242]
295.0;[27.54159659 12.60750394  7.17537204  0.97151827]
263.0;[ 4.89252045 11.10745703  0.27050379 19.05812983]
345.0;[ 5.16496357  9.44801586 24.9950294  28.11332752]
424.0;[11.04911424  3.90254013  9.00841749 22.97913183]
415.0;[26.51175948 20.77656892 11.80340697 21.99576172]
387.0;[24.58326464 11.80742005 12.0033366   4.29315851]
346.0;[ 6.40823384 10.82842804 12.91849217 13.18207045]
317.0;[27.04291506 17.20404548  1.3204439  13.57248357]
432.0;[ 7.96917461 25.95818406 22.29045114  9.7530623 ]
342.0;[ 4.61097026  3.20729954 24.7160368   6.0060667 ]
368.0;[11.7744956  25.50278854  8.07344981  2.24689947]
373.0;[18.31642213 22.80226489  0.05271964  9.65958833]
298.0;[13.18777829  2.47353948 16.54211375  9.54821337]
266.0;[29.3845369  16.86795701 19.74387841  0.37667174]
292.0;[19.72913591  3.36495907  5.09328137  1.29497966]
366.0;[19.01758024 24.91779254  1.46498279 17.01155188]
333.0;[24.06541942  3.77420919  7.63336736 26.04230783]
436.0;[ 7.99115944 23.06227547 24.13086241 19.314096  ]
351.0;[17.07790849  1.77933908  4.62499274 19.52243343]
269.0;[ 8.93152898 14.86914216  0.6396386  14.08328599]
432.0;[25.72604045 17.365385    7.47167864  7.49889938]
333.0;[17.93081729 29.60922129 25.68796755 13.72470566]
269.0;[25.13596067 15.17580919 27.16469819 27.6809722 ]
294.0;[23.24540352  5.91505356  0.63280072 26.42500622]
453.0;[20.94096614 12.30012168  5.35018652  8.06143998]
212.0;[27.75838746 17.70142972 28.35490344 28.10942012]
338.0;[ 0.73542753  2.6503809  14.82968331 14.26307597]
287.0;[20.65552338 24.42857523  0.13694154 29.52402931]
381.0;[17.91376953 17.08849075 26.86785355  9.18005284]
203.0;[14.98834806 27.093992   18.54305915 28.07333135]
320.0;[ 8.80321629 22.38392454  7.4108619  17.45000506]
427.0;[ 5.59167298 13.47791272 18.17694652 15.27120063]
368.0;[21.57412589  5.51538765 27.80835275 19.07646987]
353.0;[ 7.99966619 10.85708417  1.97455289 23.53024341]
433.0;[ 9.40201809 20.2468338  26.53955532 17.36381414]
256.0;[29.78557772  2.95695096 12.43062663 27.98337435]
240.0;[17.5551522  26.93812776 28.65475988 26.97333111]
334.0;[ 2.69362197 17.00359328 27.38870126  8.00669213]
323.0;[25.62361694 17.71782362  6.6224666  29.65818036]
372.0;[21.05025214 17.23778498 10.3701813  29.1039634 ]
426.0;[21.5015841   5.99940654  5.65436584  8.6276446 ]
424.0;[ 7.09268158  8.92348786 26.3004135  14.80010739]
247.0;[25.03985423 18.72835404 25.15459254 23.44569561]
292.0;[ 2.94554349 25.53269874  4.74291178  4.3680395 ]
274.0;[ 9.85642809  9.37890353  8.16637223 10.13187969]
347.0;[26.03208348  0.31511883  8.03106956 14.84467078]
303.0;[23.84492193  2.48204557 13.17717007  5.69462648]
385.0;[18.98313985 26.09010842 14.01687948  4.40386035]
294.0;[ 8.25735237 21.55210466 11.6204365  23.33724795]
429.0;[24.82780894  9.34787033 15.04569051 19.66795608]
330.0;[15.83713562 22.90546234  1.0012191   1.46810056]
349.0;[25.12649976 21.20479669 26.71140375  8.08190244]
337.0;[ 2.15955107 16.40871406  8.97895263  5.2123018 ]
248.0;[26.75759427 29.36994325  1.55390599 21.96075155]
386.0;[23.73465297  1.65171834 13.36680072 19.00136527]
357.0;[22.38944709 24.42562622 13.13717718  1.61839433]
365.0;[27.86267556 20.3198101  15.82286607 18.56805535]
430.0;[ 6.34657351 16.77436138 25.34810921 18.31282132]
374.0;[12.0079226  12.42461938 10.37119498 19.9905787 ]
378.0;[24.10239585 28.00714212  9.8093335   8.0141504 ]
386.0;[14.4105245  18.89792271 13.23947441 10.95891745]
408.0;[ 4.05605779 12.08242463 24.12773463 22.57574192]
382.0;[18.28158229 29.57110137 20.58621021 10.77700068]
256.0;[20.21818563 25.28360295 24.22432728 22.38424849]
436.0;[17.61716513 19.02321276 17.7530689   5.75370147]
351.0;[20.11664522 25.71810168 11.54074149  1.96983555]
303.0;[ 4.1526473  26.90196273  3.03319609  5.73971103]
401.0;[24.8052171  13.97015558 14.98593303 18.03015634]
266.0;[17.94584581  8.59881051 18.72245471  8.82468481]
385.0;[12.44209144 25.85383468 15.97007617  3.77829513]
241.0;[ 5.54446258 29.33116498  3.84741687 18.13877678]
286.0;[22.73630007 12.62001278 28.06883927  2.0486985 ]
257.0;[8.85726894 7.49139098 9.76976065 3.44816998]
379.0;[ 6.38942699  8.27822419 15.51976338 28.773763  ]
408.0;[ 9.60541624 16.82714711 25.15187912  4.65797157]
223.0;[25.5402097   4.41005854 21.48898339  5.14520327]
390.0;[11.24663693  4.14718136 23.35460419  9.20131531]
389.0;[25.77548756 14.23288242 14.77342467  5.62340387]
399.0;[ 1.29919965 12.42039878 18.90584997 14.17182917]
262.0;[ 9.75010084  0.53374996 28.02564183 24.52677074]
402.0;[ 4.69328575 20.01486347 21.63594493  4.88745447]
297.0;[24.22419152 19.45281163 28.07240837 10.13753718]
178.0;[4.66433266 0.90298797 0.43596717 9.42335471]
317.0;[29.02043825 16.61077585  3.6439774  21.05201039]
353.0;[18.51110717 25.26418486 14.71379026 17.0430702 ]
435.0;[10.01095746 23.93051477  5.36330271  8.51367036]
289.0;[ 9.42222677  3.40108192  3.33240817 11.58228778]
317.0;[ 1.19795234 20.19013885 17.16880489  2.92366832]
382.0;[12.00109899 10.51671757  2.91928231 25.7025344 ]
377.0;[14.66610173  8.1328055   7.96346093 29.42730814]
270.0;[ 1.51184696 23.4996969  29.55375752 14.86890056]
290.0;[13.8656749  21.66616007 16.70216317 25.7597404 ]
456.0;[12.26774615 24.38231131  9.63247581  7.66950952]
271.0;[15.73779808  4.93173947  5.64552715  1.99220287]
272.0;[26.14357268  5.47652541 29.75012332 24.48896182]
359.0;[ 1.56729142 26.20239258 11.05137077  9.70626294]
348.0;[29.50660649 16.62195681 18.65678318  8.52815359]
331.0;[10.96888767 19.96530857  1.99908168 13.02373102]
399.0;[ 7.67431186 15.5691474  25.47191866  4.03112775]
381.0;[28.07645726 11.02547013  7.55938214 22.41480768]
438.0;[10.47739218 22.39842935  8.577337   10.66070878]
383.0;[24.46191699  8.86942123  8.64491167 27.33602025]
341.0;[20.04870923 15.41634606 27.78863132  3.78342396]
368.0;[ 3.60963976  9.14993426 24.2451818  24.1117091 ]
430.0;[25.09919106 21.64119332  6.54928546  9.70816485]
232.0;[22.24243184 29.41880879 26.10572628 20.47546162]
399.0;[ 9.92113816 18.09872135 28.73975299  9.08557189]
363.0;[ 4.8834283   5.71795236  4.45419054 22.58670187]
365.0;[26.35098436 21.59793157 24.11865421  7.36498607]
349.0;[29.30122851 15.58600864 10.68423495  5.22830787]
319.0;[ 8.00614928 21.30981042  1.49335139 14.37267549]
278.0;[ 5.47614508 25.10894681 18.43228898 29.8102977 ]
404.0;[24.3348565  23.54487191  8.53740118 24.51645136]
404.0;[16.15207835  9.23696961 26.39943045 19.90787418]
316.0;[18.3944088   5.03237597 14.29104273  9.74155268]
352.0;[25.30472889 22.03753045  2.16065985 22.2204912 ]
354.0;[17.02580743 19.62537297 11.76777262 20.86847092]
441.0;[15.01065401 25.01228935 11.05584737  7.73561501]
334.0;[ 3.34668488 20.49595783 28.46529534 20.37453726]
308.0;[10.30875468 19.8161412   4.47901604 23.73506291]
343.0;[ 7.56650697 13.95288712 10.73105798  8.85992265]
152.0;[2.42508447 6.11555062 0.29394511 3.45107355]
338.0;[21.1892626  15.63070705 20.28259144 20.13887242]
389.0;[27.00161001 14.33701254 13.31273009 12.40624664]
197.0;[ 8.96404758 27.99236052  6.38242636 25.48704395]
281.0;[17.10686192  2.82719     4.08646151  3.96375045]
341.0;[19.52283431 19.38958157 24.33039024 14.38748408]
468.0;[21.16258407  9.79124863  7.53210933 13.09667713]
461.0;[12.92888693 21.14925097 11.91056836  7.64378666]
253.0;[24.11612425 27.94496037 26.69745399  1.85282505]
381.0;[23.77224664  2.44625106  6.31514497 13.89355098]
266.0;[7.15513527 5.7268057  6.51847439 9.14440959]
371.0;[13.82175499 25.60582591 24.86297138 19.77853847]
159.0;[25.52118153 25.506003   25.46026723 29.3772271 ]
256.0;[ 7.97729942 11.19128004  7.43202497 10.70770614]
179.0;[1.97512377 8.43875912 3.61009958 4.77061224]
396.0;[15.40139395 10.33851953 27.74182061 19.37966102]
244.0;[9.53185206 3.33112183 3.22000945 7.3106971 ]
334.0;[25.76240937 16.54071836  0.70387673 18.47153615]
390.0;[27.43815016  5.26592563 11.92997298 12.68248173]
138.0;[ 1.28056217 23.70318407  0.36532594 26.36138649]
460.0;[16.57290956  6.97228148 16.37359683 22.26263595]
363.0;[ 6.50830704 13.21477165 13.25357787  3.44644646]
436.0;[10.15936271  9.14631863 13.76831859 20.41336373]
399.0;[16.26298614  1.83040168 11.66490433 21.69324968]
214.0;[27.99618323 14.79389071 29.38542733  8.31997505]
178.0;[28.70858094 23.66175068 29.19028647 18.94621182]
377.0;[17.62255454 20.86733222  3.52269046 25.11394571]
255.0;[6.84244297 2.28087433 9.90251525 7.71759946]
408.0;[11.77459351  8.62602439  3.42120384 20.94811038]
334.0;[16.69446248 25.82051955 10.83187413  0.64211638]
278.0;[24.2181368   7.36889819 29.13944325 29.78112424]
232.0;[ 3.41114562  1.68298902 29.13905928  6.27036573]
190.0;[23.83238567  3.72206794 20.34598409  1.79175671]
381.0;[12.64289741  6.33213203 27.93394787 23.40521086]
316.0;[ 5.97244195  0.62585609 13.4889504  25.5184161 ]
389.0;[10.72883089 18.0814194   8.83358206 10.28598871]
236.0;[ 6.69541914 24.3309074   7.09623274 22.57763616]
388.0;[17.79261209 14.28811632 10.90834744 18.07599623]
445.0;[ 8.87919001 23.85299018 24.93737922 10.05492642]
311.0;[11.10494399 27.14919473 22.40950927  1.73767715]
364.0;[19.22498541 20.09007192 24.26709737  0.32728202]
288.0;[ 9.76329418 20.0086011  10.19454444 27.35030319]
400.0;[17.86865754 26.26259406 18.05760076  5.29460565]
402.0;[10.64940506 12.57420433 19.69439035 11.24547167]
454.0;[18.74182473 17.52674587  6.23498045  7.81462005]
291.0;[14.92124499  1.45487773 28.65548556  9.11732314]
299.0;[10.25189405  8.84332009  8.67858802 10.39001537]
334.0;[13.55474083 15.95780238 18.49013483 15.63544656]
420.0;[19.76469741 12.07826715  5.5545212  25.44730337]
379.0;[10.86837466 14.72641178 14.62381096  4.53573815]
403.0;[20.86028132  8.26577809 26.63808605 24.04675403]
260.0;[24.90328345 19.50607972 23.75424516 22.84074262]
372.0;[ 2.41661699 13.61246638 14.9829358   7.40097228]
321.0;[ 6.74542649  1.97435443 26.22244799 13.46142658]
248.0;[ 4.04856325 28.80234838  6.54131745 20.40638527]
242.0;[23.59445426 20.55915725 28.38037648 26.23774223]
383.0;[25.66083152 13.26341273  4.65390601  6.08935798]
266.0;[29.14816991 18.96863542  0.97351686  9.99758745]
359.0;[15.8052001  16.62546869 13.82433808 10.69888001]
408.0;[24.04532804 11.42915835 14.05062803 17.62113067]
280.0;[18.24515357  7.42393209 22.32956065  4.21429555]
436.0;[ 6.66511048  7.33666516 12.28784583 24.40497117]
281.0;[ 8.83362868 18.07035348  1.31467955 21.0610621 ]
338.0;[11.24624035 14.57968784 10.09272067 19.48200329]
358.0;[24.29665216  1.53189723  6.82519139 13.63252038]
388.0;[11.39167926  9.65680659  2.81516206 20.48163116]
330.0;[25.61711017  8.93308725 24.92421663 17.80372648]
293.0;[ 2.55046887  5.03225198 11.958202   28.13819607]
381.0;[15.11462214 17.07236194  1.80208954 12.80279712]
329.0;[20.13615577 19.53025187 16.02992436 17.22871462]
254.0;[19.1328699  23.82876728 18.78849679 22.54230515]
302.0;[23.59653817  2.22919249 20.24524725 28.46294624]
374.0;[29.58313785 16.11424461 14.04181735 10.62332551]
254.0;[ 6.54578187 12.70034598  7.01337279 11.84417768]
321.0;[ 5.38013284 25.52849456 15.41006704  1.33222327]
247.0;[1.21501478 6.07676843 7.42608908 8.85642068]
377.0;[ 7.15517248  0.29528247 12.69777372 17.12394712]
393.0;[22.17086214  1.19694624 19.69508639 20.56550365]
362.0;[18.89841431 29.08664724 11.10040898  6.98813738]
291.0;[ 7.64133678 13.63629396 10.055717   13.17677861]
302.0;[11.15676589 10.02162302 10.85455148  6.0906047 ]
380.0;[27.90212491 14.3352085  14.52741461 17.58297956]
314.0;[ 0.39363956  3.86333907 15.20369799 24.29893294]
306.0;[ 9.00778021 18.14450499 10.54047386 21.47112061]
218.0;[9.12781328 5.66115628 9.54085698 1.5307026 ]
300.0;[ 0.85407186  5.81928077 10.57476184 10.05344991]
458.0;[ 8.57418217 18.98760636 21.11700659 19.35957104]
328.0;[12.84856459 22.93384384  5.84563311 21.97703518]
398.0;[15.9432639   3.43135699  9.95792201 15.29422353]
381.0;[14.86034655 13.42770909  1.53281889 22.26021714]
416.0;[21.96994435 10.95952854 13.35628873 27.22696901]
458.0;[ 8.39687002 23.19614537 17.75316789 11.09628538]
356.0;[19.88089636 18.18387457  0.57835038 25.11270771]
390.0;[ 6.96029274 20.21671559 21.36739007 27.82166414]
334.0;[14.37777981 23.78846332 21.27561896 23.64021809]
279.0;[20.12443165  0.19040122 25.05587764 26.38632243]
263.0;[23.34736242  0.47555882 12.68114055  3.61316636]
369.0;[15.89523335 14.22736121 24.46963713 13.75645563]
329.0;[27.83046188  3.44465674  5.12549125 22.21833617]
417.0;[ 4.05935614 20.48937084 24.03408303 14.6819626 ]
373.0;[ 4.73766162 27.69979171  7.46375372 10.05347726]
240.0;[ 1.13328589  1.26379819  1.90131992 20.76242123]
252.0;[18.63214375  0.18625891  6.29163335  2.06442947]
294.0;[11.35393266  0.12967021  2.07338392 14.17058358]
280.0;[27.67429443 20.61505673 22.90788037 16.84324335]
462.0;[21.44655072 11.58816702  6.17463069 13.90345125]
368.0;[18.71890294 19.64681442 18.37569627 12.22418272]
326.0;[ 7.15029596  1.24292817  4.08823778 23.54504638]
252.0;[ 1.4511472  18.89817728  1.01663735  7.46151325]
292.0;[ 9.31112395 11.6085131   2.47897307 13.08555064]
283.0;[19.63613391  1.43277195  4.03542271 27.70795126]
398.0;[16.97525241 24.63532345  6.82727259  4.06191639]
346.0;[ 6.01541218  5.82977775 28.89132791 11.97397865]
426.0;[11.34770114 23.32747715 20.12530691 15.18180585]
245.0;[17.94453443 25.27446917 21.75843009 26.26970935]
386.0;[25.76874148 26.45611762 11.13234784 18.47611844]
396.0;[ 8.85037336  2.22578411 21.76773924  9.97341832]
344.0;[16.38786741  8.51351642 29.05705797 10.53175213]
445.0;[23.17564837 24.11900311 13.55982015  8.48606556]
283.0;[ 3.77104247  7.06217211 25.91988375 29.14408392]
398.0;[15.14029468  8.80263745 10.35963483 15.45495368]
382.0;[ 4.47308116 27.75483494 21.74968927 14.94480809]
432.0;[15.55033592  9.72469495 14.43252714 20.52762209]
336.0;[19.42925555 11.67662031 13.93499984  0.4366786 ]
373.0;[10.50237758 29.53067573 11.87099955  7.59736336]
398.0;[13.36035541  2.59386617 14.33774283 17.45558018]
383.0;[17.94639279  9.55929122  3.97355957 26.94601664]
368.0;[26.98373656 17.58718905 12.20837519  3.24574556]
347.0;[20.61604579 17.15596472  3.18991805 29.54096195]
308.0;[ 5.1380964  12.44649689  7.72782162 17.60672443]
251.0;[ 5.49962901 25.86744355 12.57475306 26.53288596]
363.0;[10.18373182 28.67676449 13.24793999 15.79466375]
404.0;[10.23962401 19.67535159 19.68646704 17.61516133]
325.0;[ 2.21340782  7.97320528 15.14959624  4.94002549]
374.0;[16.28693594  9.55571262  9.41702034 11.78185212]
430.0;[ 4.82204948 21.70583001 23.76674738 13.30954101]
296.0;[ 9.84197228  2.07265919 28.63917579  5.92564509]
298.0;[26.39719336 22.27684316  6.02564855  0.63628621]
445.0;[17.73001565 19.6991245   5.22552807 10.8267508 ]
349.0;[24.48259958 16.27188456  8.55446061 29.90324274]
338.0;[ 5.30728583 25.60059826 17.80422618  2.07711897]
462.0;[10.88328815  7.96691267  8.73606946 23.57384159]
292.0;[17.20930759 28.93939891  2.96657102 23.47951515]
373.0;[20.91215596 19.65353042 11.14015349 26.51805063]
394.0;[ 2.07818329  8.11555331 12.48904495 19.48091687]
335.0;[13.44773626 22.93214559  0.72530366 20.84570827]
293.0;[29.29847611 13.92027401  2.38214871 22.39678059]
334.0;[ 1.83108163 20.79397458  9.36894673  3.33612221]
291.0;[17.62939621  4.41231035  4.91019376  1.60356891]
264.0;[28.76006657  0.70162597 24.92074383 24.60560567]
318.0;[19.56100402 12.12592957 28.7418754   5.67131941]
335.0;[16.69050359 11.83089436 24.81169743  1.09167663]
344.0;[24.15585307 29.59923913 15.86468927  6.48193475]
411.0;[ 5.44098609  4.78111385 22.59993772 16.66834441]
178.0;[29.51580545 12.14227015 27.593665   10.68944058]
304.0;[24.97898961  9.91827257 25.52804287 16.56055479]
266.0;[18.15530279 20.09686436 17.00426559 20.91856033]
373.0;[16.54913762 29.22517001 21.2800993   7.96074326]
382.0;[12.44898887 11.14548589 29.69560361 11.34027897]
405.0;[27.52100478 22.20490108 12.30481772 14.76352606]
461.0;[19.79117928 22.83729509 18.37696274  8.87116421]
377.0;[18.52964364 16.85194046 24.51441109  2.41081478]
357.0;[11.0250761   6.8743322   7.65739841 29.8574844 ]
351.0;[ 9.43217567  1.16944875 20.51755892 25.53539271]
311.0;[26.1979151   1.55657669 25.11661773 19.95756086]
417.0;[ 9.07522946 24.08156401 17.7002925   4.4943409 ]
366.0;[15.98594479 12.20677545  0.62684874 10.18999113]
264.0;[24.93242701  8.26225506 21.17962592  7.61036972]
341.0;[ 5.15679521  4.37886243 13.34084953 10.04250895]
347.0;[16.26561658 18.87542388 26.64996391  0.12957234]
351.0;[14.84719758 25.10007818  1.35264779 13.67921129]
377.0;[29.6413969  22.26411274 10.74042851 21.28223824]
351.0;[12.90104451 27.14436428 26.5475228  10.3483296 ]
338.0;[ 5.06937237 12.95337399 29.65188855  6.31099631]
223.0;[ 2.35001893  4.59145373 28.59289152  1.0775118 ]
267.0;[28.64286282  2.29964743 24.63040762 13.50994957]
201.0;[10.00916988  3.20989468 10.48954844  4.3686349 ]
303.0;[27.35344527  8.87264549 19.44086404  8.95951026]
356.0;[ 0.85528732  4.68091862 21.98112068 14.59332651]
393.0;[19.15853201 23.72836723 22.29124993 13.19724763]
360.0;[ 3.02013627 22.89117568 18.87489734  3.52106496]
282.0;[18.08972613 25.30975034  9.19732481 28.1998473 ]
313.0;[ 1.36778405 24.46892336 24.22041627  5.33981256]
222.0;[25.21871348 16.52229256 28.01075998 19.75212957]
383.0;[11.54003828 16.36848629 13.58909781  1.66201088]
251.0;[29.92395762  6.28421529  5.43019268  1.08243351]
266.0;[14.2237203  25.19775959 12.06044794 22.96638498]
299.0;[ 0.56385797  8.81328734  4.86930559 20.33008309]
373.0;[23.61476194 27.6288785  18.39681532 14.8413753 ]
268.0;[ 5.78279713 12.09098766  3.70699841  3.57842481]
360.0;[18.05798201 16.39621478  2.85991118 27.97523589]
245.0;[6.87917266 4.89983034 9.69868621 6.87945745]
183.0;[ 6.00623178 25.86260503  1.74419609 26.49390218]
338.0;[11.40434374 11.28612307  2.29963535 29.83196569]
403.0;[19.88810513 21.23175858 26.95861895  9.61106465]
243.0;[23.34613561 18.10979329 29.00105165 20.35338359]
281.0;[25.1036081  21.88404664  1.71610307  0.77392487]
382.0;[23.34528892  3.20723839 12.37730803 11.95611333]
257.0;[22.17747012 29.53425076  5.22753023 28.65000031]
390.0;[13.33504267  7.77731867 18.06897706 28.11049205]
264.0;[25.59629318  1.05971723  1.99890456 22.17228078]
397.0;[ 1.63706555 13.367888   17.07601857 20.19770866]
428.0;[ 8.52841199 13.57649795 16.31361666 20.73202475]
456.0;[17.72582074 24.13090646 21.48999446  7.17504657]
170.0;[23.19326231  3.73753528 28.94792568  3.0804938 ]
377.0;[ 8.06903135 17.91402428 14.55544145 23.58783496]
402.0;[ 4.80530736 16.55514449 25.88582125 12.96024156]
302.0;[28.87616113 19.40148542  6.86759191  2.23780606]
260.0;[23.8003831  28.65729305 28.46157777 15.41445724]
368.0;[13.49425324  4.64776258  2.95563527 21.40305525]
338.0;[ 3.95517895 29.1320323  14.37033024  7.88157362]
376.0;[ 7.46470362 25.98811836 26.06912335 20.85195011]
402.0;[17.1179039   4.47778553 16.26241987 25.19729135]
373.0;[ 5.73604416 12.49851768 26.59036497  5.22443917]
308.0;[ 0.71353923  4.70081107 25.71942281  8.43011374]
173.0;[ 0.08189715 17.75934092  1.32938992 14.27760585]
441.0;[10.10540836 24.40673384 16.67073701 11.99994074]
416.0;[ 2.07682142 14.04185931 19.60128688 19.00019293]
337.0;[12.15145115 17.66049241  5.48990291 16.86893332]
223.0;[28.55295353  0.130772   27.96017332 24.70947299]
236.0;[ 1.60946504  0.7551085  16.56067744  2.87083053]
421.0;[ 9.95729533 12.66246627 19.93634239  6.94037453]
362.0;[11.70842772 23.44677726  4.10063007  2.72049648]
306.0;[ 3.85383553 27.59579721 21.96884756 26.92622554]
317.0;[18.62561011 28.13628937  2.30438581 16.66488845]
328.0;[26.91077462 12.89539492  1.8034976   7.76923873]
329.0;[24.05858441  9.63708803 27.67818739 20.09401307]
392.0;[11.48447457  6.87845495 27.78423    11.10373376]
176.0;[7.26451266 3.97563047 7.73241318 2.78255362]
296.0;[29.78170035 28.0815368   5.35802901 17.18572584]
410.0;[ 4.22902058  6.25227378 18.70764611 10.1990325 ]
390.0;[19.68378377  3.75531818 24.90298194 18.61037879]
302.0;[ 1.51564835 18.82017371 23.38619163 27.97854942]
399.0;[20.72092261 17.80498364  1.62676201 19.47159434]
399.0;[18.41813868 16.79609928  1.0850871  20.83506785]
342.0;[23.88761298 17.49480999 25.88184016  1.4857239 ]
441.0;[ 8.91391466  7.21828594 25.76106659  8.67131814]
369.0;[28.50674044 23.55008064 22.46104293  8.365     ]
261.0;[21.00692861  4.88921779 23.05706899  8.11170589]
329.0;[20.37204586 19.49584194  1.48633346  0.40861211]
326.0;[10.41696778 27.89095872 17.97573724 21.85661768]
343.0;[10.06598641 20.47891168  7.2671759  15.36761559]
306.0;[14.95908378 22.42888761 23.67420647 29.57215798]
235.0;[ 0.32707491  1.67257558  5.96320472 10.89576816]
300.0;[ 2.99802258 17.38279623 15.86747316 29.09019667]
351.0;[19.45792911 28.89068027  4.16412924 12.34243696]
254.0;[19.45316561 25.99614334 12.04785087 29.66188044]
247.0;[25.29440236  6.82757673 22.31886002  8.67452995]
336.0;[ 4.38789608  1.42822587 24.4103552  17.50035874]
350.0;[ 8.02209208 20.25193989 14.99324161 22.97180014]
256.0;[25.36601325 11.75510015 24.53706694  7.33120688]
490.0;[ 8.50671889 18.74372704 21.29275344  8.40102099]
368.0;[ 3.43434594  6.67394424 10.41978459 25.49508758]
459.0;[22.11169388 18.76167041 11.7960983   6.4905208 ]
208.0;[23.97690562  5.3090817  21.91559145  0.40484892]
334.0;[ 9.69946385 14.74486804 14.95311439 14.15608796]
399.0;[11.55822572 16.0611792  28.62294723 20.98529755]
238.0;[ 0.12547155  0.29420876 20.97192161  2.95833532]
407.0;[27.36981503 10.65994664 14.66080833 22.06957461]
424.0;[26.56708163 15.78320248  7.99712707 10.27889391]
374.0;[16.03848353  9.22816899 11.21889888 14.9338303 ]
408.0;[13.74498882 13.79562085 23.88895756  6.75716872]
382.0;[ 2.03532824 25.25618003 18.31050736 14.10214433]
287.0;[ 8.61689771  1.17973312 28.7287924   6.51022818]
464.0;[15.7996288   6.21109918 12.88738251 21.44725682]
430.0;[19.99733635 12.17147537  3.21208347 18.40527784]
291.0;[15.75205667  4.49228626  1.10411208 28.79907408]
410.0;[10.35594118 23.63816401 16.53976554 14.31591391]
327.0;[ 7.17740647  2.1499538  15.09783068 27.54888318]
336.0;[ 5.24790261 20.61872842 28.48136906  4.65538514]
354.0;[11.33438245 19.03776167 17.51556662 18.41641065]
383.0;[ 3.31616581 26.2980918  12.61111247 10.8608094 ]
376.0;[ 8.54849618 26.58208148 14.55798329 16.6872208 ]
376.0;[14.17451453 19.03360272  2.60828273 14.81420174]
382.0;[ 0.2328999  14.36070034 18.73253226 17.9229756 ]
378.0;[10.35010572  8.0003397  28.50465894  5.54823503]
240.0;[ 1.36805426 29.61574099 22.41442099 27.32388744]
283.0;[ 3.5423101  18.44694367  9.41228952 27.1886095 ]
352.0;[ 7.90701532 18.50137489  2.81192219  3.31345902]
351.0;[ 1.04327184 12.21494213 25.82533504 18.27511837]
437.0;[18.66361932  6.26261198 22.12776102 19.98716328]
217.0;[10.99198501 26.49509232  0.89490725 26.69366875]
354.0;[13.58723164 10.50018353 19.59528496 11.83643673]
338.0;[ 5.01337399 19.00487071 16.46086744 28.41146694]
298.0;[15.75060477 24.39113748 23.33947532 25.81610627]
462.0;[18.03542819 20.63573276  8.78162734 11.03942571]
377.0;[10.20739694 22.70032541  1.2939972   6.72386225]
343.0;[26.04021354  7.15686214  2.95707243 19.37656593]
218.0;[16.42473571  1.3193593  26.50898701  2.64757957]
373.0;[17.2092288  15.6208789  26.53057814  8.98553261]
261.0;[ 7.00094424  1.525977   10.67875317  7.39677649]
347.0;[23.18431596  5.74959625 24.70891555 16.73689337]
413.0;[15.5778306  19.31933368  3.32279082 10.2029123 ]
403.0;[11.44898483  7.40002877 27.90220357 12.16468474]
341.0;[ 5.87395172 26.00966747 10.05558747  3.65737734]
291.0;[ 2.24276469 24.00870444 15.92840128 26.72872372]
360.0;[ 9.04284603  8.75146277 27.99898431  2.73401512]
277.0;[15.87802895 28.57854707  0.51261917 21.77836284]
445.0;[19.67376735 13.1956111  10.3800464  22.48076159]
317.0;[26.04311055 10.17446515  0.4349305  18.58670155]
261.0;[15.95824809  0.85737556  7.38582413 29.42902139]
275.0;[17.44369663 23.46429416 22.81532893 26.30763478]
330.0;[29.47720714 13.40677642 17.54629766 14.67539254]
137.0;[6.17913655 1.75099455 6.71887015 1.4665897 ]
337.0;[16.24147188 23.33474374 26.291196   20.30226686]
338.0;[ 2.34935687 29.99770162 13.64654681 11.60887866]
448.0;[21.36728789 20.88843912 14.15053207 10.64847184]
279.0;[22.35968955 18.45256733 26.7430476  23.34014291]
329.0;[16.49822617 14.82602231  1.19983231 29.78923461]
286.0;[28.88328161 29.25852944 20.37927051 19.1079529 ]
313.0;[13.35093021  7.3551125  20.40469858  2.9386755 ]
382.0;[19.85175332 12.18400179 12.48662213 29.79255657]
350.0;[22.63128327 28.07816939 14.96848042 18.17638453]
370.0;[14.19347637 14.99953608 10.44576565 29.92182664]
386.0;[16.82928238 19.32223201 15.03684015 11.78147843]
465.0;[21.59187177  9.34953597 10.11832386 24.60993584]
380.0;[21.64995652  8.910688   28.87022406 23.25274948]
334.0;[18.42622516 29.75968901 25.52408789 10.49641968]
360.0;[12.24138795 11.66094107  2.34636899 27.36987907]
383.0;[20.50180156 26.81440168 13.03478204 16.48525767]
334.0;[10.35334868  3.23475905  8.12781854 28.62273058]
416.0;[22.72113922  6.21315181 23.73079113 24.44136541]
354.0;[10.572349    9.27951746 16.39592602 10.16769429]
344.0;[15.84924219 19.20546863 20.46342063 21.11737573]
238.0;[ 0.07235254 29.26602634 23.64391336 26.78275497]
379.0;[21.37604267 23.53928995 12.66748962  1.95323735]
303.0;[29.12955547 19.85857317 19.59188021 17.58169657]
365.0;[ 5.90532065  3.00500649 18.01367108  7.77096876]
359.0;[17.23742029  2.58649797 25.30626504 16.2960965 ]
359.0;[ 9.05113471  7.27196462 17.45151341  6.86730043]
353.0;[ 7.22828886 15.59958147 12.96407701 19.46857319]
460.0;[ 6.30813772 19.85973203 22.7146908  19.88538599]
342.0;[20.2422704   6.45512844 11.70083501  4.1619864 ]
248.0;[ 9.07631717  1.65305517  1.71492454 10.69004524]
370.0;[ 6.02610762  4.62075653  7.60352939 16.64912518]
232.0;[26.19165931 27.86967076  3.26165976  1.77493785]
397.0;[ 7.69493841 26.38627252 20.71469603 21.25163003]
345.0;[24.84349747 10.66226014  5.10671713 28.88377915]
180.0;[ 1.05816829  1.35550729 10.421995    1.98912904]
406.0;[ 5.35952906  3.76975259 17.57514792 20.46236114]
336.0;[22.08466799 27.4097119   3.51829197 22.41913548]
310.0;[ 3.70947447 14.06394259  6.99094849 22.76835294]
421.0;[12.44124638 19.58792523 26.68998215 12.52468765]
194.0;[1.81664718 3.13424406 9.3445297  2.8558107 ]
362.0;[18.11123165 29.56794016  6.92786168 12.83957291]
399.0;[16.71249851  1.65891356 15.27276747 20.52473275]
357.0;[ 5.74762455 22.05838281 28.74419647 19.29019528]
349.0;[24.05256123 11.20849583  0.61207526 15.45891377]
326.0;[26.22167591 22.48657776  1.20557124 15.37869263]
422.0;[13.75851894 10.32533803 10.17067668 20.80764856]
338.0;[15.48931157 16.91257285  0.34016769  2.2839065 ]
258.0;[ 3.4959801  17.63261925  5.53771086 21.61683306]
436.0;[11.46602186 10.39344042 14.79905392 21.19032789]
392.0;[24.6933595  27.87348705  8.53564753 10.65797525]
392.0;[ 2.61111312  6.10940708 22.71615036 16.0766427 ]
289.0;[16.9262747   5.09148804 17.30730399  9.37561717]
429.0;[23.9570413  13.50021213 10.9040288   5.55849888]
387.0;[12.88917532 20.51421565 23.77262529 24.66395899]
432.0;[22.58630802 15.75607156 12.85881038  9.35153818]
246.0;[10.08061087  3.75673785 16.14937219  2.19030117]
290.0;[ 9.65524283 12.00850037 11.00500849 11.0284052 ]
346.0;[ 1.94475124 17.34468247 14.11792973 24.83979011]
291.0;[27.06203213 23.88219017 20.90025514 19.78599109]
167.0;[28.10495194  1.37661001 23.33788413  3.96855004]
347.0;[ 1.01703411 17.23129252 13.62441163 18.04470939]
450.0;[13.34527338  8.8704051  20.0899773  25.88261266]
334.0;[13.34699869  3.1300854  12.81701955 28.9386806 ]
242.0;[15.62708882  6.91332565 14.81556261  4.98702525]
397.0;[13.75634433 12.21841715  3.27663714 21.64324853]
282.0;[12.98012047 26.94918132 18.47229953 24.73028057]
353.0;[24.69190773 26.33359262 24.58606609  6.49217893]
283.0;[17.70077807 13.90939983 17.71836825 11.36623394]
221.0;[8.02028313 0.93939668 2.08982364 8.64121823]
337.0;[28.14636653 19.42547279 17.3083144  16.89819276]
243.0;[27.72820861  3.97071104 18.45271728  4.99938419]
359.0;[14.86772886 13.15319527 23.54384651  0.06001134]
347.0;[10.25115111 21.03978001  1.08816265 13.42342576]
359.0;[14.9462644  14.23799435 14.19110703  7.851281  ]
410.0;[ 4.32773617 12.7274953  17.32312857 12.54296569]
419.0;[11.48978333  9.07936762 13.33954807 19.59429027]
326.0;[ 4.06709794  4.97554767 27.14187442 18.97255792]
273.0;[ 7.07835154 10.50485372  3.14515009 13.08021476]
420.0;[17.98307657 16.50001842  5.69707201 12.56898284]
267.0;[17.52695205  0.33605549 26.50239337 26.32221768]
401.0;[26.04106761 20.62457651 13.1739855  16.00968303]
328.0;[ 3.28927264 11.45984692  7.25343703 28.05242022]
298.0;[22.41199     3.39342228  6.50404587 29.83516576]
227.0;[29.63021179 25.25188872 28.22896718  4.89469663]
410.0;[17.45528359  2.27002516  8.12860817 16.0898741 ]
191.0;[ 1.79307788  9.66244858  0.11581178 14.16222086]
344.0;[16.63419476 13.37311947 18.90797643  0.44250244]
371.0;[10.40787208  9.62505642  1.53652448 20.02600861]
342.0;[13.0537923   6.60111915 18.24045588 10.67127172]
248.0;[ 7.02792475 26.18046458 16.31859971 29.57436766]
413.0;[11.09075611  6.8059731  26.96688776 17.3474934 ]
230.0;[19.41756264 28.98337196 29.06561514  1.72178302]
342.0;[ 3.81674815  0.46598375 15.53949728 12.11450194]
353.0;[18.42556528 10.83577371 24.15988599 15.10947703]
271.0;[26.61746053  3.03747125 23.54184978 28.50269155]
382.0;[10.55510372 12.26497076 29.59620571  8.37559789]
424.0;[19.32239685 22.66608913 11.23681838  3.01092373]
434.0;[19.70516333 11.579633    9.71083142 16.01147832]
222.0;[14.14027862  0.80868553 26.78325412  2.74508484]
317.0;[28.06654436  8.30441642 23.24462021 26.33135814]
273.0;[24.70536088  4.625756   26.78034279 13.69328391]
262.0;[22.85207918  9.03352606 24.33206025  5.06413683]
359.0;[ 3.00401554  1.25950806 21.01583359 11.10168501]
444.0;[24.77979686 17.10381484 10.41806017 21.38769633]
370.0;[14.23677992 15.84601363  1.75483349  5.71840729]
276.0;[26.87529904 16.46006139 27.03096329  5.20436526]
259.0;[ 1.13403305 21.84165539  0.11901642  8.56436952]
239.0;[ 6.56105239 14.16079847  1.8530515  13.20358151]
324.0;[ 6.43241893 12.34816217 11.0927952  14.66550471]
277.0;[ 2.01692334  0.07499141 13.79151645  6.8331627 ]
234.0;[27.95513346  0.31652948 22.46452699  7.46740393]
272.0;[ 2.11859809 11.4996527   8.18681437  3.91630363]
318.0;[14.19158576 11.66896141 16.03819316  0.15983904]
233.0;[ 1.02520529 20.24890886  6.43944501 23.0836087 ]
334.0;[15.16318867  0.16714576 25.63246257 16.283961  ]
425.0;[23.80507505 13.23321289  5.9108477   6.12693582]
396.0;[ 5.3040133   9.86958187  6.91286228 22.39320566]
465.0;[18.99637317 24.83192096  9.35800404  8.22372582]
400.0;[13.37142093 24.95533371 26.41870973 10.48302003]
264.0;[13.16072506  3.11980933 29.51084471 28.33072652]
399.0;[21.72290584 19.65411837 21.95445771  1.67547335]
399.0;[ 1.56477146 14.32708877 20.07480651 18.52552854]
314.0;[10.9095187  28.02697044  5.6857224  17.23600197]
429.0;[11.70821879  7.61211649  4.19014888 21.63446721]
435.0;[ 8.67109428 25.73184721 14.19777419 11.36726385]
357.0;[16.90701992 11.25902396 26.58630755  8.84305042]
438.0;[10.65535028 20.17224563 17.69525976 11.52021094]
362.0;[27.1978154   4.4911937  19.98007142 23.02917551]
236.0;[20.6718323  29.99568962 15.61490138 25.65149452]
296.0;[20.06247469 28.1928956  25.25143455  3.50730018]
286.0;[27.56299379 19.16217449 20.14881766 19.67304676]
293.0;[ 9.05779096  0.3320006  22.84504234 27.90424004]
373.0;[27.95127213  4.7095292   8.20437461 22.41913163]
400.0;[26.37520488  8.15510064  5.61035718 19.9940568 ]
343.0;[ 3.03611697 22.00789582 27.81961086  9.60497649]
369.0;[22.87305034  6.03029451 15.75294353 11.51212734]
335.0;[22.52799367 16.11049254 22.61570006 24.16793901]
281.0;[ 7.57037635 18.82876385  9.96489054 19.88875054]
362.0;[17.12912939  6.96245455  0.44100933 12.97527028]
293.0;[20.80065803 28.24540296 24.10046525  2.77078089]
428.0;[14.85941085 13.94352589 21.27948697 21.7305624 ]
410.0;[19.58294694  6.83420077 10.64070522 12.23015761]
223.0;[ 5.01549429 15.45186501  1.44249105 14.0501988 ]
300.0;[ 9.7589661   1.5687373  28.40861083 13.80444722]
393.0;[ 6.88987289 17.36276021 20.57089151 27.60815549]
328.0;[22.32849962  9.23826104 25.06547916 16.73007733]
334.0;[ 1.48168716 18.4634989  12.73967141  3.84976834]
382.0;[19.23724858 29.84280647 17.61648096 11.57164574]
255.0;[29.37440009 10.73582717 27.25642584 25.91534541]
322.0;[14.96853276 22.5128856  20.92922434 24.51500542]
302.0;[11.90429775 10.23355048  2.21167152  0.60578438]
307.0;[15.53930141 25.61048755  0.98338892 23.5506141 ]
235.0;[14.98913838  0.56234073 11.60773749  5.80083783]
316.0;[11.76445161 10.10662722  3.3908099   4.93389925]
292.0;[ 0.26527038 11.71357909  9.94744782 14.90733766]
